run_path,dataset,model,seed,label,family,strength,NDCG@10,Recall@10,ExpDev,Tail,Tail/Head,l_exp_mean,l_exp_median,l_exp_p90,l_exp_p95,l_exp_frac_gt_tau,l_exp_tau,worst_group_ndcg,ndcg_gap,F_in,F_in_L2,F_in_JS,F_out,F_out_from_eval_catalog,F_out_L2,F_out_JS,q_in,E_out,T,M,phi,cal_mode_resolved,q_in_Head,E_out_Head,T_Head,q_in_UpperMid,E_out_UpperMid,T_UpperMid,q_in_LowerMid,E_out_LowerMid,T_LowerMid,q_in_Tail,E_out_Tail,T_Tail,l_exp_all_mean,l_exp_mean__semi_niche,l_exp_p90__semi_niche,l_exp_frac_gt_tau__semi_niche,n__semi_niche,l_exp_mean__niche,l_exp_p90__niche,l_exp_frac_gt_tau__niche,n__niche,l_exp_mean__mainstream,l_exp_p90__mainstream,l_exp_frac_gt_tau__mainstream,n__mainstream,l_exp_mean__semi_mainstream,l_exp_p90__semi_mainstream,l_exp_frac_gt_tau__semi_mainstream,n__semi_mainstream,F_in_0,F_out_0,U_0,InputGain,OutputGain,UtilityChange,RelativeUtilityLoss,regime
lastfm/weighted_bpr/seed_0/baseline,lastfm,weighted_bpr,0,baseline,baseline,0.0,0.1433854467937328,0.15314932767161904,0.4358630715329044,0.004777070063694267,0.004916152291468147,0.8851542080611978,0.9000170135541314,0.9000170135541314,0.9000170135541314,0.9989384288747346,0.2,0.07016280107126009,0.19308019060515197,0.6032541089172111,0.7257680495667904,0.23000558408121208,0.8717261430658088,0.8717261430658088,1.0178363421369063,0.4692575389901179,"[0.7032370953630797, 0.15142337976983647, 0.08030150077394171, 0.0650380240931422]","[0.9717091295116773, 0.018152866242038216, 0.005360934182590233, 0.004777070063694267]","[0.09998298644586855, 0.20002268473884194, 0.3000056711847105, 0.399988657630579]","[0.7032370953630797, 0.15142337976983647, 0.08030150077394171, 0.0650380240931422]","[1.0, 1.0, 1.0, 1.0]",baseline,0.7032370953630797,0.9717091295116773,0.09998298644586855,0.15142337976983647,0.018152866242038216,0.20002268473884194,0.08030150077394171,0.005360934182590233,0.3000056711847105,0.0650380240931422,0.004777070063694267,0.399988657630579,0.8851542080611978,0.9000170135541318,0.9000170135541314,1.0,473,0.8397986790408258,0.9000170135541314,0.9956989247311828,465,0.9000170135541318,0.9000170135541314,1.0,473,0.9000170135541318,0.9000170135541314,1.0,473,0.6032541089172111,0.8717261430658088,0.1433854467937328,0.0,0.0,0.0,0.0,BASELINE
lastfm/weighted_bpr/seed_0/kl_lam0.1,lastfm,weighted_bpr,0,kl_lam0.1,kl,0.1,0.11851700433102202,0.12670736022646772,0.3933471479660254,0.022876857749469213,0.02580065848545429,0.8253854810206159,0.9000170135541314,0.9000170135541314,0.9000170135541314,0.9893842887473461,0.2,0.02978659076361802,0.22758521311130211,0.09647563643166193,0.11166247102994126,0.009419474777026182,0.7866942959320508,0.7866942959320508,0.9246242013972237,0.36883101076288394,"[0.19645862287753052, 0.17384007159681208, 0.2632978749606655, 0.36640343056499197]","[0.8866772823779193, 0.06576433121019108, 0.024681528662420384, 0.022876857749469213]","[0.09998298644586855, 0.20002268473884194, 0.3000056711847105, 0.399988657630579]","[0.7032370953630797, 0.15142337976983647, 0.08030150077394171, 0.0650380240931422]","[0.10807142963741749, 0.44411815752460543, 1.2684263770945992, 2.179384035743378]",kl_projection,0.19645862287753052,0.8866772823779193,0.09998298644586855,0.17384007159681208,0.06576433121019108,0.20002268473884194,0.2632978749606655,0.024681528662420384,0.3000056711847105,0.36640343056499197,0.022876857749469213,0.399988657630579,0.8253854810206159,0.8767605761300197,0.9000170135541314,0.9978858350951374,473,0.6232309410080925,0.9000170135541314,0.9591397849462365,465,0.899171371571826,0.9000170135541314,1.0,473,0.8989599311017004,0.9000170135541314,1.0,473,0.6032541089172111,0.8717261430658088,0.1433854467937328,0.5067784724855492,0.085031847133758,-0.024868442462710777,0.17343770249211754,B_ATTENUATED
lastfm/weighted_bpr/seed_0/kl_lam0.5,lastfm,weighted_bpr,0,kl_lam0.5,kl,0.5,0.1270723798816014,0.13612880396319785,0.41834714796602535,0.014118895966029724,0.015073383577929167,0.854421146029635,0.9000170135541314,0.9000170135541314,0.9000170135541314,0.9909766454352441,0.2,0.04237938156036329,0.2151459203463364,0.2157522024757692,0.25206595940413873,0.03705242097453204,0.8366942959320507,0.8366942959320507,0.9787572583920757,0.4198020916449994,"[0.31573518892163777, 0.15939728500721181, 0.21119459314447422, 0.3136729329266762]","[0.9366772823779194, 0.03540339702760085, 0.013800424628450107, 0.014118895966029724]","[0.09998298644586855, 0.20002268473884194, 0.3000056711847105, 0.399988657630579]","[0.7032370953630797, 0.15142337976983647, 0.08030150077394171, 0.0650380240931422]","[0.20055636854580036, 0.4702223051247281, 1.1748282342712575, 2.154393092058214]",kl_projection,0.31573518892163777,0.9366772823779194,0.09998298644586855,0.15939728500721181,0.03540339702760085,0.20002268473884194,0.21119459314447422,0.013800424628450107,0.3000056711847105,0.3136729329266762,0.014118895966029724,0.399988657630579,0.854421146029635,0.8974800156682965,0.9000170135541314,1.0,473,0.717860853519397,0.9000170135541314,0.9634408602150538,465,0.9000170135541318,0.9000170135541314,1.0,473,0.9000170135541318,0.9000170135541314,1.0,473,0.6032541089172111,0.8717261430658088,0.1433854467937328,0.3875019064414419,0.035031847133758065,-0.016313066912131413,0.11377072971428252,B_ATTENUATED
lastfm/weighted_bpr/seed_0/kl_lam2.0,lastfm,weighted_bpr,0,kl_lam2.0,kl,2.0,0.13840086330749785,0.15074309978768416,0.4300244303439448,0.006528662420382166,0.006800464421953441,0.8753344192869408,0.9000170135541314,0.9000170135541314,0.9000170135541314,0.9994692144373672,0.2,0.06389051181561377,0.1969539455362922,0.4355284528727479,0.5273996510719782,0.12671815960553495,0.8600488606878895,0.8600488606878895,1.005149459105647,0.4528256350235544,"[0.5355114393186164, 0.17536458866350324, 0.1361042858925785, 0.15301968612530184]","[0.960031847133758, 0.025796178343949046, 0.007643312101910828, 0.006528662420382166]","[0.09998298644586855, 0.20002268473884194, 0.3000056711847105, 0.399988657630579]","[0.7032370953630797, 0.15142337976983647, 0.08030150077394171, 0.0650380240931422]","[0.5104459301969858, 0.7763038321381786, 1.136137523953108, 1.5771127137117271]",kl_projection,0.5355114393186164,0.960031847133758,0.09998298644586855,0.17536458866350324,0.025796178343949046,0.20002268473884194,0.1361042858925785,0.007643312101910828,0.3000056711847105,0.15301968612530184,0.006528662420382166,0.399988657630579,0.8753344192869408,0.8998055970636454,0.9000170135541314,1.0,473,0.8002277498995347,0.9000170135541314,0.9978494623655914,465,0.9000170135541318,0.9000170135541314,1.0,473,0.9000170135541318,0.9000170135541314,1.0,473,0.6032541089172111,0.8717261430658088,0.1433854467937328,0.1677256560444632,0.011677282377919207,-0.004984583486234956,0.034763524455906115,B_ATTENUATED
lastfm/weighted_bpr/seed_0/kl_lam8.0,lastfm,weighted_bpr,0,kl_lam8.0,kl,8.0,0.14306466020658395,0.15261854210898637,0.4342972541231379,0.004936305732484076,0.005096448925904427,0.8835617520372618,0.9000170135541314,0.9000170135541314,0.9000170135541314,0.9994692144373672,0.2,0.07073724699495108,0.19354071467590295,0.5640463446269299,0.6820234995674717,0.2047378772328601,0.8685945082462758,0.8685945082462758,1.014498944588351,0.4649932428098434,"[0.6640293310727985, 0.16343380705668634, 0.0935627971687406, 0.0789740647017745]","[0.9685774946921444, 0.02054140127388535, 0.0059447983014862, 0.004936305732484076]","[0.09998298644586855, 0.20002268473884194, 0.3000056711847105, 0.399988657630579]","[0.7032370953630797, 0.15142337976983647, 0.08030150077394171, 0.0650380240931422]","[0.8578246166995808, 0.9805324595468826, 1.05850410903867, 1.1031388147148666]",kl_projection,0.6640293310727985,0.9685774946921444,0.09998298644586855,0.16343380705668634,0.02054140127388535,0.20002268473884194,0.0935627971687406,0.0059447983014862,0.3000056711847105,0.0789740647017745,0.004936305732484076,0.399988657630579,0.8835617520372618,0.9000170135541318,0.9000170135541314,1.0,473,0.8333466636664271,0.9000170135541314,0.9978494623655914,465,0.9000170135541318,0.9000170135541314,1.0,473,0.9000170135541318,0.9000170135541314,1.0,473,0.6032541089172111,0.8717261430658088,0.1433854467937328,0.039207764290281166,0.0031316348195329358,-0.0003207865871488469,0.0022372325387409408,B_ATTENUATED
lastfm/weighted_bpr/seed_0/legacy_a0.1,lastfm,weighted_bpr,0,legacy_a0.1,legacy,0.1,0.14469033042071802,0.154821302193912,0.43302336877281944,0.005095541401273885,0.005274725274719815,0.8816508638081249,0.9000170135541314,0.9000170135541314,0.9000170135541314,0.9989384288747346,0.2,0.07153200710290691,0.1970336434532295,0.5401316419454345,0.6560389922196911,0.1910571556909459,0.8660467375456389,0.8660467375456389,1.0118049314181479,0.46177690525679,"[0.6401146283913031, 0.17224836639495833, 0.10135327468256732, 0.08628373053117139]","[0.9660297239915074, 0.022664543524416134, 0.006210191082802548, 0.005095541401273885]","[0.09998298644586855, 0.20002268473884194, 0.3000056711847105, 0.399988657630579]","[0.7032370953630797, 0.15142337976983647, 0.08030150077394171, 0.0650380240931422]","[0.8227775583865387, 1.0282261229124607, 1.140881610874551, 1.1991900936072342]",legacy_inverse_power,0.6401146283913031,0.9660297239915074,0.09998298644586855,0.17224836639495833,0.022664543524416134,0.20002268473884194,0.10135327468256732,0.006210191082802548,0.3000056711847105,0.08628373053117139,0.005095541401273885,0.399988657630579,0.8816508638081249,0.8998055970636454,0.9000170135541314,1.0,473,0.8258195380240738,0.9000170135541314,0.9956989247311828,465,0.9000170135541318,0.9000170135541314,1.0,473,0.9000170135541318,0.9000170135541314,1.0,473,0.6032541089172111,0.8717261430658088,0.1433854467937328,0.06312246697177659,0.005679405520169878,0.0013048836269852204,0.0,B_ATTENUATED
lastfm/weighted_bpr/seed_0/legacy_a0.2,lastfm,weighted_bpr,0,legacy_a0.2,legacy,0.2,0.1416289072014921,0.15217622080679247,0.43023674456899774,0.005626326963906581,0.005857971815412524,0.8769797943274428,0.9000170135541314,0.9000170135541314,0.9000170135541314,0.9978768577494692,0.2,0.06661345403011928,0.19926805309853632,0.4706970075875144,0.5788056750041469,0.1526618039150328,0.8604734891379955,0.8604734891379955,1.00582126669781,0.4544341936382087,"[0.570679994033383, 0.1919093804088556, 0.12529415844804861, 0.11211646710971283]","[0.9604564755838642, 0.02659235668789809, 0.00732484076433121, 0.005626326963906581]","[0.09998298644586855, 0.20002268473884194, 0.3000056711847105, 0.399988657630579]","[0.7032370953630797, 0.15142337976983647, 0.08030150077394171, 0.0650380240931422]","[0.6769629105845141, 1.0572489598395909, 1.3016108500317103, 1.4380568806057272]",legacy_inverse_power,0.570679994033383,0.9604564755838642,0.09998298644586855,0.1919093804088556,0.02659235668789809,0.20002268473884194,0.12529415844804861,0.00732484076433121,0.3000056711847105,0.11211646710971283,0.005626326963906581,0.399988657630579,0.8769797943274428,0.8998055970636454,0.9000170135541314,1.0,473,0.8068941726442784,0.9000170135541314,0.9913978494623656,465,0.9000170135541318,0.9000170135541314,1.0,473,0.9000170135541318,0.9000170135541314,1.0,473,0.6032541089172111,0.8717261430658088,0.1433854467937328,0.13255710132969667,0.011252653927813272,-0.0017565395922407023,0.01225047333267771,B_ATTENUATED
lastfm/weighted_bpr/seed_0/legacy_a0.4,lastfm,weighted_bpr,0,legacy_a0.4,legacy,0.4,0.134373098440906,0.14479830148619827,0.4230711394734563,0.006953290870488323,0.007349228611492934,0.8666290363693919,0.9000170135541314,0.9000170135541314,0.9000170135541314,0.9968152866242038,0.2,0.055566043141291675,0.20313308376016367,0.344985954584635,0.4116662192014376,0.08396282562574908,0.8461422789469126,0.8461422789469126,0.9908249843313461,0.43929295937807844,"[0.42289280830974857, 0.22209881745959686, 0.17851912931579342, 0.17648924491486107]","[0.9461252653927813, 0.03922505307855626, 0.007696390658174098, 0.006953290870488323]","[0.09998298644586855, 0.20002268473884194, 0.3000056711847105, 0.399988657630579]","[0.7032370953630797, 0.15142337976983647, 0.08030150077394171, 0.0650380240931422]","[0.4582787823070568, 1.117775363081897, 1.6941908049202714, 2.068007591857475]",legacy_inverse_power,0.42289280830974857,0.9461252653927813,0.09998298644586855,0.22209881745959686,0.03922505307855626,0.20002268473884194,0.17851912931579342,0.007696390658174098,0.3000056711847105,0.17648924491486107,0.006953290870488323,0.399988657630579,0.8666290363693919,0.8983256816302415,0.9000170135541314,1.0,473,0.7664622844873583,0.9000170135541314,0.9870967741935484,465,0.9000170135541318,0.9000170135541314,1.0,473,0.9000170135541318,0.9000170135541314,1.0,473,0.6032541089172111,0.8717261430658088,0.1433854467937328,0.2582681543325761,0.025583864118896127,-0.009012348352826799,0.06285399637378483,B_ATTENUATED
lastfm/weighted_bpr/seed_0/legacy_a0.8,lastfm,weighted_bpr,0,legacy_a0.8,legacy,0.8,0.11643252067196938,0.12495576786977988,0.3800775089002079,0.014543524416135881,0.016908361616765285,0.8259678912211386,0.9000170135541314,0.9000170135541314,0.9000170135541314,0.9941613588110403,0.2,0.027709638912909545,0.22817499019734758,0.09843054717587538,0.10926250033130547,0.007536289477072088,0.7601550178004158,0.7601550178004158,0.901651142214027,0.3636967435748092,"[0.1746780125145955, 0.22375820584599035, 0.2725996363310996, 0.32896414530831447]","[0.8601380042462845, 0.10313163481953291, 0.022186836518046708, 0.014543524416135881]","[0.09998298644586855, 0.20002268473884194, 0.3000056711847105, 0.399988657630579]","[0.7032370953630797, 0.15142337976983647, 0.08030150077394171, 0.0650380240931422]","[0.2100194423128388, 1.2494217623128665, 2.870282483476397, 4.276655399980153]",legacy_inverse_power,0.1746780125145955,0.8601380042462845,0.09998298644586855,0.22375820584599035,0.10313163481953291,0.20002268473884194,0.2725996363310996,0.022186836518046708,0.3000056711847105,0.32896414530831447,0.014543524416135881,0.399988657630579,0.8259678912211386,0.8634402821252531,0.9000170135541314,0.9978858350951374,473,0.6408605809366479,0.9000170135541314,0.978494623655914,465,0.8989599550813397,0.9000170135541314,1.0,473,0.8974799677090178,0.9000170135541314,1.0,473,0.6032541089172111,0.8717261430658088,0.1433854467937328,0.5048235617413357,0.11157112526539292,-0.02695292612176342,0.187975326118951,B_ATTENUATED
lastfm/weighted_bpr/seed_1/baseline,lastfm,weighted_bpr,1,baseline,baseline,0.0,0.14984401607019632,0.15702406227883767,0.43525266813587676,0.005626326963906581,0.0057974185079791496,0.8836148366138911,0.9000170135541314,0.9000170135541314,0.9000170135541314,0.9973460721868365,0.2,0.08285174238940717,0.18602898122253148,0.602904152661743,0.7258632234321333,0.23046121846949302,0.8705053362717535,0.8705053362717535,1.0162199875045155,0.4658920031746946,"[0.7028871391076116, 0.1526482266639747, 0.08069183659734841, 0.06377279763106534]","[0.9704883227176221, 0.016932059447983015, 0.006953290870488323, 0.005626326963906581]","[0.09998298644586855, 0.20002268473884194, 0.3000056711847105, 0.399988657630579]","[0.7028871391076116, 0.1526482266639747, 0.08069183659734841, 0.06377279763106534]","[1.0, 1.0, 1.0, 1.0]",baseline,0.7028871391076116,0.9704883227176221,0.09998298644586855,0.1526482266639747,0.016932059447983015,0.20002268473884194,0.08069183659734841,0.006953290870488323,0.3000056711847105,0.06377279763106534,0.005626326963906581,0.399988657630579,0.8836148366138911,0.9000170135541318,0.9000170135541314,1.0,473,0.8335617418220603,0.9000170135541314,0.989247311827957,465,0.9000170135541318,0.9000170135541314,1.0,473,0.9000170135541318,0.9000170135541314,1.0,473,0.602904152661743,0.8705053362717535,0.14984401607019632,0.0,0.0,0.0,0.0,BASELINE
lastfm/weighted_bpr/seed_1/kl_lam0.1,lastfm,weighted_bpr,1,kl_lam0.1,kl,0.1,0.11948011487431776,0.12541578202406142,0.39016243459022915,0.02685774946921444,0.0305094965329771,0.8224661875177827,0.9000170135541314,0.9000170135541314,0.9000170135541314,0.9851380042462845,0.2,0.0331176047351241,0.21889018207957195,0.0963935595894326,0.11157665991211811,0.009406180076643803,0.7803248691804583,0.7803248691804583,0.9165626853878179,0.35940952189322906,"[0.1963765460353012, 0.1739335840363637, 0.2631751894262955, 0.3665146805020397]","[0.880307855626327, 0.06369426751592357, 0.029140127388535032, 0.02685774946921444]","[0.09998298644586855, 0.20002268473884194, 0.3000056711847105, 0.399988657630579]","[0.7028871391076116, 0.1526482266639747, 0.08069183659734841, 0.06377279763106534]","[0.10717255481392714, 0.43709037798688183, 1.251108305906031, 2.2046287612931597]",kl_projection,0.1963765460353012,0.880307855626327,0.09998298644586855,0.1739335840363637,0.06369426751592357,0.20002268473884194,0.2631751894262955,0.029140127388535032,0.3000056711847105,0.3665146805020397,0.02685774946921444,0.399988657630579,0.8224661875177827,0.8828916423643015,0.9000170135541314,1.0,473,0.6038762486515692,0.9000170135541314,0.9397849462365592,465,0.9000170135541318,0.9000170135541314,1.0,473,0.8993827640826728,0.9000170135541314,1.0,473,0.602904152661743,0.8705053362717535,0.14984401607019632,0.5065105930723104,0.09018046709129524,-0.030363901195878562,0.20263672846070951,B_ATTENUATED
lastfm/weighted_bpr/seed_1/kl_lam0.5,lastfm,weighted_bpr,1,kl_lam0.5,kl,0.5,0.1314416323474366,0.13873849964614185,0.4153482095371506,0.01762208067940552,0.018934641268372493,0.8534654821717099,0.9000170135541314,0.9000170135541314,0.9000170135541314,0.9936305732484076,0.2,0.0552702111167506,0.1998183772357394,0.2152397605890091,0.25149141566891664,0.036927555722890054,0.8306964190743013,0.8306964190743013,0.971645083264978,0.41114920130705,"[0.3152227470348776, 0.15958237932734315, 0.21074388159519702, 0.31445099204258214]","[0.9306794055201698, 0.03641188959660297, 0.015286624203821656, 0.01762208067940552]","[0.09998298644586855, 0.20002268473884194, 0.3000056711847105, 0.399988657630579]","[0.7028871391076116, 0.1526482266639747, 0.08069183659734841, 0.06377279763106534]","[0.19851627207190145, 0.4627616183302614, 1.1560843790370658, 2.182637730560771]",kl_projection,0.3152227470348776,0.9306794055201698,0.09998298644586855,0.15958237932734315,0.03641188959660297,0.20002268473884194,0.21074388159519702,0.015286624203821656,0.3000056711847105,0.31445099204258214,0.01762208067940552,0.399988657630579,0.8534654821717099,0.8970571347280453,0.9000170135541314,1.0,473,0.7144190298127471,0.9000170135541314,0.9741935483870968,465,0.9000170135541318,0.9000170135541314,1.0,473,0.9000170135541318,0.9000170135541314,1.0,473,0.602904152661743,0.8705053362717535,0.14984401607019632,0.38766439207273395,0.039808917197452276,-0.018402383722759708,0.1228102676728771,B_ATTENUATED
lastfm/weighted_bpr/seed_1/kl_lam2.0,lastfm,weighted_bpr,1,kl_lam2.0,kl,2.0,0.14588596341929855,0.15261854210898634,0.42821975943099355,0.007855626326963907,0.008213552361387716,0.8743257551375095,0.9000170135541314,0.9000170135541314,0.9000170135541314,0.9957537154989384,0.2,0.07714155701132502,0.18860561864530007,0.4350394587500372,0.5271886901714842,0.12670027753047425,0.8564395188619871,0.8564395188619871,1.0010971934028108,0.44756059155006095,"[0.5350224451959058, 0.17628286932439624, 0.1363159927202898, 0.1523786927594082]","[0.9564225053078557, 0.027653927813163483, 0.008067940552016985, 0.007855626326963907]","[0.09998298644586855, 0.20002268473884194, 0.3000056711847105, 0.399988657630579]","[0.7028871391076116, 0.1526482266639747, 0.08069183659734841, 0.06377279763106534]","[0.5078966864541121, 0.7705615278763388, 1.1272135089184776, 1.594328276751071]",kl_projection,0.5350224451959058,0.9564225053078557,0.09998298644586855,0.17628286932439624,0.027653927813163483,0.20002268473884194,0.1363159927202898,0.008067940552016985,0.3000056711847105,0.1523786927594082,0.007855626326963907,0.399988657630579,0.8743257551375095,0.8995941805731591,0.9000170135541314,1.0,473,0.7963560869801186,0.9000170135541314,0.9827956989247312,465,0.9000170135541318,0.9000170135541314,1.0,473,0.9000170135541318,0.9000170135541314,1.0,473,0.602904152661743,0.8705053362717535,0.14984401607019632,0.16786469391170583,0.014065817409766423,-0.00395805265089777,0.026414485908089716,B_ATTENUATED
lastfm/weighted_bpr/seed_1/kl_lam8.0,lastfm,weighted_bpr,1,kl_lam8.0,kl,8.0,0.1503777193475437,0.15811217268223463,0.43358069361358376,0.0059447983014862,0.006146753745671709,0.8812262413783846,0.9000170135541314,0.9000170135541314,0.9000170135541314,0.9978768577494692,0.2,0.08406025356703262,0.1847627181531608,0.5637728324895577,0.6822616814876766,0.20521942931159262,0.8671613872271675,0.8671613872271675,1.0126318230422025,0.46128306146412507,"[0.6637558189354262, 0.16467762155492435, 0.09398958801506774, 0.07757697149458162]","[0.9671443736730361, 0.019426751592356687, 0.007484076433121019, 0.0059447983014862]","[0.09998298644586855, 0.20002268473884194, 0.3000056711847105, 0.399988657630579]","[0.7028871391076116, 0.1526482266639747, 0.08069183659734841, 0.06377279763106534]","[0.8576245100709343, 0.9797544895844228, 1.0578512056753209, 1.104769794669322]",kl_projection,0.6637558189354262,0.9671443736730361,0.09998298644586855,0.16467762155492435,0.019426751592356687,0.20002268473884194,0.09398958801506774,0.007484076433121019,0.3000056711847105,0.07757697149458162,0.0059447983014862,0.399988657630579,0.8812262413783846,0.9000170135541318,0.9000170135541314,1.0,473,0.8238840785452984,0.9000170135541314,0.9913978494623656,465,0.9000170135541318,0.9000170135541314,1.0,473,0.9000170135541318,0.9000170135541314,1.0,473,0.602904152661743,0.8705053362717535,0.14984401607019632,0.039131320172185347,0.0033439490445860143,0.0005337032773473915,0.0,B_ATTENUATED
lastfm/weighted_bpr/seed_1/legacy_a0.1,lastfm,weighted_bpr,1,legacy_a0.1,legacy,0.1,0.15005346415027646,0.1576875442321285,0.43225372970700204,0.00599787685774947,0.006218700126568865,0.8797930059723236,0.9000170135541314,0.9000170135541314,0.9000170135541314,0.9968152866242038,0.2,0.08352331889234228,0.18489092790799705,0.5399102795722442,0.65638754529838,0.19157812492940984,0.8645074594140041,0.8645074594140041,1.0098596899085572,0.4581139011455784,"[0.6398932660181129, 0.17351954558449903, 0.10180696117547271, 0.08478022722191543]","[0.9644904458598726, 0.02186836518046709, 0.007643312101910828, 0.00599787685774947]","[0.09998298644586855, 0.20002268473884194, 0.3000056711847105, 0.399988657630579]","[0.7028871391076116, 0.1526482266639747, 0.08069183659734841, 0.06377279763106534]","[0.8228185139889198, 1.0273980816491168, 1.1403285198315083, 1.2015482605513303]",legacy_inverse_power,0.6398932660181129,0.9644904458598726,0.09998298644586855,0.17351954558449903,0.02186836518046709,0.20002268473884194,0.10180696117547271,0.007643312101910828,0.3000056711847105,0.08478022722191543,0.00599787685774947,0.399988657630579,0.8797930059723236,0.9000170135541318,0.9000170135541314,1.0,473,0.8180771634807416,0.9000170135541314,0.9870967741935484,465,0.9000170135541318,0.9000170135541314,1.0,473,0.9000170135541318,0.9000170135541314,1.0,473,0.602904152661743,0.8705053362717535,0.14984401607019632,0.06299387308949878,0.00599787685774944,0.00020944808008013793,0.0,B_ATTENUATED
lastfm/weighted_bpr/seed_1/legacy_a0.2,lastfm,weighted_bpr,1,legacy_a0.2,legacy,0.2,0.14804078560932088,0.1554051663128079,0.4288036235498895,0.006316348195329087,0.0065960866914182,0.8757587828409457,0.9000170135541314,0.9000170135541314,0.9000170135541314,0.9968152866242038,0.2,0.08189892161491694,0.18283752721982952,0.4706110957767217,0.5794211678398308,0.1532057237691784,0.857607247099779,0.857607247099779,1.002667721058588,0.45043909972510854,"[0.5705940822225903, 0.19319808636754776, 0.1258123078457469, 0.11039552356411506]","[0.9575902335456475, 0.02829087048832272, 0.007802547770700637, 0.006316348195329087]","[0.09998298644586855, 0.20002268473884194, 0.3000056711847105, 0.399988657630579]","[0.7028871391076116, 0.1526482266639747, 0.08069183659734841, 0.06377279763106534]","[0.6770303069629342, 1.0555468181762853, 1.3003491331411188, 1.4437182224339276]",legacy_inverse_power,0.5705940822225903,0.9575902335456475,0.09998298644586855,0.19319808636754776,0.02829087048832272,0.20002268473884194,0.1258123078457469,0.007802547770700637,0.3000056711847105,0.11039552356411506,0.006316348195329087,0.399988657630579,0.8757587828409457,0.8995941326138803,0.9000170135541314,1.0,473,0.8021622092984257,0.9000170135541314,0.9870967741935484,465,0.9000170135541318,0.9000170135541314,1.0,473,0.9000170135541318,0.9000170135541314,1.0,473,0.602904152661743,0.8705053362717535,0.14984401607019632,0.1322930568850213,0.012898089171974547,-0.001803230460875438,0.012034050529122844,B_ATTENUATED
lastfm/weighted_bpr/seed_1/legacy_a0.4,lastfm,weighted_bpr,1,legacy_a0.4,legacy,0.4,0.14198100314274792,0.14955767869780454,0.4207622222760041,0.007484076433121019,0.00794903596796991,0.8657264902001086,0.9000170135541314,0.9000170135541314,0.9000170135541314,0.9941613588110403,0.2,0.07350805411768928,0.18791080184523595,0.3463223936265191,0.4127171153417515,0.08441883944736686,0.8415244445520083,0.8415244445520083,0.9856644178325693,0.4325196126732004,"[0.4230195150555836, 0.22330854975564604, 0.17914641891761332, 0.17452551627115706]","[0.9415074309978768, 0.04071125265392781, 0.01029723991507431, 0.007484076433121019]","[0.09998298644586855, 0.20002268473884194, 0.3000056711847105, 0.399988657630579]","[0.7028871391076116, 0.1526482266639747, 0.08069183659734841, 0.06377279763106534]","[0.4583700365463249, 1.11417908536208, 1.690907868060859, 2.0843223057877793]",legacy_inverse_power,0.4230195150555836,0.9415074309978768,0.09998298644586855,0.22330854975564604,0.04071125265392781,0.20002268473884194,0.17914641891761332,0.01029723991507431,0.3000056711847105,0.17452551627115706,0.007484076433121019,0.399988657630579,0.8657264902001086,0.8979027527307115,0.9000170135541314,1.0,473,0.763450775641225,0.9000170135541314,0.9763440860215054,465,0.9000170135541318,0.9000170135541314,1.0,473,0.8998055970636454,0.9000170135541314,1.0,473,0.602904152661743,0.8705053362717535,0.14984401607019632,0.2565817590352239,0.028980891719745272,-0.007863012927448398,0.05247465420150559,B_ATTENUATED
lastfm/weighted_bpr/seed_1/legacy_a0.8,lastfm,weighted_bpr,1,legacy_a0.8,legacy,0.8,0.11862500527054919,0.12552193913658793,0.3763089314055158,0.01634819532908705,0.019174500404634177,0.8209784798407446,0.9000170135541314,0.9000170135541314,0.9000170135541314,0.9904458598726115,0.2,0.03204010255772421,0.21922942151574482,0.09904615732408126,0.11002852899992327,0.007606856823401778,0.7526178628110316,0.7526178628110316,0.8932953081132635,0.35569852934749113,"[0.17477983243778705, 0.22427199607100473, 0.2730503713581102, 0.32789780013309805]","[0.8526008492569002, 0.1057855626326964, 0.02526539278131635, 0.01634819532908705]","[0.09998298644586855, 0.20002268473884194, 0.3000056711847105, 0.399988657630579]","[0.7028871391076116, 0.1526482266639747, 0.08069183659734841, 0.06377279763106534]","[0.21010309040347924, 1.2413950342582811, 2.8591694182701186, 4.344399474404485]",legacy_inverse_power,0.17477983243778705,0.8526008492569002,0.09998298644586855,0.22427199607100473,0.1057855626326964,0.20002268473884194,0.2730503713581102,0.02526539278131635,0.3000056711847105,0.32789780013309805,0.01634819532908705,0.399988657630579,0.8209784798407446,0.8632293092580953,0.9000170135541314,0.9978858350951374,473,0.6204298879971509,0.9000170135541314,0.9634408602150538,465,0.9000170135541318,0.9000170135541314,1.0,473,0.8968457661968379,0.9000170135541314,1.0,473,0.602904152661743,0.8705053362717535,0.14984401607019632,0.5038579953376617,0.11788747346072193,-0.03121901079964713,0.20834339347273095,B_ATTENUATED
lastfm/weighted_bpr/seed_2/baseline,lastfm,weighted_bpr,2,baseline,baseline,0.0,0.14873406955461663,0.15427282377919166,0.43488111824203385,0.006422505307855627,0.006622879036665311,0.8820756397571963,0.9000170135541314,0.9000170135541314,0.9000170135541314,0.9978768577494692,0.2,0.0763692705269525,0.1912818175488036,0.6033079483411292,0.7261312150976156,0.23048204652563453,0.8697622364840677,0.8697622364840677,1.0154531387184802,0.4653912300726843,"[0.7032909347869978, 0.15231173026448616, 0.07993808466249411, 0.06445925028602194]","[0.9697452229299363, 0.018418259023354564, 0.005414012738853503, 0.006422505307855627]","[0.09998298644586855, 0.20002268473884194, 0.3000056711847105, 0.399988657630579]","[0.7032909347869978, 0.15231173026448616, 0.07993808466249411, 0.06445925028602194]","[1.0, 1.0, 1.0, 1.0]",baseline,0.7032909347869978,0.9697452229299363,0.09998298644586855,0.15231173026448616,0.018418259023354564,0.20002268473884194,0.07993808466249411,0.005414012738853503,0.3000056711847105,0.06445925028602194,0.006422505307855627,0.399988657630579,0.8820756397571963,0.8993827640826728,0.9000170135541314,1.0,473,0.8279706732671941,0.9000170135541314,0.9913978494623656,465,0.9000170135541318,0.9000170135541314,1.0,473,0.9000170135541318,0.9000170135541314,1.0,473,0.6033079483411292,0.8697622364840677,0.14873406955461663,0.0,0.0,0.0,0.0,BASELINE
lastfm/weighted_bpr/seed_2/kl_lam0.1,lastfm,weighted_bpr,2,kl_lam0.1,kl,0.1,0.11641855124285502,0.12039985845718251,0.38732273183014426,0.027441613588110404,0.03137516688914971,0.8188566078874261,0.9000170135541314,0.9000170135541314,0.9000170135541314,0.9808917197452229,0.2,0.030504004362568227,0.2205507418226189,0.09646229880495819,0.11165271461526871,0.009417193349983822,0.7746454636602885,0.7746454636602885,0.9110506406320713,0.3564499687365049,"[0.1964452852508267, 0.17389975876266792, 0.2632340104116622, 0.366420945574843]","[0.8746284501061571, 0.07075371549893843, 0.027176220806794056, 0.027441613588110404]","[0.09998298644586855, 0.20002268473884194, 0.3000056711847105, 0.399988657630579]","[0.7032909347869978, 0.15231173026448616, 0.07993808466249411, 0.06445925028602194]","[0.10744668373631856, 0.43918960568254456, 1.2667026742654275, 2.18666103631571]",kl_projection,0.1964452852508267,0.8746284501061571,0.09998298644586855,0.17389975876266792,0.07075371549893843,0.20002268473884194,0.2632340104116622,0.027176220806794056,0.3000056711847105,0.366420945574843,0.027441613588110404,0.399988657630579,0.8188566078874261,0.871897721082983,0.9000170135541314,0.9978858350951374,473,0.6010799033337418,0.9000170135541314,0.9247311827956989,465,0.9000170135541318,0.9000170135541314,1.0,473,0.8987484666519354,0.9000170135541314,1.0,473,0.6033079483411292,0.8697622364840677,0.14873406955461663,0.5068456495361711,0.09511677282377917,-0.032315518311761604,0.21727045060039202,B_ATTENUATED
lastfm/weighted_bpr/seed_2/kl_lam0.5,lastfm,weighted_bpr,2,kl_lam0.5,kl,0.5,0.12773387503006192,0.13167905166312702,0.41518897386836084,0.01613588110403397,0.017343678685513078,0.851501575589969,0.9000170135541314,0.9000170135541314,0.9000170135541314,0.9930997876857749,0.2,0.045619544079387474,0.21115180144776455,0.21548408613309503,0.2517724322616895,0.036984633951885684,0.8303779477367217,0.8303779477367217,0.971623151303115,0.4117217922617609,"[0.31546707257896356, 0.15954084069096108, 0.2110392506148717, 0.3139528361152036]","[0.9303609341825902, 0.03795116772823779, 0.015552016985138004, 0.01613588110403397]","[0.09998298644586855, 0.20002268473884194, 0.3000056711847105, 0.399988657630579]","[0.7032909347869978, 0.15231173026448616, 0.07993808466249411, 0.06445925028602194]","[0.19921281493200324, 0.46519686625636236, 1.172486237839679, 2.1631040809719555]",kl_projection,0.31546707257896356,0.9303609341825902,0.09998298644586855,0.15954084069096108,0.03795116772823779,0.20002268473884194,0.2110392506148717,0.015552016985138004,0.3000056711847105,0.3139528361152036,0.01613588110403397,0.399988657630579,0.851501575589969,0.8945200409236528,0.9000170135541314,1.0,473,0.709042783295495,0.9000170135541314,0.9720430107526882,465,0.9000170135541318,0.9000170135541314,1.0,473,0.9000170135541318,0.9000170135541314,1.0,473,0.6033079483411292,0.8697622364840677,0.14873406955461663,0.3878238622080342,0.03938428874734601,-0.021000194524554705,0.14119289943077382,B_ATTENUATED
lastfm/weighted_bpr/seed_2/kl_lam2.0,lastfm,weighted_bpr,2,kl_lam2.0,kl,2.0,0.14276547092966468,0.14869072894550445,0.42877708427175787,0.0061571125265392785,0.006430155210636301,0.8752280755430702,0.9000170135541314,0.9000170135541314,0.9000170135541314,0.9962845010615711,0.2,0.06971946924028398,0.19439727906100296,0.43542876203901726,0.5275121882593458,0.12682565655395558,0.8575541685435157,0.8575541685435157,1.0026613024924849,0.4506379454296203,"[0.5354117484848858, 0.17606257742114306, 0.13576585128932275, 0.1527598228046484]","[0.9575371549893843, 0.028609341825902336, 0.007696390658174098, 0.0061571125265392785]","[0.09998298644586855, 0.20002268473884194, 0.3000056711847105, 0.399988657630579]","[0.7032909347869978, 0.15231173026448616, 0.07993808466249411, 0.06445925028602194]","[0.5087606794269989, 0.7724926662248343, 1.1350042046451214, 1.583742449703046]",kl_projection,0.5354117484848858,0.9575371549893843,0.09998298644586855,0.17606257742114306,0.028609341825902336,0.20002268473884194,0.13576585128932275,0.007696390658174098,0.3000056711847105,0.1527598228046484,0.0061571125265392785,0.399988657630579,0.8752280755430702,0.8985370501614491,0.9000170135541314,1.0,473,0.8010872575797214,0.9000170135541314,0.9849462365591398,465,0.9000170135541318,0.9000170135541314,1.0,473,0.9000170135541318,0.9000170135541314,1.0,473,0.6033079483411292,0.8697622364840677,0.14873406955461663,0.16787918630211196,0.012208067940551959,-0.005968598624951943,0.04012933044073143,B_ATTENUATED
lastfm/weighted_bpr/seed_2/kl_lam8.0,lastfm,weighted_bpr,2,kl_lam8.0,kl,8.0,0.14745962862899079,0.15310509554139973,0.43281105454776636,0.0061571125265392785,0.006376429199641594,0.8796338305071931,0.9000170135541314,0.9000170135541314,0.9000170135541314,0.9957537154989384,0.2,0.07606929203747696,0.19051826780662967,0.5641472647714693,0.682471173029374,0.2052109570082336,0.8656221090955327,0.8656221090955327,1.0110909810814828,0.4599298765536575,"[0.6641302512173378, 0.16434373578078126, 0.09318404613833756, 0.0783419668635434]","[0.9656050955414013, 0.021602972399150742, 0.006634819532908705, 0.0061571125265392785]","[0.09998298644586855, 0.20002268473884194, 0.3000056711847105, 0.399988657630579]","[0.7032909347869978, 0.15231173026448616, 0.07993808466249411, 0.06445925028602194]","[0.8576154641041268, 0.9799279911312718, 1.0586738499892618, 1.1037826947753397]",kl_projection,0.6641302512173378,0.9656050955414013,0.09998298644586855,0.16434373578078126,0.021602972399150742,0.20002268473884194,0.09318404613833756,0.006634819532908705,0.3000056711847105,0.0783419668635434,0.0061571125265392785,0.399988657630579,0.8796338305071931,0.8991713475921865,0.9000170135541314,1.0,473,0.8182924611661055,0.9000170135541314,0.9827956989247312,465,0.9000170135541318,0.9000170135541314,1.0,473,0.9000170135541318,0.9000170135541314,1.0,473,0.6033079483411292,0.8697622364840677,0.14873406955461663,0.03916068356965996,0.004140127388534975,-0.0012744409256258415,0.00856858774483982,B_ATTENUATED
lastfm/weighted_bpr/seed_2/legacy_a0.1,lastfm,weighted_bpr,2,legacy_a0.1,legacy,0.1,0.14716967753843385,0.15278662420382014,0.4316698655881061,0.006263269639065818,0.006501735632810486,0.8785722112190003,0.9000170135541314,0.9000170135541314,0.9000170135541314,0.9962845010615711,0.2,0.0760708984372501,0.19090338733223408,0.5402724050551676,0.6565610662872613,0.1915487873112064,0.8633397311762122,0.8633397311762122,1.008682987284909,0.4571270268733537,"[0.6402553915010362, 0.17318371651477596, 0.10095560195540715, 0.08560529002878065]","[0.9633227176220807, 0.023513800424628452, 0.006900212314225053, 0.006263269639065818]","[0.09998298644586855, 0.20002268473884194, 0.3000056711847105, 0.399988657630579]","[0.7032909347869978, 0.15231173026448616, 0.07993808466249411, 0.06445925028602194]","[0.822771259514536, 1.0276248353803854, 1.1413992226745917, 1.2002625095275918]",legacy_inverse_power,0.6402553915010362,0.9633227176220807,0.09998298644586855,0.17318371651477596,0.023513800424628452,0.20002268473884194,0.10095560195540715,0.006900212314225053,0.3000056711847105,0.08560529002878065,0.006263269639065818,0.399988657630579,0.8785722112190003,0.8989599311017004,0.9000170135541314,1.0,473,0.8142062445231907,0.9000170135541314,0.9849462365591398,465,0.9000170135541318,0.9000170135541314,1.0,473,0.9000170135541318,0.9000170135541314,1.0,473,0.6033079483411292,0.8697622364840677,0.14873406955461663,0.06303554328596161,0.006422505307855486,-0.0015643920161827751,0.010518047552032554,B_ATTENUATED
lastfm/weighted_bpr/seed_2/legacy_a0.2,lastfm,weighted_bpr,2,legacy_a0.2,legacy,0.2,0.14507355260356003,0.1499203821656035,0.42869746643736295,0.0061571125265392785,0.006431224704766804,0.8755465860130284,0.9000170135541314,0.9000170135541314,0.9000170135541314,0.9989384288747346,0.2,0.07398082945755818,0.1914365301406385,0.4709132814066078,0.5794739430061824,0.15313594380733853,0.8573949328747259,0.8573949328747259,1.00251715440843,0.45061014297769675,"[0.5708962678524764, 0.1928708052841072, 0.12487998614602318, 0.11135294071739327]","[0.9573779193205945, 0.028927813163481954, 0.007537154989384289, 0.0061571125265392785]","[0.09998298644586855, 0.20002268473884194, 0.3000056711847105, 0.399988657630579]","[0.7032909347869978, 0.15231173026448616, 0.07993808466249411, 0.06445925028602194]","[0.6769525454831359, 1.0560128022905644, 1.302792185522162, 1.4406300917774726]",legacy_inverse_power,0.5708962678524764,0.9573779193205945,0.09998298644586855,0.1928708052841072,0.028927813163481954,0.20002268473884194,0.12487998614602318,0.007537154989384289,0.3000056711847105,0.11135294071739327,0.0061571125265392785,0.399988657630579,0.8755465860130284,0.8985370501614491,0.9000170135541314,1.0,473,0.8023777387096165,0.9000170135541314,0.9956989247311828,465,0.9000170135541318,0.9000170135541314,1.0,473,0.9000170135541318,0.9000170135541314,1.0,473,0.6033079483411292,0.8697622364840677,0.14873406955461663,0.1323946669345214,0.012367303609341795,-0.003660516951056597,0.02461115306007558,B_ATTENUATED
lastfm/weighted_bpr/seed_2/legacy_a0.4,lastfm,weighted_bpr,2,legacy_a0.4,legacy,0.4,0.13775694089924495,0.1436748053786257,0.42033759382589797,0.005679405520169851,0.006037693262605025,0.8661510524261895,0.9000170135541314,0.9000170135541314,0.9000170135541314,0.9989384288747346,0.2,0.06305936497290618,0.19838281717074327,0.34619266106147284,0.4125035787240008,0.08431532363081717,0.8406751876517959,0.8406751876517959,0.985408207317094,0.43508077725097194,"[0.4231783797482571, 0.22301995249792628, 0.17814598085133365, 0.175655686902483]","[0.9406581740976645, 0.044639065817409763, 0.009023354564755838, 0.005679405520169851]","[0.09998298644586855, 0.20002268473884194, 0.3000056711847105, 0.399988657630579]","[0.7032909347869978, 0.15231173026448616, 0.07993808466249411, 0.06445925028602194]","[0.4582647488360972, 1.1151630386015705, 1.6972674786576114, 2.075415061334769]",legacy_inverse_power,0.4231783797482571,0.9406581740976645,0.09998298644586855,0.22301995249792628,0.044639065817409763,0.20002268473884194,0.17814598085133365,0.009023354564755838,0.3000056711847105,0.175655686902483,0.005679405520169851,0.399988657630579,0.8661510524261895,0.8955771233760841,0.9000170135541314,1.0,473,0.7673215238534298,0.9000170135541314,0.9956989247311828,465,0.9000170135541318,0.9000170135541314,1.0,473,0.9000170135541318,0.9000170135541314,1.0,473,0.6033079483411292,0.8697622364840677,0.14873406955461663,0.2571152872796564,0.029087048832271756,-0.010977128655371676,0.07380372693521148,B_ATTENUATED
lastfm/weighted_bpr/seed_2/legacy_a0.8,lastfm,weighted_bpr,2,legacy_a0.8,legacy,0.8,0.11519446569664732,0.1208244869072887,0.3730711394734563,0.017250530785562632,0.02038767956838441,0.8192265473333813,0.9000170135541314,0.9000170135541314,0.9000170135541314,0.9936305732484076,0.2,0.028886702776809423,0.22235573260240538,0.09892260709341963,0.10970095800713907,0.007582140004205658,0.7461422789469127,0.7461422789469127,0.8871739812254268,0.35277287791284795,"[0.1747803413173938, 0.22414793696073632, 0.2725078259273691, 0.3285638957945008]","[0.8461252653927813, 0.11273885350318472, 0.02388535031847134, 0.017250530785562632]","[0.09998298644586855, 0.20002268473884194, 0.3000056711847105, 0.399988657630579]","[0.7032909347869978, 0.15231173026448616, 0.07993808466249411, 0.06445925028602194]","[0.2100065800258112, 1.2435886026630878, 2.8807168941087653, 4.307347676815203]",legacy_inverse_power,0.1747803413173938,0.8461252653927813,0.09998298644586855,0.22414793696073632,0.11273885350318472,0.20002268473884194,0.2725078259273691,0.02388535031847134,0.3000056711847105,0.3285638957945008,0.017250530785562632,0.399988657630579,0.8192265473333813,0.8513894942082577,0.9000170135541314,1.0,473,0.6260204565120749,0.9000170135541314,0.9741935483870968,465,0.8998055970636454,0.9000170135541314,1.0,473,0.8964228852565865,0.9000170135541314,1.0,473,0.6033079483411292,0.8697622364840677,0.14873406955461663,0.5043853412477096,0.12361995753715505,-0.03353960385796931,0.22550047852790872,B_ATTENUATED
lastfm/weighted_itemknn/seed_0/baseline,lastfm,weighted_itemknn,0,baseline,baseline,0.0,0.17028473544810832,0.1671797593772099,0.29095861293417824,0.08911889596602972,0.1306919903477495,0.7240551336683788,0.9000170135541314,0.9000170135541314,0.9000170135541314,0.9792993630573248,0.2,0.05753759252008523,0.2633527060216404,0.6032541089172111,0.7257680495667904,0.23000558408121208,0.5819172258683565,0.5819172258683565,0.6902845621020257,0.2019922533831605,"[0.7032370953630797, 0.15142337976983647, 0.08030150077394171, 0.0650380240931422]","[0.681900212314225, 0.1118895966029724, 0.11709129511677283, 0.08911889596602972]","[0.09998298644586855, 0.20002268473884194, 0.3000056711847105, 0.399988657630579]","[0.7032370953630797, 0.15142337976983647, 0.08030150077394171, 0.0650380240931422]","[1.0, 1.0, 1.0, 1.0]",baseline,0.7032370953630797,0.681900212314225,0.09998298644586855,0.15142337976983647,0.1118895966029724,0.20002268473884194,0.08030150077394171,0.11709129511677283,0.3000056711847105,0.0650380240931422,0.08911889596602972,0.399988657630579,0.7240551336683788,0.6668184497906517,0.9000170135541314,0.9830866807610994,473,0.47053557326835255,0.6999943288152894,0.9333333333333333,465,0.8966342777674333,0.9000170135541314,1.0,473,0.8579443765887262,0.9000170135541314,1.0,473,0.6032541089172111,0.5819172258683565,0.17028473544810832,0.0,0.0,0.0,0.0,BASELINE
lastfm/weighted_itemknn/seed_0/kl_lam0.1,lastfm,weighted_itemknn,0,kl_lam0.1,kl,0.1,0.1082055963009014,0.10751061571125244,0.10834184011039905,0.3312632696390658,1.04609453569901,0.5603570341895378,0.5000283559235525,0.9000170135541314,0.9000170135541314,0.9628450106157113,0.2,0.022367875041850643,0.27128724684641814,0.09647563643166193,0.11166247102994126,0.009419474777026182,0.2166836802207981,0.2166836802207981,0.25024281144351745,0.03809385484880928,"[0.19645862287753052, 0.17384007159681208, 0.2632978749606655, 0.36640343056499197]","[0.31666666666666665, 0.12547770700636943, 0.2265923566878981, 0.3312632696390658]","[0.09998298644586855, 0.20002268473884194, 0.3000056711847105, 0.399988657630579]","[0.7032370953630797, 0.15142337976983647, 0.08030150077394171, 0.0650380240931422]","[0.10807142963741749, 0.44411815752460543, 1.2684263770945992, 2.179384035743378]",kl_projection,0.19645862287753052,0.31666666666666665,0.09998298644586855,0.17384007159681208,0.12547770700636943,0.20002268473884194,0.2632978749606655,0.2265923566878981,0.3000056711847105,0.36640343056499197,0.3312632696390658,0.399988657630579,0.5603570341895378,0.45222134789792684,0.600011342369421,0.9513742071881607,473,0.47010864892256643,0.600011342369421,0.9440860215053763,465,0.8053012388241393,0.9000170135541314,0.9957716701902748,473,0.5122705013627029,0.9000170135541314,0.959830866807611,473,0.6032541089172111,0.5819172258683565,0.17028473544810832,0.5067784724855492,0.3652335456475584,-0.06207913914720692,0.364560798616765,A_POSITIVE
lastfm/weighted_itemknn/seed_0/kl_lam0.5,lastfm,weighted_itemknn,0,kl_lam0.5,kl,0.5,0.13515970083592102,0.1349168435951868,0.17545967450530353,0.273036093418259,0.6055326662729361,0.619223708730843,0.600011342369421,0.9000170135541314,0.9000170135541314,0.9670912951167728,0.2,0.028955419985875336,0.2861903723671315,0.2157522024757692,0.25206595940413873,0.03705242097453204,0.35091934901060706,0.35091934901060706,0.4062974298697425,0.08289641599091493,"[0.31573518892163777, 0.15939728500721181, 0.21119459314447422, 0.3136729329266762]","[0.45090233545647557, 0.10721868365180467, 0.1688428874734607, 0.273036093418259]","[0.09998298644586855, 0.20002268473884194, 0.3000056711847105, 0.399988657630579]","[0.7032370953630797, 0.15142337976983647, 0.08030150077394171, 0.0650380240931422]","[0.20055636854580036, 0.4702223051247281, 1.1748282342712575, 2.154393092058214]",kl_projection,0.31573518892163777,0.45090233545647557,0.09998298644586855,0.15939728500721181,0.10721868365180467,0.20002268473884194,0.21119459314447422,0.1688428874734607,0.3000056711847105,0.3136729329266762,0.273036093418259,0.399988657630579,0.619223708730843,0.49218328501635833,0.6999943288152894,0.959830866807611,473,0.462150964497774,0.600011342369421,0.9311827956989247,465,0.8710528344593174,0.9000170135541314,1.0,473,0.6488511294829786,0.9000170135541314,0.9767441860465116,473,0.6032541089172111,0.5819172258683565,0.17028473544810832,0.3875019064414419,0.23099787685774942,-0.0351250346121873,0.20627236211017352,A_POSITIVE
lastfm/weighted_itemknn/seed_0/kl_lam2.0,lastfm,weighted_itemknn,0,kl_lam2.0,kl,2.0,0.15998664450242991,0.15829794762915633,0.24923886771124834,0.1554140127388535,0.25968957871353504,0.6838211545544731,0.7000170135541315,0.9000170135541314,0.9000170135541314,0.975583864118896,0.2,0.04249144838511648,0.2777557009480076,0.4355284528727479,0.5273996510719782,0.12671815960553495,0.4984777354224967,0.4984777354224967,0.5856131323416616,0.14880921675303435,"[0.5355114393186164, 0.17536458866350324, 0.1361042858925785, 0.15301968612530184]","[0.5984607218683652, 0.10780254777070064, 0.13832271762208068, 0.1554140127388535]","[0.09998298644586855, 0.20002268473884194, 0.3000056711847105, 0.399988657630579]","[0.7032370953630797, 0.15142337976983647, 0.08030150077394171, 0.0650380240931422]","[0.5104459301969858, 0.7763038321381786, 1.136137523953108, 1.5771127137117271]",kl_projection,0.5355114393186164,0.5984607218683652,0.09998298644586855,0.17536458866350324,0.10780254777070064,0.20002268473884194,0.1361042858925785,0.13832271762208068,0.3000056711847105,0.15301968612530184,0.1554140127388535,0.399988657630579,0.6838211545544731,0.5693536492035343,0.9000170135541314,0.9725158562367865,473,0.4636543894664757,0.6999943288152894,0.9354838709677419,465,0.8964227773482093,0.9000170135541314,1.0,473,0.8021300514159437,0.9000170135541314,0.9936575052854123,473,0.6032541089172111,0.5819172258683565,0.17028473544810832,0.1677256560444632,0.0834394904458598,-0.010298090945678406,0.060475713918682936,B_ATTENUATED
lastfm/weighted_itemknn/seed_0/kl_lam8.0,lastfm,weighted_itemknn,0,kl_lam8.0,kl,8.0,0.1673730828521019,0.16463198867657294,0.28015712673460286,0.10509554140127389,0.15916398713802263,0.7132269426306086,0.9000170135541314,0.9000170135541314,0.9000170135541314,0.9713375796178344,0.2,0.05193940608604618,0.2686408912259441,0.5640463446269299,0.6820234995674717,0.2047378772328601,0.5603142534692058,0.5603142534692058,0.6634455284742206,0.18694128455003906,"[0.6640293310727985, 0.16343380705668634, 0.0935627971687406, 0.0789740647017745]","[0.6602972399150743, 0.11215498938428875, 0.12245222929936306, 0.10509554140127389]","[0.09998298644586855, 0.20002268473884194, 0.3000056711847105, 0.399988657630579]","[0.7032370953630797, 0.15142337976983647, 0.08030150077394171, 0.0650380240931422]","[0.8578246166995808, 0.9805324595468826, 1.05850410903867, 1.1031388147148666]",kl_projection,0.6640293310727985,0.6602972399150743,0.09998298644586855,0.16343380705668634,0.11215498938428875,0.20002268473884194,0.0935627971687406,0.12245222929936306,0.3000056711847105,0.0789740647017745,0.10509554140127389,0.399988657630579,0.7132269426306086,0.6403909328667216,0.9000170135541314,0.9704016913319239,473,0.46386887001339744,0.6999943288152894,0.9139784946236559,465,0.8968456103291819,0.9000170135541314,1.0,473,0.8475848846261618,0.9000170135541314,1.0,473,0.6032541089172111,0.5819172258683565,0.17028473544810832,0.039207764290281166,0.021602972399150655,-0.0029116525960064255,0.017098729303858872,A_POSITIVE
lastfm/weighted_itemknn/seed_0/legacy_a0.1,lastfm,weighted_itemknn,0,legacy_a0.1,legacy,0.1,0.16607750681917863,0.16346426043878107,0.2729384430827982,0.11438428874734607,0.17710387902668176,0.7061143107349266,0.8000170135541315,0.9000170135541314,0.9000170135541314,0.9729299363057324,0.2,0.050182412228467234,0.2700649280089502,0.5401316419454345,0.6560389922196911,0.1910571556909459,0.5458768861655965,0.5458768861655965,0.6456966406653304,0.17764653530099617,"[0.6401146283913031, 0.17224836639495833, 0.10135327468256732, 0.08628373053117139]","[0.6458598726114649, 0.1117303609341826, 0.12802547770700637, 0.11438428874734607]","[0.09998298644586855, 0.20002268473884194, 0.3000056711847105, 0.399988657630579]","[0.7032370953630797, 0.15142337976983647, 0.08030150077394171, 0.0650380240931422]","[0.8227775583865387, 1.0282261229124607, 1.140881610874551, 1.1991900936072342]",legacy_inverse_power,0.6401146283913031,0.6458598726114649,0.09998298644586855,0.17224836639495833,0.1117303609341826,0.20002268473884194,0.10135327468256732,0.12802547770700637,0.3000056711847105,0.08628373053117139,0.11438428874734607,0.399988657630579,0.7061143107349266,0.6236887543524544,0.9000170135541314,0.9725158562367865,473,0.4599978412909812,0.6999943288152894,0.9182795698924732,465,0.8968456103291819,0.9000170135541314,1.0,473,0.8397623905494324,0.9000170135541314,1.0,473,0.6032541089172111,0.5819172258683565,0.17028473544810832,0.06312246697177659,0.036040339702759994,-0.004207228628929693,0.024707021553389805,A_POSITIVE
lastfm/weighted_itemknn/seed_0/legacy_a0.2,lastfm,weighted_itemknn,0,legacy_a0.2,legacy,0.2,0.1608147859537402,0.15882873319178897,0.251441627796174,0.1388004246284501,0.2302341961609141,0.6829716086766959,0.799977315261158,0.9000170135541314,0.9000170135541314,0.9708067940552016,0.2,0.044487415917979126,0.2758721599512749,0.4706970075875144,0.5788056750041469,0.1526618039150328,0.502883255592348,0.502883255592348,0.5936830558064295,0.15266168217810677,"[0.570679994033383, 0.1919093804088556, 0.12529415844804861, 0.11211646710971283]","[0.6028662420382166, 0.1118895966029724, 0.14644373673036093, 0.1388004246284501]","[0.09998298644586855, 0.20002268473884194, 0.3000056711847105, 0.399988657630579]","[0.7032370953630797, 0.15142337976983647, 0.08030150077394171, 0.0650380240931422]","[0.6769629105845141, 1.0572489598395909, 1.3016108500317103, 1.4380568806057272]",legacy_inverse_power,0.570679994033383,0.6028662420382166,0.09998298644586855,0.1919093804088556,0.1118895966029724,0.20002268473884194,0.12529415844804861,0.14644373673036093,0.3000056711847105,0.11211646710971283,0.1388004246284501,0.399988657630579,0.6829716086766959,0.5733699750216085,0.9000170135541314,0.9682875264270613,473,0.45225597898368713,0.6999943288152894,0.9225806451612903,465,0.8955771113862643,0.9000170135541314,1.0,473,0.8067812022168217,0.9000170135541314,0.9915433403805497,473,0.6032541089172111,0.5819172258683565,0.17028473544810832,0.13255710132969667,0.07903397027600845,-0.009469949494368107,0.05561243918574211,A_POSITIVE
lastfm/weighted_itemknn/seed_0/legacy_a0.4,lastfm,weighted_itemknn,0,legacy_a0.4,legacy,0.4,0.14260110321946481,0.14083510261854112,0.18785351739277695,0.22123142250530786,0.4650747600972147,0.6188519541445583,0.600011342369421,0.9000170135541314,0.9000170135541314,0.964968152866242,0.2,0.034255375051593775,0.28551262194645105,0.344985954584635,0.4116662192014376,0.08396282562574908,0.3757070347855539,0.3757070347855539,0.43908367740800175,0.09199483813998184,"[0.42289280830974857, 0.22209881745959686, 0.17851912931579342, 0.17648924491486107]","[0.4756900212314225, 0.11358811040339703, 0.18949044585987262, 0.22123142250530786]","[0.09998298644586855, 0.20002268473884194, 0.3000056711847105, 0.399988657630579]","[0.7032370953630797, 0.15142337976983647, 0.08030150077394171, 0.0650380240931422]","[0.4582787823070568, 1.117775363081897, 1.6941908049202714, 2.068007591857475]",legacy_inverse_power,0.42289280830974857,0.4756900212314225,0.09998298644586855,0.22209881745959686,0.11358811040339703,0.20002268473884194,0.17851912931579342,0.18949044585987262,0.3000056711847105,0.17648924491486107,0.22123142250530786,0.399988657630579,0.6188519541445583,0.47928716685236894,0.6999943288152894,0.9534883720930233,473,0.4425791450414637,0.600011342369421,0.9161290322580645,465,0.8799324229782978,0.9000170135541314,1.0,473,0.6706277234126048,0.9000170135541314,0.9894291754756871,473,0.6032541089172111,0.5819172258683565,0.17028473544810832,0.2582681543325761,0.20621019108280259,-0.027683632228643507,0.16257260027326215,A_POSITIVE
lastfm/weighted_itemknn/seed_0/legacy_a0.8,lastfm,weighted_itemknn,0,legacy_a0.8,legacy,0.8,0.09177433103520297,0.09095010615711249,0.06866561930360501,0.35371549893842885,1.4904942965716659,0.5255355777739167,0.500011342369421,0.9000170135541314,0.9000170135541314,0.9485138004246284,0.2,0.01559083622284949,0.2574473791554087,0.09843054717587538,0.10926250033130547,0.007536289477072088,0.13733123860721003,0.13733123860721003,0.16119840828850684,0.018658347123851615,"[0.1746780125145955, 0.22375820584599035, 0.2725996363310996, 0.32896414530831447]","[0.23731422505307856, 0.13402335456475584, 0.2749469214437367, 0.35371549893842885]","[0.09998298644586855, 0.20002268473884194, 0.3000056711847105, 0.399988657630579]","[0.7032370953630797, 0.15142337976983647, 0.08030150077394171, 0.0650380240931422]","[0.2100194423128388, 1.2494217623128665, 2.870282483476397, 4.276655399980153]",legacy_inverse_power,0.1746780125145955,0.23731422505307856,0.09998298644586855,0.22375820584599035,0.13402335456475584,0.20002268473884194,0.2725996363310996,0.2749469214437367,0.3000056711847105,0.32896414530831447,0.35371549893842885,0.399988657630579,0.5255355777739167,0.4456656741893593,0.600011342369421,0.9302325581395349,473,0.46430172166191325,0.600011342369421,0.946236559139785,465,0.7439889218862048,0.9000170135541314,0.9957716701902748,473,0.4471503256015382,0.6999943288152894,0.9217758985200846,473,0.6032541089172111,0.5819172258683565,0.17028473544810832,0.5048235617413357,0.44458598726114645,-0.07851040441290535,0.46105368285832177,A_POSITIVE
lastfm/weighted_itemknn/seed_1/baseline,lastfm,weighted_itemknn,1,baseline,baseline,0.0,0.1658278870388649,0.16847133757961577,0.2932940694097621,0.08959660297239914,0.13049864708137157,0.7221975046064829,0.9000170135541314,0.9000170135541314,0.9000170135541314,0.9782377919320594,0.2,0.06801947542666822,0.2299677175060871,0.602904152661743,0.7258632234321333,0.23046121846949302,0.5865881388195242,0.5865881388195242,0.695588691659024,0.20477682957892357,"[0.7028871391076116, 0.1526482266639747, 0.08069183659734841, 0.06377279763106534]","[0.6865711252653928, 0.11326963906581741, 0.11056263269639066, 0.08959660297239914]","[0.09998298644586855, 0.20002268473884194, 0.3000056711847105, 0.399988657630579]","[0.7028871391076116, 0.1526482266639747, 0.08069183659734841, 0.06377279763106534]","[1.0, 1.0, 1.0, 1.0]",baseline,0.7028871391076116,0.6865711252653928,0.09998298644586855,0.1526482266639747,0.11326963906581741,0.20002268473884194,0.08069183659734841,0.11056263269639066,0.3000056711847105,0.06377279763106534,0.08959660297239914,0.399988657630579,0.7221975046064829,0.6761208832804242,0.9000170135541314,0.985200845665962,473,0.4604287049758242,0.6999943288152894,0.9290322580645162,465,0.8993827640826728,0.9000170135541314,1.0,473,0.8484302868120738,0.9000170135541314,0.9978858350951374,473,0.602904152661743,0.5865881388195242,0.1658278870388649,0.0,0.0,0.0,0.0,BASELINE
lastfm/weighted_itemknn/seed_1/kl_lam0.1,lastfm,weighted_itemknn,1,kl_lam0.1,kl,0.1,0.10589560585693383,0.10754600141542793,0.11343738151167293,0.32245222929936307,0.986521597918385,0.5633822379698942,0.599977315261158,0.9000170135541314,0.9000170135541314,0.9554140127388535,0.2,0.02454034140711886,0.2518034698296883,0.0963935595894326,0.11157665991211811,0.009406180076643803,0.22687476302334586,0.22687476302334586,0.2619847850539161,0.04078856256129508,"[0.1963765460353012, 0.1739335840363637, 0.2631751894262955, 0.3665146805020397]","[0.3268577494692144, 0.1260615711252654, 0.22462845010615712, 0.32245222929936307]","[0.09998298644586855, 0.20002268473884194, 0.3000056711847105, 0.399988657630579]","[0.7028871391076116, 0.1526482266639747, 0.08069183659734841, 0.06377279763106534]","[0.10717255481392714, 0.43709037798688183, 1.251108305906031, 2.2046287612931597]",kl_projection,0.1963765460353012,0.3268577494692144,0.09998298644586855,0.1739335840363637,0.1260615711252654,0.20002268473884194,0.2631751894262955,0.22462845010615712,0.3000056711847105,0.3665146805020397,0.32245222929936307,0.399988657630579,0.5633822379698942,0.44313005513278786,0.600011342369421,0.9302325581395349,473,0.46236655488944545,0.600011342369421,0.9354838709677419,465,0.8107986191084875,0.9000170135541314,0.9915433403805497,473,0.5355252122527804,0.9000170135541314,0.9640591966173362,473,0.602904152661743,0.5865881388195242,0.1658278870388649,0.5065105930723104,0.35971337579617835,-0.05993228118193106,0.3614125600471819,A_POSITIVE
lastfm/weighted_itemknn/seed_1/kl_lam0.5,lastfm,weighted_itemknn,1,kl_lam0.5,kl,0.5,0.13193449590574285,0.13550955414012658,0.18082060868789374,0.2714968152866242,0.5881338392536415,0.6254871017874105,0.600011342369421,0.9000170135541314,0.9000170135541314,0.9665605095541401,0.2,0.0337705775809959,0.26112593078610646,0.2152397605890091,0.25149141566891664,0.036927555722890054,0.36164121737578747,0.36164121737578747,0.41918062824933633,0.0873066225963949,"[0.3152227470348776, 0.15958237932734315, 0.21074388159519702, 0.31445099204258214]","[0.46162420382165603, 0.10833333333333334, 0.1585456475583864, 0.2714968152866242]","[0.09998298644586855, 0.20002268473884194, 0.3000056711847105, 0.399988657630579]","[0.7028871391076116, 0.1526482266639747, 0.08069183659734841, 0.06377279763106534]","[0.19851627207190145, 0.4627616183302614, 1.1560843790370658, 2.182637730560771]",kl_projection,0.3152227470348776,0.46162420382165603,0.09998298644586855,0.15958237932734315,0.10833333333333334,0.20002268473884194,0.21074388159519702,0.1585456475583864,0.3000056711847105,0.31445099204258214,0.2714968152866242,0.399988657630579,0.6254871017874105,0.49006838873249503,0.7000170135541315,0.9471458773784355,473,0.4580657967191282,0.600011342369421,0.9354838709677419,465,0.8742242976333656,0.9000170135541314,0.9978858350951374,473,0.6767582740846403,0.9000170135541314,0.985200845665962,473,0.602904152661743,0.5865881388195242,0.1658278870388649,0.38766439207273395,0.22494692144373674,-0.033893391133122036,0.20438897062698796,A_POSITIVE
lastfm/weighted_itemknn/seed_1/kl_lam2.0,lastfm,weighted_itemknn,1,kl_lam2.0,kl,2.0,0.1560763672494659,0.15785562632696226,0.25223780614012303,0.15201698513800424,0.25149279943758884,0.6845113864987034,0.8000170135541314,0.9000170135541314,0.9000170135541314,0.975583864118896,0.2,0.05399304333175209,0.24384983205319571,0.4350394587500372,0.5271886901714842,0.12670027753047425,0.5044756122802461,0.5044756122802461,0.5934903652072873,0.15238513158173622,"[0.5350224451959058, 0.17628286932439624, 0.1363159927202898, 0.1523786927594082]","[0.6044585987261146, 0.11268577494692145, 0.13083864118895966, 0.15201698513800424]","[0.09998298644586855, 0.20002268473884194, 0.3000056711847105, 0.399988657630579]","[0.7028871391076116, 0.1526482266639747, 0.08069183659734841, 0.06377279763106534]","[0.5078966864541121, 0.7705615278763388, 1.1272135089184776, 1.594328276751071]",kl_projection,0.5350224451959058,0.6044585987261146,0.09998298644586855,0.17628286932439624,0.11268577494692145,0.20002268473884194,0.1363159927202898,0.13083864118895966,0.3000056711847105,0.1523786927594082,0.15201698513800424,0.399988657630579,0.6845113864987034,0.5788676190819898,0.9000170135541314,0.9704016913319239,473,0.4513969347551543,0.6999773152611581,0.9354838709677419,465,0.8962115047355593,0.9000170135541314,1.0,473,0.8076267482805699,0.9000170135541314,0.9957716701902748,473,0.602904152661743,0.5865881388195242,0.1658278870388649,0.16786469391170583,0.08211252653927814,-0.009751519789398977,0.0588050656830327,B_ATTENUATED
lastfm/weighted_itemknn/seed_1/kl_lam8.0,lastfm,weighted_itemknn,1,kl_lam8.0,kl,8.0,0.16320251645405937,0.16592356687897894,0.282837593825898,0.10514861995753716,0.15796188501690647,0.7140233226568165,0.9000170135541314,0.9000170135541314,0.9000170135541314,0.9777070063694268,0.2,0.06262972630129225,0.23535479778838675,0.5637728324895577,0.6822616814876766,0.20521942931159262,0.565675187651796,0.565675187651796,0.6696921891260627,0.19016552203414314,"[0.6637558189354262, 0.16467762155492435, 0.09398958801506774, 0.07757697149458162]","[0.6656581740976646, 0.11406581740976646, 0.11512738853503185, 0.10514861995753716]","[0.09998298644586855, 0.20002268473884194, 0.3000056711847105, 0.399988657630579]","[0.7028871391076116, 0.1526482266639747, 0.08069183659734841, 0.06377279763106534]","[0.8576245100709343, 0.9797544895844228, 1.0578512056753209, 1.104769794669322]",kl_projection,0.6637558189354262,0.6656581740976646,0.09998298644586855,0.16467762155492435,0.11406581740976646,0.20002268473884194,0.09398958801506774,0.11512738853503185,0.3000056711847105,0.07757697149458162,0.10514861995753716,0.399988657630579,0.7140233226568165,0.6545562094137111,0.9000170135541314,0.985200845665962,473,0.4582779478116849,0.6999943288152894,0.9290322580645162,465,0.898748514611214,0.9000170135541314,1.0,473,0.8401851156220277,0.9000170135541314,0.9957716701902748,473,0.602904152661743,0.5865881388195242,0.1658278870388649,0.039131320172185347,0.020912951167728178,-0.0026253705848055253,0.015831900361790295,A_POSITIVE
lastfm/weighted_itemknn/seed_1/legacy_a0.1,lastfm,weighted_itemknn,1,legacy_a0.1,legacy,0.1,0.1620888101297004,0.16411889596602783,0.27530043883651373,0.11088110403397028,0.1704332218321603,0.7060613706470797,0.9000170135541314,0.9000170135541314,0.9000170135541314,0.9777070063694268,0.2,0.06178565987568375,0.23593243601918984,0.5399102795722442,0.65638754529838,0.19157812492940984,0.5506008776730273,0.5506008776730273,0.6519967249709102,0.18102820725113924,"[0.6398932660181129, 0.17351954558449903, 0.10180696117547271, 0.08478022722191543]","[0.650583864118896, 0.11491507430997877, 0.12361995753715499, 0.11088110403397028]","[0.09998298644586855, 0.20002268473884194, 0.3000056711847105, 0.399988657630579]","[0.7028871391076116, 0.1526482266639747, 0.08069183659734841, 0.06377279763106534]","[0.8228185139889198, 1.0273980816491168, 1.1403285198315083, 1.2015482605513303]",legacy_inverse_power,0.6398932660181129,0.650583864118896,0.09998298644586855,0.17351954558449903,0.11491507430997877,0.20002268473884194,0.10180696117547271,0.12361995753715499,0.3000056711847105,0.08478022722191543,0.11088110403397028,0.399988657630579,0.7060613706470797,0.6365852681804933,0.9000170135541314,0.985200845665962,473,0.4531167672539697,0.6999943288152894,0.9311827956989247,465,0.8985370981207278,0.9000170135541314,1.0,473,0.8317282162061838,0.9000170135541314,0.9936575052854123,473,0.602904152661743,0.5865881388195242,0.1658278870388649,0.06299387308949878,0.03598726114649686,-0.0037390769091645015,0.022547937961051017,A_POSITIVE
lastfm/weighted_itemknn/seed_1/legacy_a0.2,lastfm,weighted_itemknn,1,legacy_a0.2,legacy,0.2,0.15627219899446174,0.15870488322717452,0.2540159377749426,0.13842887473460722,0.2276735050192676,0.6861564936329212,0.8000170135541314,0.9000170135541314,0.9000170135541314,0.975583864118896,0.2,0.05386241449188419,0.2443161988888677,0.4706110957767217,0.5794211678398308,0.1532057237691784,0.5080318755498852,0.5080318755498852,0.6000049937764811,0.1555067554597878,"[0.5705940822225903, 0.19319808636754776, 0.1258123078457469, 0.11039552356411506]","[0.6080148619957537, 0.11629511677282378, 0.13726114649681528, 0.13842887473460722]","[0.09998298644586855, 0.20002268473884194, 0.3000056711847105, 0.399988657630579]","[0.7028871391076116, 0.1526482266639747, 0.08069183659734841, 0.06377279763106534]","[0.6770303069629342, 1.0555468181762853, 1.3003491331411188, 1.4437182224339276]",legacy_inverse_power,0.5705940822225903,0.6080148619957537,0.09998298644586855,0.19319808636754776,0.11629511677282378,0.20002268473884194,0.1258123078457469,0.13726114649681528,0.3000056711847105,0.11039552356411506,0.13842887473460722,0.399988657630579,0.6861564936329212,0.5824613157460263,0.9000170135541314,0.9704016913319239,473,0.44924566535497656,0.6999875233936369,0.9354838709677419,465,0.8970571706975043,0.9000170135541314,1.0,473,0.8118548742633606,0.9000170135541314,0.9957716701902748,473,0.602904152661743,0.5865881388195242,0.1658278870388649,0.1322930568850213,0.07855626326963905,-0.009555688044403154,0.05762413195413627,A_POSITIVE
lastfm/weighted_itemknn/seed_1/legacy_a0.4,lastfm,weighted_itemknn,1,legacy_a0.4,legacy,0.4,0.1400069543819851,0.14211783439490344,0.1930552159065774,0.2162951167728238,0.4449661498134546,0.6225144437609322,0.600011342369421,0.9000170135541314,0.9000170135541314,0.9612526539278131,0.2,0.04013156291372626,0.2558890071316602,0.3463223936265191,0.4127171153417515,0.08441883944736686,0.3861104318131548,0.3861104318131548,0.4514192579116831,0.0961849588122808,"[0.4230195150555836, 0.22330854975564604, 0.17914641891761332, 0.17452551627115706]","[0.48609341825902336, 0.11411889596602973, 0.18349256900212313, 0.2162951167728238]","[0.09998298644586855, 0.20002268473884194, 0.3000056711847105, 0.399988657630579]","[0.7028871391076116, 0.1526482266639747, 0.08069183659734841, 0.06377279763106534]","[0.4583700365463249, 1.11417908536208, 1.690907868060859, 2.0843223057877793]",legacy_inverse_power,0.4230195150555836,0.48609341825902336,0.09998298644586855,0.22330854975564604,0.11411889596602973,0.20002268473884194,0.17914641891761332,0.18349256900212313,0.3000056711847105,0.17452551627115706,0.2162951167728238,0.399988657630579,0.6225144437609322,0.46956168456486963,0.7000170135541315,0.9492600422832981,473,0.4374181474251907,0.600011342369421,0.9139784946236559,465,0.8845835737791757,0.9000170135541314,0.9978858350951374,473,0.6953637765246284,0.9000170135541314,0.9830866807610994,473,0.602904152661743,0.5865881388195242,0.1658278870388649,0.2565817590352239,0.2004777070063694,-0.02582093265687979,0.15570923032281156,A_POSITIVE
lastfm/weighted_itemknn/seed_1/legacy_a0.8,lastfm,weighted_itemknn,1,legacy_a0.8,legacy,0.8,0.08967069258394077,0.09107395612172674,0.07463695688322283,0.3347664543524416,1.3430579216300462,0.5225102505760587,0.500011342369421,0.9000170135541314,0.9000170135541314,0.942144373673036,0.2,0.017351280537839135,0.24152933509962876,0.09904615732408126,0.11002852899992327,0.007606856823401778,0.14927391376644567,0.14927391376644567,0.17775395233022123,0.021713438792282082,"[0.17477983243778705, 0.22427199607100473, 0.2730503713581102, 0.32789780013309805]","[0.24925690021231423, 0.13036093418259023, 0.28561571125265395, 0.3347664543524416]","[0.09998298644586855, 0.20002268473884194, 0.3000056711847105, 0.399988657630579]","[0.7028871391076116, 0.1526482266639747, 0.08069183659734841, 0.06377279763106534]","[0.21010309040347924, 1.2413950342582811, 2.8591694182701186, 4.344399474404485]",legacy_inverse_power,0.17477983243778705,0.24925690021231423,0.09998298644586855,0.22427199607100473,0.13036093418259023,0.20002268473884194,0.2730503713581102,0.28561571125265395,0.3000056711847105,0.32789780013309805,0.3347664543524416,0.399988657630579,0.5225102505760587,0.42727278722182566,0.600011342369421,0.9281183932346723,473,0.44365631644966763,0.600011342369421,0.9139784946236559,465,0.7522354719055144,0.9000170135541314,0.9936575052854123,473,0.4655427449661042,0.6999943288152894,0.9323467230443975,473,0.602904152661743,0.5865881388195242,0.1658278870388649,0.5038579953376617,0.43731422505307854,-0.07615719445492412,0.4592544463711055,A_POSITIVE
lastfm/weighted_itemknn/seed_2/baseline,lastfm,weighted_itemknn,2,baseline,baseline,0.0,0.1616706512801923,0.16165958952582973,0.2914628592186793,0.09708067940552018,0.14215762474718807,0.716624590329149,0.9000170135541314,0.9000170135541314,0.9000170135541314,0.975583864118896,0.2,0.06336443045917634,0.23775138856261768,0.6033079483411292,0.7261312150976156,0.23048204652563453,0.5829257184373586,0.5829257184373586,0.689411078514167,0.20051772530629614,"[0.7032909347869978, 0.15231173026448616, 0.07993808466249411, 0.06445925028602194]","[0.6829087048832272, 0.10759023354564756, 0.1124203821656051, 0.09708067940552018]","[0.09998298644586855, 0.20002268473884194, 0.3000056711847105, 0.399988657630579]","[0.7032909347869978, 0.15231173026448616, 0.07993808466249411, 0.06445925028602194]","[1.0, 1.0, 1.0, 1.0]",baseline,0.7032909347869978,0.6829087048832272,0.09998298644586855,0.15231173026448616,0.10759023354564756,0.20002268473884194,0.07993808466249411,0.1124203821656051,0.3000056711847105,0.06445925028602194,0.09708067940552018,0.399988657630579,0.716624590329149,0.6532871589390881,0.9000170135541314,0.9788583509513742,473,0.45892493851643024,0.6999943288152894,0.9247311827956989,465,0.8987485146112141,0.9000170135541314,1.0,473,0.8511791927710022,0.9000170135541314,0.9978858350951374,473,0.6033079483411292,0.5829257184373586,0.1616706512801923,0.0,0.0,0.0,0.0,BASELINE
lastfm/weighted_itemknn/seed_2/kl_lam0.1,lastfm,weighted_itemknn,2,kl_lam0.1,kl,0.1,0.10256696960804748,0.10356510969568261,0.10284820953715065,0.33296178343949046,1.0892516061780655,0.5619486925149874,0.5000283559235524,0.9000170135541314,0.9000170135541314,0.9564755838641189,0.2,0.027508118740631606,0.24817293450356578,0.09646229880495819,0.11165271461526871,0.009417193349983822,0.2056964190743013,0.2056964190743013,0.23765143460827973,0.03510773583444653,"[0.1964452852508267, 0.17389975876266792, 0.2632340104116622, 0.366420945574843]","[0.30567940552016987, 0.12521231422505308, 0.23614649681528663, 0.33296178343949046]","[0.09998298644586855, 0.20002268473884194, 0.3000056711847105, 0.399988657630579]","[0.7032909347869978, 0.15231173026448616, 0.07993808466249411, 0.06445925028602194]","[0.10744668373631856, 0.43918960568254456, 1.2667026742654275, 2.18666103631571]",kl_projection,0.1964452852508267,0.30567940552016987,0.09998298644586855,0.17389975876266792,0.12521231422505308,0.20002268473884194,0.2632340104116622,0.23614649681528663,0.3000056711847105,0.366420945574843,0.33296178343949046,0.399988657630579,0.5619486925149874,0.45898656768511,0.6999943288152894,0.9344608879492601,473,0.48279623555296186,0.600011342369421,0.9612903225806452,465,0.8031870259599979,0.9000170135541314,0.9915433403805497,473,0.5014862100887378,0.8000170135541314,0.9386892177589852,473,0.6033079483411292,0.5829257184373586,0.1616706512801923,0.5068456495361711,0.3772292993630573,-0.05910368167214483,0.36558077303537245,A_POSITIVE
lastfm/weighted_itemknn/seed_2/kl_lam0.5,lastfm,weighted_itemknn,2,kl_lam0.5,kl,0.5,0.12979240436737535,0.12882165605095472,0.17296498236092983,0.2776008492569002,0.6225449351253746,0.6175251557980399,0.600011342369421,0.9000170135541314,0.9000170135541314,0.971868365180467,0.2,0.035284516234992847,0.26298094145173256,0.21548408613309503,0.2517724322616895,0.036984633951885684,0.34592996472185966,0.34592996472185966,0.40037963437029717,0.08114556400941593,"[0.31546707257896356, 0.15954084069096108, 0.2110392506148717, 0.3139528361152036]","[0.4459129511677282, 0.10658174097664544, 0.1699044585987261, 0.2776008492569002]","[0.09998298644586855, 0.20002268473884194, 0.3000056711847105, 0.399988657630579]","[0.7032909347869978, 0.15231173026448616, 0.07993808466249411, 0.06445925028602194]","[0.19921281493200324, 0.46519686625636236, 1.172486237839679, 2.1631040809719555]",kl_projection,0.31546707257896356,0.4459129511677282,0.09998298644586855,0.15954084069096108,0.10658174097664544,0.20002268473884194,0.2110392506148717,0.1699044585987261,0.3000056711847105,0.3139528361152036,0.2776008492569002,0.399988657630579,0.6175251557980399,0.49302880710046715,0.6999943288152894,0.9577167019027484,473,0.47204403522476496,0.600011342369421,0.9591397849462365,465,0.8708415618466675,0.9000170135541314,0.9978858350951374,473,0.6317256503847712,0.9000170135541314,0.9725158562367865,473,0.6033079483411292,0.5829257184373586,0.1616706512801923,0.3878238622080342,0.23699575371549897,-0.03187824691281696,0.19718017253217215,A_POSITIVE
lastfm/weighted_itemknn/seed_2/kl_lam2.0,lastfm,weighted_itemknn,2,kl_lam2.0,kl,2.0,0.15393355128990258,0.15352087756546212,0.24881423926114216,0.16226114649681528,0.2715161204365294,0.6802117374739964,0.7000170135541315,0.9000170135541314,0.9000170135541314,0.9787685774946921,0.2,0.049271054084568805,0.2517588134504094,0.43542876203901726,0.5275121882593458,0.12682565655395558,0.4976284785222843,0.4976284785222843,0.5838730143415128,0.14813526574056568,"[0.5354117484848858, 0.17606257742114306, 0.13576585128932275, 0.1527598228046484]","[0.5976114649681529, 0.10870488322717622, 0.13142250530785562, 0.16226114649681528]","[0.09998298644586855, 0.20002268473884194, 0.3000056711847105, 0.399988657630579]","[0.7032909347869978, 0.15231173026448616, 0.07993808466249411, 0.06445925028602194]","[0.5087606794269989, 0.7724926662248343, 1.1350042046451214, 1.583742449703046]",kl_projection,0.5354117484848858,0.5976114649681529,0.09998298644586855,0.17606257742114306,0.10870488322717622,0.20002268473884194,0.13576585128932275,0.13142250530785562,0.3000056711847105,0.1527598228046484,0.16226114649681528,0.399988657630579,0.6802117374739964,0.5672385011334576,0.9000170135541314,0.9830866807610994,473,0.4608596540333405,0.6999943288152894,0.9354838709677419,465,0.8966342897572532,0.9000170135541314,1.0,473,0.7924045331589855,0.9000170135541314,0.9957716701902748,473,0.6033079483411292,0.5829257184373586,0.1616706512801923,0.16787918630211196,0.08529723991507432,-0.007737099990289736,0.0478571709152116,A_POSITIVE
lastfm/weighted_itemknn/seed_2/kl_lam8.0,lastfm,weighted_itemknn,2,kl_lam8.0,kl,8.0,0.16010344096634402,0.16059801840056445,0.28143101208492133,0.11109341825902336,0.1676008968607337,0.7078132640220643,0.9000170135541314,0.9000170135541314,0.9000170135541314,0.975583864118896,0.2,0.05948137356237694,0.24148105327050462,0.5641472647714693,0.682471173029374,0.2052109570082336,0.5628620241698427,0.5628620241698427,0.6646242824100075,0.18694748583972293,"[0.6641302512173378, 0.16434373578078126, 0.09318404613833756, 0.0783419668635434]","[0.6628450106157112, 0.10732484076433121, 0.11873673036093418, 0.11109341825902336]","[0.09998298644586855, 0.20002268473884194, 0.3000056711847105, 0.399988657630579]","[0.7032909347869978, 0.15231173026448616, 0.07993808466249411, 0.06445925028602194]","[0.8576154641041268, 0.9799279911312718, 1.0586738499892618, 1.1037826947753397]",kl_projection,0.6641302512173378,0.6628450106157112,0.09998298644586855,0.16434373578078126,0.10732484076433121,0.20002268473884194,0.09318404613833756,0.11873673036093418,0.3000056711847105,0.0783419668635434,0.11109341825902336,0.399988657630579,0.7078132640220643,0.6344703119475317,0.9000170135541314,0.9809725158562368,473,0.4509678638964454,0.6999943288152894,0.9225806451612903,465,0.8981142651397553,0.9000170135541314,1.0,473,0.8433565068571579,0.9000170135541314,0.9978858350951374,473,0.6033079483411292,0.5829257184373586,0.1616706512801923,0.03916068356965996,0.020063694267515975,-0.001567210313848294,0.009693845490435695,A_POSITIVE
lastfm/weighted_itemknn/seed_2/legacy_a0.1,lastfm,weighted_itemknn,2,legacy_a0.1,legacy,0.1,0.15909212298524258,0.15889950460013988,0.2741061713205901,0.12064755838641189,0.18612839829647015,0.7013906202457924,0.8000170135541314,0.9000170135541314,0.9000170135541314,0.9734607218683652,0.2,0.05866629553214896,0.24229216172871465,0.5402724050551676,0.6565610662872613,0.1915487873112064,0.5482123426411802,0.5482123426411802,0.6468211991252605,0.17777749257301337,"[0.6402553915010362, 0.17318371651477596, 0.10095560195540715, 0.08560529002878065]","[0.6481953290870488, 0.1083864118895966, 0.12277070063694268, 0.12064755838641189]","[0.09998298644586855, 0.20002268473884194, 0.3000056711847105, 0.399988657630579]","[0.7032909347869978, 0.15231173026448616, 0.07993808466249411, 0.06445925028602194]","[0.822771259514536, 1.0276248353803854, 1.1413992226745917, 1.2002625095275918]",legacy_inverse_power,0.6402553915010362,0.6481953290870488,0.09998298644586855,0.17318371651477596,0.1083864118895966,0.20002268473884194,0.10095560195540715,0.12277070063694268,0.3000056711847105,0.08560529002878065,0.12064755838641189,0.399988657630579,0.7013906202457924,0.6196706900105259,0.9000170135541314,0.9788583509513742,473,0.4496775657079925,0.6999943288152894,0.9182795698924732,465,0.8979028486492691,0.9000170135541314,1.0,473,0.8340540733673852,0.9000170135541314,0.9957716701902748,473,0.6033079483411292,0.5829257184373586,0.1616706512801923,0.06303554328596161,0.03471337579617839,-0.002578528294949728,0.015949266453320992,A_POSITIVE
lastfm/weighted_itemknn/seed_2/legacy_a0.2,lastfm,weighted_itemknn,2,legacy_a0.2,legacy,0.2,0.15495658641695878,0.1545824486907275,0.2504596745053035,0.1477176220806794,0.24582634042888163,0.6792029619477955,0.7000170135541315,0.9000170135541314,0.9000170135541314,0.9761146496815286,0.2,0.051182516169090135,0.24984912224950923,0.4709132814066078,0.5794739430061824,0.15313594380733853,0.500919349010607,0.500919349010607,0.5899749549362467,0.15079134684771778,"[0.5708962678524764, 0.1928708052841072, 0.12487998614602318, 0.11135294071739327]","[0.6009023354564755, 0.1117303609341826, 0.13964968152866242, 0.1477176220806794]","[0.09998298644586855, 0.20002268473884194, 0.3000056711847105, 0.399988657630579]","[0.7032909347869978, 0.15231173026448616, 0.07993808466249411, 0.06445925028602194]","[0.6769525454831359, 1.0560128022905644, 1.302792185522162, 1.4406300917774726]",legacy_inverse_power,0.5708962678524764,0.6009023354564755,0.09998298644586855,0.1928708052841072,0.1117303609341826,0.20002268473884194,0.12487998614602318,0.13964968152866242,0.3000056711847105,0.11135294071739327,0.1477176220806794,0.399988657630579,0.6792029619477955,0.5701978044481991,0.9000170135541314,0.9809725158562368,473,0.45204187651574607,0.6999943288152894,0.9268817204301075,465,0.8970571227382257,0.9000170135541314,1.0,473,0.793672996132444,0.9000170135541314,0.9957716701902748,473,0.6033079483411292,0.5829257184373586,0.1616706512801923,0.1323946669345214,0.08200636942675166,-0.006714064863233532,0.04152927454716161,A_POSITIVE
lastfm/weighted_itemknn/seed_2/legacy_a0.4,lastfm,weighted_itemknn,2,legacy_a0.4,legacy,0.4,0.13671863840336862,0.13370488322717541,0.18456264690445423,0.23205944798301487,0.4946820547624667,0.6217181660809453,0.600011342369421,0.9000170135541314,0.9000170135541314,0.9708067940552016,0.2,0.03988886361075373,0.26040456022501535,0.34619266106147284,0.4125035787240008,0.08431532363081717,0.36912529380890846,0.36912529380890846,0.43000116724530807,0.08929031087158822,"[0.4231783797482571, 0.22301995249792628, 0.17814598085133365, 0.175655686902483]","[0.4691082802547771, 0.10960721868365181, 0.18922505307855628, 0.23205944798301487]","[0.09998298644586855, 0.20002268473884194, 0.3000056711847105, 0.399988657630579]","[0.7032909347869978, 0.15231173026448616, 0.07993808466249411, 0.06445925028602194]","[0.4582647488360972, 1.1151630386015705, 1.6972674786576114, 2.075415061334769]",legacy_inverse_power,0.4231783797482571,0.4691082802547771,0.09998298644586855,0.22301995249792628,0.10960721868365181,0.20002268473884194,0.17814598085133365,0.18922505307855628,0.3000056711847105,0.175655686902483,0.23205944798301487,0.399988657630579,0.6217181660809453,0.4873202381322067,0.6999943288152894,0.9556025369978859,473,0.4593545094150814,0.600011342369421,0.946236559139785,465,0.8833150148871597,0.9000170135541314,1.0,473,0.6541367935313483,0.9000170135541314,0.9809725158562368,473,0.6033079483411292,0.5829257184373586,0.1616706512801923,0.2571152872796564,0.21380042462845017,-0.024952012876823693,0.15433854369510283,A_POSITIVE
lastfm/weighted_itemknn/seed_2/legacy_a0.8,lastfm,weighted_itemknn,2,legacy_a0.8,legacy,0.8,0.08660395403370817,0.08640304317055902,0.06747135178768143,0.3435244161358811,1.462268413911534,0.5293567491854144,0.500011342369421,0.9000170135541314,0.9000170135541314,0.945859872611465,0.2,0.02072812447529486,0.23704372921616068,0.09892260709341963,0.10970095800713907,0.007582140004205658,0.13494270357536287,0.13494270357536287,0.16123236392836673,0.018487796174027942,"[0.1747803413173938, 0.22414793696073632, 0.2725078259273691, 0.3285638957945008]","[0.23492569002123143, 0.1332271762208068, 0.28832271762208067, 0.3435244161358811]","[0.09998298644586855, 0.20002268473884194, 0.3000056711847105, 0.399988657630579]","[0.7032909347869978, 0.15231173026448616, 0.07993808466249411, 0.06445925028602194]","[0.2100065800258112, 1.2435886026630878, 2.8807168941087653, 4.307347676815203]",legacy_inverse_power,0.1747803413173938,0.23492569002123143,0.09998298644586855,0.22414793696073632,0.1332271762208068,0.20002268473884194,0.2725078259273691,0.28832271762208067,0.3000056711847105,0.3285638957945008,0.3435244161358811,0.399988657630579,0.5293567491854144,0.44968295919300844,0.6999943288152894,0.9238900634249472,473,0.4705375856242176,0.600011342369421,0.9526881720430107,465,0.7482174315432254,0.9000170135541314,0.985200845665962,473,0.4479941930905307,0.6999943288152894,0.9217758985200846,473,0.6033079483411292,0.5829257184373586,0.1616706512801923,0.5043853412477096,0.44798301486199577,-0.07506669724648414,0.4643186419555249,A_POSITIVE
lastfm/weighted_lightgcn/seed_0/baseline,lastfm,weighted_lightgcn,0,baseline,baseline,0.0,0.13695459346691718,0.14328556263269518,0.43551806091719314,0.006953290870488323,0.007160817754447639,0.8848358119781925,0.9000170135541314,0.9000170135541314,0.9000170135541314,0.9989384288747346,0.2,0.06034841783084686,0.22119509965020526,0.6032541089172111,0.7257680495667904,0.23000558408121208,0.8710361218343863,0.8710361218343863,1.016804002872559,0.46754732599285576,"[0.7032370953630797, 0.15142337976983647, 0.08030150077394171, 0.0650380240931422]","[0.9710191082802547, 0.017887473460721868, 0.004140127388535032, 0.006953290870488323]","[0.09998298644586855, 0.20002268473884194, 0.3000056711847105, 0.399988657630579]","[0.7032370953630797, 0.15142337976983647, 0.08030150077394171, 0.0650380240931422]","[1.0, 1.0, 1.0, 1.0]",baseline,0.7032370953630797,0.9710191082802547,0.09998298644586855,0.15142337976983647,0.017887473460721868,0.20002268473884194,0.08030150077394171,0.004140127388535032,0.3000056711847105,0.0650380240931422,0.006953290870488323,0.399988657630579,0.8848358119781925,0.8995941805731591,0.9000170135541314,1.0,473,0.8389387688894663,0.9000170135541314,0.9956989247311828,465,0.9000170135541318,0.9000170135541314,1.0,473,0.9000170135541318,0.9000170135541314,1.0,473,0.6032541089172111,0.8710361218343863,0.13695459346691718,0.0,0.0,0.0,0.0,BASELINE
lastfm/weighted_lightgcn/seed_0/kl_lam0.1,lastfm,weighted_lightgcn,0,kl_lam0.1,kl,0.1,0.13868902357589463,0.14360403397027457,0.4085010757791888,0.03397027600849257,0.03704561241023976,0.8475742560964936,0.9000170135541314,0.9000170135541314,0.9000170135541314,0.9941613588110403,0.2,0.05072964148261447,0.23004493895424713,0.09647563643166193,0.11166247102994126,0.009419474777026182,0.8170021515583776,0.8170021515583776,0.9525954477128703,0.38756777562896827,"[0.19645862287753052, 0.17384007159681208, 0.2632978749606655, 0.36640343056499197]","[0.9169851380042463, 0.020806794055201697, 0.02823779193205945, 0.03397027600849257]","[0.09998298644586855, 0.20002268473884194, 0.3000056711847105, 0.399988657630579]","[0.7032370953630797, 0.15142337976983647, 0.08030150077394171, 0.0650380240931422]","[0.10807142963741749, 0.44411815752460543, 1.2684263770945992, 2.179384035743378]",kl_projection,0.19645862287753052,0.9169851380042463,0.09998298644586855,0.17384007159681208,0.020806794055201697,0.20002268473884194,0.2632978749606655,0.02823779193205945,0.3000056711847105,0.36640343056499197,0.03397027600849257,0.399988657630579,0.8475742560964936,0.893674327002429,0.9000170135541314,0.9978858350951374,473,0.6939910687987881,0.9000170135541314,0.978494623655914,465,0.9000170135541318,0.9000170135541314,1.0,473,0.9000170135541318,0.9000170135541314,1.0,473,0.6032541089172111,0.8710361218343863,0.13695459346691718,0.5067784724855492,0.05403397027600865,0.0017344301089774472,0.0,B_ATTENUATED
lastfm/weighted_lightgcn/seed_0/kl_lam0.5,lastfm,weighted_lightgcn,0,kl_lam0.5,kl,0.5,0.1382530903326329,0.14360403397027463,0.4209479972229256,0.027123142250530786,0.028796844181428995,0.8634452471197668,0.9000170135541314,0.9000170135541314,0.9000170135541314,0.9941613588110403,0.2,0.05415792567672075,0.22680293058227294,0.2157522024757692,0.25206595940413873,0.03705242097453204,0.8418959944458512,0.8418959944458512,0.9812075654484897,0.4191505667547725,"[0.31573518892163777, 0.15939728500721181, 0.21119459314447422, 0.3136729329266762]","[0.9418789808917197, 0.015286624203821656, 0.015711252653927813, 0.027123142250530786]","[0.09998298644586855, 0.20002268473884194, 0.3000056711847105, 0.399988657630579]","[0.7032370953630797, 0.15142337976983647, 0.08030150077394171, 0.0650380240931422]","[0.20055636854580036, 0.4702223051247281, 1.1748282342712575, 2.154393092058214]",kl_projection,0.31573518892163777,0.9418789808917197,0.09998298644586855,0.15939728500721181,0.015286624203821656,0.20002268473884194,0.21119459314447422,0.015711252653927813,0.3000056711847105,0.3136729329266762,0.027123142250530786,0.399988657630579,0.8634452471197668,0.896845754207018,0.9000170135541314,0.9978858350951374,473,0.7550681914226076,0.9000170135541314,0.978494623655914,465,0.9000170135541318,0.9000170135541314,1.0,473,0.9000170135541318,0.9000170135541314,1.0,473,0.6032541089172111,0.8710361218343863,0.13695459346691718,0.3875019064414419,0.02914012738853511,0.0012984968657157037,0.0,B_ATTENUATED
lastfm/weighted_lightgcn/seed_0/kl_lam2.0,lastfm,weighted_lightgcn,0,kl_lam2.0,kl,2.0,0.1379073105464906,0.14509023354564618,0.4299713517876814,0.011358811040339702,0.01183301078240404,0.8787315251525472,0.9000170135541314,0.9000170135541314,0.9000170135541314,0.9989384288747346,0.2,0.06097476669528658,0.2199867508101072,0.4355284528727479,0.5273996510719782,0.12671815960553495,0.8599427035753628,0.8599427035753628,1.0042158615803312,0.45025986458874634,"[0.5355114393186164, 0.17536458866350324, 0.1361042858925785, 0.15301968612530184]","[0.9599256900212314, 0.022876857749469213, 0.00583864118895966, 0.011358811040339702]","[0.09998298644586855, 0.20002268473884194, 0.3000056711847105, 0.399988657630579]","[0.7032370953630797, 0.15142337976983647, 0.08030150077394171, 0.0650380240931422]","[0.5104459301969858, 0.7763038321381786, 1.136137523953108, 1.5771127137117271]",kl_projection,0.5355114393186164,0.9599256900212314,0.09998298644586855,0.17536458866350324,0.022876857749469213,0.20002268473884194,0.1361042858925785,0.00583864118895966,0.3000056711847105,0.15301968612530184,0.011358811040339702,0.399988657630579,0.8787315251525472,0.8989598351831428,0.9000170135541314,1.0,473,0.8148518204807824,0.9000170135541314,0.9956989247311828,465,0.9000170135541318,0.9000170135541314,1.0,473,0.9000170135541318,0.9000170135541314,1.0,473,0.6032541089172111,0.8710361218343863,0.13695459346691718,0.1677256560444632,0.011093418259023435,0.000952717079573423,0.0,B_ATTENUATED
lastfm/weighted_lightgcn/seed_0/kl_lam8.0,lastfm,weighted_lightgcn,0,kl_lam8.0,kl,8.0,0.1371098675802569,0.14328556263269515,0.43358069361358376,0.007537154989384289,0.007793205641833774,0.8828717609076691,0.9000170135541314,0.9000170135541314,0.9000170135541314,0.9989384288747346,0.2,0.06035587851829781,0.22129458276429737,0.5640463446269299,0.6820234995674717,0.2047378772328601,0.8671613872271675,0.8671613872271675,1.012637367822911,0.46227455685978397,"[0.6640293310727985, 0.16343380705668634, 0.0935627971687406, 0.0789740647017745]","[0.9671443736730361, 0.020859872611464967, 0.0044585987261146496, 0.007537154989384289]","[0.09998298644586855, 0.20002268473884194, 0.3000056711847105, 0.399988657630579]","[0.7032370953630797, 0.15142337976983647, 0.08030150077394171, 0.0650380240931422]","[0.8578246166995808, 0.9805324595468826, 1.05850410903867, 1.1031388147148666]",kl_projection,0.6640293310727985,0.9671443736730361,0.09998298644586855,0.16343380705668634,0.020859872611464967,0.20002268473884194,0.0935627971687406,0.0044585987261146496,0.3000056711847105,0.0789740647017745,0.007537154989384289,0.399988657630579,0.8828717609076691,0.8989599311017004,0.9000170135541314,1.0,473,0.8316263555198616,0.9000170135541314,0.9956989247311828,465,0.9000170135541318,0.9000170135541314,1.0,473,0.9000170135541318,0.9000170135541314,1.0,473,0.6032541089172111,0.8710361218343863,0.13695459346691718,0.039207764290281166,0.003874734607218766,0.00015527411333970953,0.0,B_ATTENUATED
lastfm/weighted_lightgcn/seed_0/legacy_a0.1,lastfm,weighted_lightgcn,0,legacy_a0.1,legacy,0.1,0.13706134217681773,0.14328556263269515,0.4324660439320551,0.007643312101910828,0.007921227790299289,0.8818100723852678,0.9000170135541314,0.9000170135541314,0.9000170135541314,0.9989384288747346,0.2,0.06052711661821502,0.2209660854610761,0.5401316419454345,0.6560389922196911,0.1910571556909459,0.86493208786411,0.86493208786411,1.010326029987318,0.4598193043641021,"[0.6401146283913031, 0.17224836639495833, 0.10135327468256732, 0.08628373053117139]","[0.9649150743099788, 0.02308917197452229, 0.00435244161358811, 0.007643312101910828]","[0.09998298644586855, 0.20002268473884194, 0.3000056711847105, 0.399988657630579]","[0.7032370953630797, 0.15142337976983647, 0.08030150077394171, 0.0650380240931422]","[0.8227775583865387, 1.0282261229124607, 1.140881610874551, 1.1991900936072342]",legacy_inverse_power,0.6401146283913031,0.9649150743099788,0.09998298644586855,0.17224836639495833,0.02308917197452229,0.20002268473884194,0.10135327468256732,0.00435244161358811,0.3000056711847105,0.08628373053117139,0.007643312101910828,0.399988657630579,0.8818100723852678,0.8987484666519353,0.9000170135541314,1.0,473,0.8275399071511201,0.9000170135541314,0.9956989247311828,465,0.9000170135541318,0.9000170135541314,1.0,473,0.9000170135541318,0.9000170135541314,1.0,473,0.6032541089172111,0.8710361218343863,0.13695459346691718,0.06312246697177659,0.006104033970276257,0.00010674870990054486,0.0,B_ATTENUATED
lastfm/weighted_lightgcn/seed_0/legacy_a0.2,lastfm,weighted_lightgcn,0,legacy_a0.2,legacy,0.2,0.1381212845578007,0.14487791932059316,0.42890978066241603,0.009235668789808917,0.009642560265991595,0.8791028583132164,0.9000170135541314,0.9000170135541314,0.9000170135541314,0.9989384288747346,0.2,0.061148594414708934,0.22008045307780272,0.4706970075875144,0.5788056750041469,0.1526618039150328,0.8578195613248321,0.8578195613248321,1.0025468013706438,0.4501121997482075,"[0.570679994033383, 0.1919093804088556, 0.12529415844804861, 0.11211646710971283]","[0.9578025477707006, 0.027653927813163483, 0.005307855626326964, 0.009235668789808917]","[0.09998298644586855, 0.20002268473884194, 0.3000056711847105, 0.399988657630579]","[0.7032370953630797, 0.15142337976983647, 0.08030150077394171, 0.0650380240931422]","[0.6769629105845141, 1.0572489598395909, 1.3016108500317103, 1.4380568806057272]",legacy_inverse_power,0.570679994033383,0.9578025477707006,0.09998298644586855,0.1919093804088556,0.027653927813163483,0.20002268473884194,0.12529415844804861,0.005307855626326964,0.3000056711847105,0.11211646710971283,0.009235668789808917,0.399988657630579,0.8791028583132164,0.8987483707333779,0.9000170135541314,1.0,473,0.8165714212537709,0.9000170135541314,0.9956989247311828,465,0.9000170135541318,0.9000170135541314,1.0,473,0.9000170135541318,0.9000170135541314,1.0,473,0.6032541089172111,0.8710361218343863,0.13695459346691718,0.13255710132969667,0.01321656050955422,0.0011666910908835204,0.0,B_ATTENUATED
lastfm/weighted_lightgcn/seed_0/legacy_a0.4,lastfm,weighted_lightgcn,0,legacy_a0.4,legacy,0.4,0.13952318644092437,0.14593949044585847,0.42214226473884914,0.010721868365180466,0.011354693648104895,0.8740069526798034,0.9000170135541314,0.9000170135541314,0.9000170135541314,0.9984076433121019,0.2,0.05998315775307793,0.22285607269703805,0.344985954584635,0.4116662192014376,0.08396282562574908,0.8442845294776983,0.8442845294776983,0.9880120080402981,0.4335579805897414,"[0.42289280830974857, 0.22209881745959686, 0.17851912931579342, 0.17648924491486107]","[0.9442675159235668, 0.03694267515923567, 0.008067940552016985, 0.010721868365180466]","[0.09998298644586855, 0.20002268473884194, 0.3000056711847105, 0.399988657630579]","[0.7032370953630797, 0.15142337976983647, 0.08030150077394171, 0.0650380240931422]","[0.4582787823070568, 1.117775363081897, 1.6941908049202714, 2.068007591857475]",legacy_inverse_power,0.42289280830974857,0.9442675159235668,0.09998298644586855,0.22209881745959686,0.03694267515923567,0.20002268473884194,0.17851912931579342,0.008067940552016985,0.3000056711847105,0.17648924491486107,0.010721868365180466,0.399988657630579,0.8740069526798034,0.8983255377524053,0.9000170135541314,1.0,473,0.7963548917626957,0.9000170135541314,0.9935483870967742,465,0.9000170135541318,0.9000170135541314,1.0,473,0.9000170135541318,0.9000170135541314,1.0,473,0.6032541089172111,0.8710361218343863,0.13695459346691718,0.2582681543325761,0.026751592356688003,0.002568592974007189,0.0,B_ATTENUATED
lastfm/weighted_lightgcn/seed_0/legacy_a0.8,lastfm,weighted_lightgcn,0,legacy_a0.8,legacy,0.8,0.13842361983248527,0.1439225053078541,0.4016008634649638,0.024946921443736732,0.027621062529353528,0.8442289313982916,0.9000170135541314,0.9000170135541314,0.9000170135541314,0.9888535031847133,0.2,0.050213547164053796,0.23007669635807076,0.09843054717587538,0.10926250033130547,0.007536289477072088,0.8032017269299276,0.8032017269299276,0.9408299466508758,0.37947850744539713,"[0.1746780125145955, 0.22375820584599035, 0.2725996363310996, 0.32896414530831447]","[0.9031847133757962, 0.04803609341825903, 0.02383227176220807, 0.024946921443736732]","[0.09998298644586855, 0.20002268473884194, 0.3000056711847105, 0.399988657630579]","[0.7032370953630797, 0.15142337976983647, 0.08030150077394171, 0.0650380240931422]","[0.2100194423128388, 1.2494217623128665, 2.870282483476397, 4.276655399980153]",legacy_inverse_power,0.1746780125145955,0.9031847133757962,0.09998298644586855,0.22375820584599035,0.04803609341825903,0.20002268473884194,0.2725996363310996,0.02383227176220807,0.3000056711847105,0.32896414530831447,0.024946921443736732,0.399988657630579,0.8442289313982916,0.8873315805016279,0.9000170135541314,0.9978858350951374,473,0.687319133418584,0.9000170135541314,0.956989247311828,465,0.9000170135541318,0.9000170135541314,1.0,473,0.8995941326138803,0.9000170135541314,1.0,473,0.6032541089172111,0.8710361218343863,0.13695459346691718,0.5048235617413357,0.06783439490445864,0.001469026365568088,0.0,B_ATTENUATED
lastfm/weighted_lightgcn/seed_1/baseline,lastfm,weighted_lightgcn,1,baseline,baseline,0.0,0.13032089370024977,0.1376503892427447,0.4360488464798258,0.007749469214437367,0.007972043245596255,0.884676633502879,0.9000170135541314,0.9000170135541314,0.9000170135541314,0.9994692144373672,0.2,0.05404222480300158,0.2046992204486629,0.602904152661743,0.7258632234321333,0.23046121846949302,0.8720976929596516,0.8720976929596516,1.0176824649015186,0.4678352904835892,"[0.7028871391076116, 0.1526482266639747, 0.08069183659734841, 0.06377279763106534]","[0.9720806794055201, 0.015498938428874735, 0.004670912951167728, 0.007749469214437367]","[0.09998298644586855, 0.20002268473884194, 0.3000056711847105, 0.399988657630579]","[0.7028871391076116, 0.1526482266639747, 0.08069183659734841, 0.06377279763106534]","[1.0, 1.0, 1.0, 1.0]",baseline,0.7028871391076116,0.9720806794055201,0.09998298644586855,0.1526482266639747,0.015498938428874735,0.20002268473884194,0.08069183659734841,0.004670912951167728,0.3000056711847105,0.06377279763106534,0.007749469214437367,0.399988657630579,0.884676633502879,0.9000170135541318,0.9000170135541314,1.0,473,0.8378637317980887,0.9000170135541314,0.9978494623655914,465,0.9000170135541318,0.9000170135541314,1.0,473,0.9000170135541318,0.9000170135541314,1.0,473,0.602904152661743,0.8720976929596516,0.13032089370024977,0.0,0.0,0.0,0.0,BASELINE
lastfm/weighted_lightgcn/seed_1/kl_lam0.1,lastfm,weighted_lightgcn,1,kl_lam0.1,kl,0.1,0.13321521330786248,0.13891542816701918,0.40818260444160925,0.02956475583864119,0.03226367006483968,0.8489541901927518,0.9000170135541314,0.9000170135541314,0.9000170135541314,0.9968152866242038,0.2,0.04850178708318148,0.21095297946155794,0.0963935595894326,0.11157665991211811,0.009406180076643803,0.8163652088832185,0.8163652088832185,0.9522930495985598,0.38737235961123406,"[0.1963765460353012, 0.1739335840363637, 0.2631751894262955, 0.3665146805020397]","[0.9163481953290871, 0.02043524416135881, 0.03365180467091295, 0.02956475583864119]","[0.09998298644586855, 0.20002268473884194, 0.3000056711847105, 0.399988657630579]","[0.7028871391076116, 0.1526482266639747, 0.08069183659734841, 0.06377279763106534]","[0.10717255481392714, 0.43709037798688183, 1.251108305906031, 2.2046287612931597]",kl_projection,0.1963765460353012,0.9163481953290871,0.09998298644586855,0.1739335840363637,0.02043524416135881,0.20002268473884194,0.2631751894262955,0.03365180467091295,0.3000056711847105,0.3665146805020397,0.02956475583864119,0.399988657630579,0.8489541901927518,0.8919831269665555,0.9000170135541314,1.0,473,0.7017324310661401,0.9000170135541314,0.9870967741935484,465,0.9000170135541318,0.9000170135541314,1.0,473,0.8995941805731591,0.9000170135541314,1.0,473,0.602904152661743,0.8720976929596516,0.13032089370024977,0.5065105930723104,0.05573248407643305,0.0028943196076127164,0.0,B_ATTENUATED
lastfm/weighted_lightgcn/seed_1/kl_lam0.5,lastfm,weighted_lightgcn,1,kl_lam0.5,kl,0.5,0.13333990532315643,0.13976468506723147,0.4223280396857706,0.022770700636942674,0.02410518626732291,0.8647721327615913,0.9000170135541314,0.9000170135541314,0.9000170135541314,0.9962845010615711,0.2,0.05360807287112966,0.2059017537941198,0.2152397605890091,0.25149141566891664,0.036927555722890054,0.8446560793715412,0.8446560793715412,0.9845599503294045,0.42268305089206787,"[0.3152227470348776, 0.15958237932734315, 0.21074388159519702, 0.31445099204258214]","[0.9446390658174098, 0.013057324840764332, 0.019532908704883226, 0.022770700636942674]","[0.09998298644586855, 0.20002268473884194, 0.3000056711847105, 0.399988657630579]","[0.7028871391076116, 0.1526482266639747, 0.08069183659734841, 0.06377279763106534]","[0.19851627207190145, 0.4627616183302614, 1.1560843790370658, 2.182637730560771]",kl_projection,0.3152227470348776,0.9446390658174098,0.09998298644586855,0.15958237932734315,0.013057324840764332,0.20002268473884194,0.21074388159519702,0.019532908704883226,0.3000056711847105,0.31445099204258214,0.022770700636942674,0.399988657630579,0.8647721327615913,0.8991713475921866,0.9000170135541314,1.0,473,0.7580786148161834,0.9000170135541314,0.9849462365591398,465,0.9000170135541318,0.9000170135541314,1.0,473,0.9000170135541318,0.9000170135541314,1.0,473,0.602904152661743,0.8720976929596516,0.13032089370024977,0.38766439207273395,0.02744161358811037,0.003019011622906659,0.0,B_ATTENUATED
lastfm/weighted_lightgcn/seed_1/kl_lam2.0,lastfm,weighted_lightgcn,1,kl_lam2.0,kl,2.0,0.132936928551511,0.13998584571832842,0.4318025619787642,0.01162420382165605,0.01206345708933418,0.8803239932172151,0.9000170135541314,0.9000170135541314,0.9000170135541314,0.9989384288747346,0.2,0.058657093041729974,0.2004184556377249,0.4350394587500372,0.5271886901714842,0.12670027753047425,0.8636051239575284,0.8636051239575284,1.0078727808513717,0.4537403350567194,"[0.5350224451959058, 0.17628286932439624, 0.1363159927202898, 0.1523786927594082]","[0.963588110403397, 0.018259023354564755, 0.006528662420382166, 0.01162420382165605]","[0.09998298644586855, 0.20002268473884194, 0.3000056711847105, 0.399988657630579]","[0.7028871391076116, 0.1526482266639747, 0.08069183659734841, 0.06377279763106534]","[0.5078966864541121, 0.7705615278763388, 1.1272135089184776, 1.594328276751071]",kl_projection,0.5350224451959058,0.963588110403397,0.09998298644586855,0.17628286932439624,0.018259023354564755,0.20002268473884194,0.1363159927202898,0.006528662420382166,0.3000056711847105,0.1523786927594082,0.01162420382165605,0.399988657630579,0.8803239932172151,0.8998055970636454,0.9000170135541314,1.0,473,0.8204435720170332,0.9000170135541314,0.9956989247311828,465,0.9000170135541318,0.9000170135541314,1.0,473,0.9000170135541318,0.9000170135541314,1.0,473,0.602904152661743,0.8720976929596516,0.13032089370024977,0.16786469391170583,0.00849256900212314,0.0026160348512612452,0.0,B_ATTENUATED
lastfm/weighted_lightgcn/seed_1/kl_lam8.0,lastfm,weighted_lightgcn,1,kl_lam8.0,kl,8.0,0.1310467895266575,0.13860580325548352,0.43493419679829715,0.008280254777070064,0.008537653239921145,0.8838803678636239,0.9000170135541314,0.9000170135541314,0.9000170135541314,0.9989384288747346,0.2,0.0563658165407118,0.20281055878472817,0.5637728324895577,0.6822616814876766,0.20521942931159262,0.8698683935965943,0.8698683935965943,1.0152371622022756,0.46453625711063495,"[0.6637558189354262, 0.16467762155492435, 0.09398958801506774, 0.07757697149458162]","[0.9698513800424629, 0.016985138004246284, 0.004883227176220807, 0.008280254777070064]","[0.09998298644586855, 0.20002268473884194, 0.3000056711847105, 0.399988657630579]","[0.7028871391076116, 0.1526482266639747, 0.08069183659734841, 0.06377279763106534]","[0.8576245100709343, 0.9797544895844228, 1.0578512056753209, 1.104769794669322]",kl_projection,0.6637558189354262,0.9698513800424629,0.09998298644586855,0.16467762155492435,0.016985138004246284,0.20002268473884194,0.09398958801506774,0.004883227176220807,0.3000056711847105,0.07757697149458162,0.008280254777070064,0.399988657630579,0.8838803678636239,0.9000170135541318,0.9000170135541314,1.0,473,0.8346375716596874,0.9000170135541314,0.9956989247311828,465,0.9000170135541318,0.9000170135541314,1.0,473,0.9000170135541318,0.9000170135541314,1.0,473,0.602904152661743,0.8720976929596516,0.13032089370024977,0.039131320172185347,0.002229299363057269,0.0007258958264077242,0.0,B_ATTENUATED
lastfm/weighted_lightgcn/seed_1/legacy_a0.1,lastfm,weighted_lightgcn,1,legacy_a0.1,legacy,0.1,0.13141399918807264,0.13828733191790388,0.43395224350742667,0.008386411889596603,0.008664655881537524,0.8831902593368953,0.9000170135541314,0.9000170135541314,0.9000170135541314,0.9994692144373672,0.2,0.05621132174296615,0.20295983777615675,0.5399102795722442,0.65638754529838,0.19157812492940984,0.8679044870148533,0.8679044870148533,1.0131325122530772,0.46175876164901414,"[0.6398932660181129, 0.17351954558449903, 0.10180696117547271, 0.08478022722191543]","[0.9678874734607219, 0.018418259023354564, 0.005307855626326964, 0.008386411889596603]","[0.09998298644586855, 0.20002268473884194, 0.3000056711847105, 0.399988657630579]","[0.7028871391076116, 0.1526482266639747, 0.08069183659734841, 0.06377279763106534]","[0.8228185139889198, 1.0273980816491168, 1.1403285198315083, 1.2015482605513303]",legacy_inverse_power,0.6398932660181129,0.9678874734607219,0.09998298644586855,0.17351954558449903,0.018418259023354564,0.20002268473884194,0.10180696117547271,0.005307855626326964,0.3000056711847105,0.08478022722191543,0.008386411889596603,0.399988657630579,0.8831902593368953,0.9000170135541318,0.9000170135541314,1.0,473,0.8318415190481678,0.9000170135541314,0.9978494623655914,465,0.9000170135541318,0.9000170135541314,1.0,473,0.9000170135541318,0.9000170135541314,1.0,473,0.602904152661743,0.8720976929596516,0.13032089370024977,0.06299387308949878,0.004193205944798217,0.0010931054878228763,0.0,B_ATTENUATED
lastfm/weighted_lightgcn/seed_1/legacy_a0.2,lastfm,weighted_lightgcn,1,legacy_a0.2,legacy,0.2,0.13187772405550946,0.13892427459306306,0.4307409908534988,0.008970276008492569,0.009329800154566867,0.8803768851421343,0.9000170135541314,0.9000170135541314,0.9000170135541314,0.9994692144373672,0.2,0.057605951358652895,0.20105738441679658,0.4706110957767217,0.5794211678398308,0.1532057237691784,0.8614819817069976,0.8614819817069976,1.0063107381588923,0.4536426473519112,"[0.5705940822225903, 0.19319808636754776, 0.1258123078457469, 0.11039552356411506]","[0.9614649681528662, 0.02372611464968153, 0.00583864118895966, 0.008970276008492569]","[0.09998298644586855, 0.20002268473884194, 0.3000056711847105, 0.399988657630579]","[0.7028871391076116, 0.1526482266639747, 0.08069183659734841, 0.06377279763106534]","[0.6770303069629342, 1.0555468181762853, 1.3003491331411188, 1.4437182224339276]",legacy_inverse_power,0.5705940822225903,0.9614649681528662,0.09998298644586855,0.19319808636754776,0.02372611464968153,0.20002268473884194,0.1258123078457469,0.00583864118895966,0.3000056711847105,0.11039552356411506,0.008970276008492569,0.399988657630579,0.8803768851421343,0.8995941805731591,0.9000170135541314,1.0,473,0.8208729233859534,0.9000170135541314,0.9978494623655914,465,0.9000170135541318,0.9000170135541314,1.0,473,0.9000170135541318,0.9000170135541314,1.0,473,0.602904152661743,0.8720976929596516,0.13032089370024977,0.1322930568850213,0.010615711252653925,0.0015568303552596918,0.0,B_ATTENUATED
lastfm/weighted_lightgcn/seed_1/legacy_a0.4,lastfm,weighted_lightgcn,1,legacy_a0.4,legacy,0.4,0.13372505496446632,0.141250884642603,0.4247961925520126,0.010721868365180466,0.011291224147556584,0.8747501969562718,0.9000170135541314,0.9000170135541314,0.9000170135541314,0.9984076433121019,0.2,0.058969518005286166,0.19912540336439888,0.3463223936265191,0.4127171153417515,0.08441883944736686,0.8495923851040252,0.8495923851040252,0.9933586405702922,0.4378833710177191,"[0.4230195150555836, 0.22330854975564604, 0.17914641891761332, 0.17452551627115706]","[0.9495753715498938, 0.03099787685774947, 0.00870488322717622, 0.010721868365180466]","[0.09998298644586855, 0.20002268473884194, 0.3000056711847105, 0.399988657630579]","[0.7028871391076116, 0.1526482266639747, 0.08069183659734841, 0.06377279763106534]","[0.4583700365463249, 1.11417908536208, 1.690907868060859, 2.0843223057877793]",legacy_inverse_power,0.4230195150555836,0.9495753715498938,0.09998298644586855,0.22330854975564604,0.03099787685774947,0.20002268473884194,0.17914641891761332,0.00870488322717622,0.3000056711847105,0.17452551627115706,0.010721868365180466,0.399988657630579,0.8747501969562718,0.8989598831424216,0.9000170135541314,1.0,473,0.7987209710043913,0.9000170135541314,0.9935483870967742,465,0.9000170135541318,0.9000170135541314,1.0,473,0.9000170135541318,0.9000170135541314,1.0,473,0.602904152661743,0.8720976929596516,0.13032089370024977,0.2565817590352239,0.022505307855626322,0.003404161264216554,0.0,B_ATTENUATED
lastfm/weighted_lightgcn/seed_1/legacy_a0.8,lastfm,weighted_lightgcn,1,legacy_a0.8,legacy,0.8,0.1345254476337275,0.14021585279546922,0.4017070205774903,0.02048832271762208,0.0226792009400454,0.8455028619013546,0.9000170135541314,0.9000170135541314,0.9000170135541314,0.9962845010615711,0.2,0.053508835825084144,0.20479673557716577,0.09904615732408126,0.11002852899992327,0.007606856823401778,0.8034140411549806,0.8034140411549806,0.9414678721730845,0.3803170230618951,"[0.17477983243778705, 0.22427199607100473, 0.2730503713581102, 0.32789780013309805]","[0.9033970276008493, 0.04729299363057325, 0.028821656050955415, 0.02048832271762208]","[0.09998298644586855, 0.20002268473884194, 0.3000056711847105, 0.399988657630579]","[0.7028871391076116, 0.1526482266639747, 0.08069183659734841, 0.06377279763106534]","[0.21010309040347924, 1.2413950342582811, 2.8591694182701186, 4.344399474404485]",legacy_inverse_power,0.17477983243778705,0.9033970276008493,0.09998298644586855,0.22427199607100473,0.04729299363057325,0.20002268473884194,0.2730503713581102,0.028821656050955415,0.3000056711847105,0.32789780013309805,0.02048832271762208,0.399988657630579,0.8455028619013546,0.8854287481585137,0.9000170135541314,1.0,473,0.6946312296896886,0.9000170135541314,0.9849462365591398,465,0.9000170135541318,0.9000170135541314,1.0,473,0.899382716123394,0.9000170135541314,1.0,473,0.602904152661743,0.8720976929596516,0.13032089370024977,0.5038579953376617,0.06868365180467095,0.004204553933477739,0.0,B_ATTENUATED
lastfm/weighted_lightgcn/seed_2/baseline,lastfm,weighted_lightgcn,2,baseline,baseline,0.0,0.1304844876122776,0.13354564755838533,0.43464226473884915,0.008917197452229299,0.009199934286174178,0.8838272772666287,0.9000170135541314,0.9000170135541314,0.9000170135541314,1.0,0.2,0.06585541776720213,0.195879448891187,0.6033079483411292,0.7261312150976156,0.23048204652563453,0.8692845294776983,0.8692845294776983,1.0146912137497048,0.4649519404426927,"[0.7032909347869978, 0.15231173026448616, 0.07993808466249411, 0.06445925028602194]","[0.9692675159235669, 0.018630573248407643, 0.0031847133757961785, 0.008917197452229299]","[0.09998298644586855, 0.20002268473884194, 0.3000056711847105, 0.399988657630579]","[0.7032909347869978, 0.15231173026448616, 0.07993808466249411, 0.06445925028602194]","[1.0, 1.0, 1.0, 1.0]",baseline,0.7032909347869978,0.9692675159235669,0.09998298644586855,0.15231173026448616,0.018630573248407643,0.20002268473884194,0.07993808466249411,0.0031847133757961785,0.3000056711847105,0.06445925028602194,0.008917197452229299,0.399988657630579,0.8838272772666287,0.8998055970636454,0.9000170135541314,1.0,473,0.834637522875303,0.9000170135541314,1.0,465,0.9000170135541318,0.9000170135541314,1.0,473,0.9000170135541318,0.9000170135541314,1.0,473,0.6033079483411292,0.8692845294776983,0.1304844876122776,0.0,0.0,0.0,0.0,BASELINE
lastfm/weighted_lightgcn/seed_2/kl_lam0.1,lastfm,weighted_lightgcn,2,kl_lam0.1,kl,0.1,0.13370406297875762,0.1373230714791212,0.40590022652228863,0.037101910828025476,0.0406915822563298,0.8432749773242919,0.9000170135541314,0.9000170135541314,0.9000170135541314,0.9899150743099787,0.2,0.05889174490200059,0.20409223827387787,0.09646229880495819,0.11165271461526871,0.009417193349983822,0.8118004530445773,0.8118004530445773,0.9463464612357161,0.38140873022664357,"[0.1964452852508267, 0.17389975876266792, 0.2632340104116622, 0.366420945574843]","[0.9117834394904458, 0.020859872611464967, 0.030254777070063694, 0.037101910828025476]","[0.09998298644586855, 0.20002268473884194, 0.3000056711847105, 0.399988657630579]","[0.7032909347869978, 0.15231173026448616, 0.07993808466249411, 0.06445925028602194]","[0.10744668373631856, 0.43918960568254456, 1.2667026742654275, 2.18666103631571]",kl_projection,0.1964452852508267,0.9117834394904458,0.09998298644586855,0.17389975876266792,0.020859872611464967,0.20002268473884194,0.2632340104116622,0.030254777070063694,0.3000056711847105,0.366420945574843,0.037101910828025476,0.399988657630579,0.8432749773242919,0.8860634532431204,0.9000170135541314,0.9978858350951374,473,0.6849590302640028,0.9000170135541314,0.9612903225806452,465,0.9000170135541318,0.9000170135541314,1.0,473,0.8993827640826729,0.9000170135541314,1.0,473,0.6033079483411292,0.8692845294776983,0.1304844876122776,0.5068456495361711,0.057484076433121034,0.0032195753664800153,0.0,B_ATTENUATED
lastfm/weighted_lightgcn/seed_2/kl_lam0.5,lastfm,weighted_lightgcn,2,kl_lam0.5,kl,0.5,0.13213118576530059,0.13543878273177523,0.4204702902165562,0.02829087048832272,0.030067129237853756,0.8627020750876898,0.9000170135541314,0.9000170135541314,0.9000170135541314,0.9973460721868365,0.2,0.060548941238348586,0.20130074390748615,0.21548408613309503,0.2517724322616895,0.036984633951885684,0.8409405804331124,0.8409405804331124,0.9800439854899478,0.41799270781854353,"[0.31546707257896356, 0.15954084069096108, 0.2110392506148717, 0.3139528361152036]","[0.9409235668789809, 0.015658174097664544, 0.015127388535031847, 0.02829087048832272]","[0.09998298644586855, 0.20002268473884194, 0.3000056711847105, 0.399988657630579]","[0.7032909347869978, 0.15231173026448616, 0.07993808466249411, 0.06445925028602194]","[0.19921281493200324, 0.46519686625636236, 1.172486237839679, 2.1631040809719555]",kl_projection,0.31546707257896356,0.9409235668789809,0.09998298644586855,0.15954084069096108,0.015658174097664544,0.20002268473884194,0.2110392506148717,0.015127388535031847,0.3000056711847105,0.3139528361152036,0.02829087048832272,0.399988657630579,0.8627020750876898,0.8957887077240458,0.9000170135541314,1.0,473,0.7533474320204846,0.9000170135541314,0.989247311827957,465,0.9000170135541318,0.9000170135541314,1.0,473,0.8998055970636454,0.9000170135541314,1.0,473,0.6033079483411292,0.8692845294776983,0.1304844876122776,0.3878238622080342,0.028343949044585925,0.0016466981530229852,0.0,B_ATTENUATED
lastfm/weighted_lightgcn/seed_2/kl_lam2.0,lastfm,weighted_lightgcn,2,kl_lam2.0,kl,2.0,0.13225608788464305,0.13575725406935485,0.4296263411719701,0.012367303609341827,0.012892872952620468,0.8771391925461128,0.9000170135541314,0.9000170135541314,0.9000170135541314,0.9994692144373672,0.2,0.06776300967786375,0.1927692698531528,0.43542876203901726,0.5275121882593458,0.12682565655395558,0.8592526823439403,0.8592526823439403,1.0032481543712073,0.4485656725526259,"[0.5354117484848858, 0.17606257742114306, 0.13576585128932275, 0.1527598228046484]","[0.9592356687898089, 0.022186836518046708, 0.006210191082802548, 0.012367303609341827]","[0.09998298644586855, 0.20002268473884194, 0.3000056711847105, 0.399988657630579]","[0.7032909347869978, 0.15231173026448616, 0.07993808466249411, 0.06445925028602194]","[0.5087606794269989, 0.7724926662248343, 1.1350042046451214, 1.583742449703046]",kl_projection,0.5354117484848858,0.9592356687898089,0.09998298644586855,0.17606257742114306,0.022186836518046708,0.20002268473884194,0.13576585128932275,0.006210191082802548,0.3000056711847105,0.1527598228046484,0.012367303609341827,0.399988657630579,0.8771391925461128,0.8991712996329079,0.9000170135541314,1.0,473,0.8081852025985004,0.9000170135541314,0.9978494623655914,465,0.9000170135541318,0.9000170135541314,1.0,473,0.9000170135541318,0.9000170135541314,1.0,473,0.6033079483411292,0.8692845294776983,0.1304844876122776,0.16787918630211196,0.010031847133758043,0.0017716002723654478,0.0,B_ATTENUATED
lastfm/weighted_lightgcn/seed_2/kl_lam8.0,lastfm,weighted_lightgcn,2,kl_lam8.0,kl,8.0,0.1315124704975819,0.134076433121018,0.43304990805095106,0.00881104033970276,0.009120378001199284,0.8823409753450363,0.9000170135541314,0.9000170135541314,0.9000170135541314,1.0,0.2,0.06502214311790007,0.19730389861526004,0.5641472647714693,0.682471173029374,0.2052109570082336,0.8660998161019021,0.8660998161019021,1.0113708962799757,0.46092429569856874,"[0.6641302512173378, 0.16434373578078126, 0.09318404613833756, 0.0783419668635434]","[0.9660828025477707, 0.021496815286624203, 0.0036093418259023355, 0.00881104033970276]","[0.09998298644586855, 0.20002268473884194, 0.3000056711847105, 0.399988657630579]","[0.7032909347869978, 0.15231173026448616, 0.07993808466249411, 0.06445925028602194]","[0.8576154641041268, 0.9799279911312718, 1.0586738499892618, 1.1037826947753397]",kl_projection,0.6641302512173378,0.9660828025477707,0.09998298644586855,0.16434373578078126,0.021496815286624203,0.20002268473884194,0.09318404613833756,0.0036093418259023355,0.3000056711847105,0.0783419668635434,0.00881104033970276,0.399988657630579,0.8823409753450363,0.8995941805731591,0.9000170135541314,1.0,473,0.8288306565951306,0.9000170135541314,1.0,465,0.9000170135541318,0.9000170135541314,1.0,473,0.9000170135541318,0.9000170135541314,1.0,473,0.6033079483411292,0.8692845294776983,0.1304844876122776,0.03916068356965996,0.0031847133757961776,0.0010279828853043127,0.0,B_ATTENUATED
lastfm/weighted_lightgcn/seed_2/legacy_a0.1,lastfm,weighted_lightgcn,2,legacy_a0.1,legacy,0.1,0.13216790581006715,0.13473991507430885,0.4319352583694224,0.00875796178343949,0.009086403436303144,0.8811731899137679,0.9000170135541314,0.9000170135541314,0.9000170135541314,1.0,0.2,0.06707051627131345,0.1948745347045167,0.5402724050551676,0.6565610662872613,0.1915487873112064,0.8638705167388447,0.8638705167388447,1.0090440782278987,0.4581857751286734,"[0.6402553915010362, 0.17318371651477596, 0.10095560195540715, 0.08560529002878065]","[0.9638535031847134, 0.023460721868365182, 0.003927813163481953, 0.00875796178343949]","[0.09998298644586855, 0.20002268473884194, 0.3000056711847105, 0.399988657630579]","[0.7032909347869978, 0.15231173026448616, 0.07993808466249411, 0.06445925028602194]","[0.822771259514536, 1.0276248353803854, 1.1413992226745917, 1.2002625095275918]",legacy_inverse_power,0.6402553915010362,0.9638535031847134,0.09998298644586855,0.17318371651477596,0.023460721868365182,0.20002268473884194,0.10095560195540715,0.003927813163481953,0.3000056711847105,0.08560529002878065,0.00875796178343949,0.399988657630579,0.8811731899137679,0.8991713475921865,0.9000170135541314,1.0,473,0.8245293496004864,0.9000170135541314,1.0,465,0.9000170135541318,0.9000170135541314,1.0,473,0.9000170135541318,0.9000170135541314,1.0,473,0.6033079483411292,0.8692845294776983,0.1304844876122776,0.06303554328596161,0.0054140127388535575,0.0016834181977895546,0.0,B_ATTENUATED
lastfm/weighted_lightgcn/seed_2/legacy_a0.2,lastfm,weighted_lightgcn,2,legacy_a0.2,legacy,0.2,0.13197975058687922,0.13548301486199463,0.42869746643736295,0.009023354564755838,0.009425070688020315,0.8783598036782752,0.9000170135541314,0.9000170135541314,0.9000170135541314,0.9994692144373672,0.2,0.06614649068291201,0.19409906784153025,0.4709132814066078,0.5794739430061824,0.15313594380733853,0.8573949328747259,0.8573949328747259,1.0021439381389552,0.4497651164537323,"[0.5708962678524764, 0.1928708052841072, 0.12487998614602318, 0.11135294071739327]","[0.9573779193205945, 0.02818471337579618, 0.005414012738853503, 0.009023354564755838]","[0.09998298644586855, 0.20002268473884194, 0.3000056711847105, 0.399988657630579]","[0.7032909347869978, 0.15231173026448616, 0.07993808466249411, 0.06445925028602194]","[0.6769525454831359, 1.0560128022905644, 1.302792185522162, 1.4406300917774726]",legacy_inverse_power,0.5708962678524764,0.9573779193205945,0.09998298644586855,0.1928708052841072,0.02818471337579618,0.20002268473884194,0.12487998614602318,0.005414012738853503,0.3000056711847105,0.11135294071739327,0.009023354564755838,0.399988657630579,0.8783598036782752,0.8983256336709627,0.9000170135541314,1.0,473,0.8139908614651536,0.9000170135541314,0.9978494623655914,465,0.9000170135541318,0.9000170135541314,1.0,473,0.9000170135541318,0.9000170135541314,1.0,473,0.6033079483411292,0.8692845294776983,0.1304844876122776,0.1323946669345214,0.011889596602972397,0.0014952629746016188,0.0,B_ATTENUATED
lastfm/weighted_lightgcn/seed_2/legacy_a0.4,lastfm,weighted_lightgcn,2,legacy_a0.4,legacy,0.4,0.13208052521495875,0.13596956829440796,0.4221157254607175,0.010934182590233545,0.011580190005047042,0.8726269312882392,0.9000170135541314,0.9000170135541314,0.9000170135541314,0.9978768577494692,0.2,0.0647348995532256,0.19600217768520178,0.34619266106147284,0.4125035787240008,0.08431532363081717,0.844231450921435,0.844231450921435,0.9878404516422381,0.43286025830842323,"[0.4231783797482571, 0.22301995249792628, 0.17814598085133365, 0.175655686902483]","[0.9442144373673036, 0.03625265392781316, 0.008598726114649681, 0.010934182590233545]","[0.09998298644586855, 0.20002268473884194, 0.3000056711847105, 0.399988657630579]","[0.7032909347869978, 0.15231173026448616, 0.07993808466249411, 0.06445925028602194]","[0.4582647488360972, 1.1151630386015705, 1.6972674786576114, 2.075415061334769]",legacy_inverse_power,0.4231783797482571,0.9442144373673036,0.09998298644586855,0.22301995249792628,0.03625265392781316,0.20002268473884194,0.17814598085133365,0.008598726114649681,0.3000056711847105,0.175655686902483,0.010934182590233545,0.399988657630579,0.8726269312882392,0.8966341099099578,0.9000170135541314,1.0,473,0.7926991607256434,0.9000170135541314,0.9913978494623656,465,0.9000170135541318,0.9000170135541314,1.0,473,0.8998055970636454,0.9000170135541314,1.0,473,0.6033079483411292,0.8692845294776983,0.1304844876122776,0.2571152872796564,0.025053078556263264,0.0015960376026811496,0.0,B_ATTENUATED
lastfm/weighted_lightgcn/seed_2/legacy_a0.8,lastfm,weighted_lightgcn,2,legacy_a0.8,legacy,0.8,0.13416878194886986,0.13739384288747222,0.3984692286454309,0.026326963906581742,0.029352586104831758,0.8406196407454996,0.9000170135541314,0.9000170135541314,0.9000170135541314,0.9915074309978769,0.2,0.06080156035176318,0.20097626644620917,0.09892260709341963,0.10970095800713907,0.007582140004205658,0.7969384572908618,0.7969384572908618,0.9338449323403745,0.3728339147936052,"[0.1747803413173938, 0.22414793696073632, 0.2725078259273691, 0.3285638957945008]","[0.8969214437367303, 0.05063694267515924, 0.026114649681528664, 0.026326963906581742]","[0.09998298644586855, 0.20002268473884194, 0.3000056711847105, 0.399988657630579]","[0.7032909347869978, 0.15231173026448616, 0.07993808466249411, 0.06445925028602194]","[0.2100065800258112, 1.2435886026630878, 2.8807168941087653, 4.307347676815203]",legacy_inverse_power,0.1747803413173938,0.8969214437367303,0.09998298644586855,0.22414793696073632,0.05063694267515924,0.20002268473884194,0.2725078259273691,0.026114649681528664,0.3000056711847105,0.3285638957945008,0.026326963906581742,0.399988657630579,0.8406196407454996,0.8820459284430777,0.9000170135541314,0.9978858350951374,473,0.6782873266096254,0.9000170135541314,0.967741935483871,465,0.9000170135541318,0.9000170135541314,1.0,473,0.899382716123394,0.9000170135541314,1.0,473,0.6033079483411292,0.8692845294776983,0.1304844876122776,0.5043853412477096,0.07234607218683653,0.0036842943365922587,0.0,B_ATTENUATED
lastfm/weighted_neumf/seed_0/baseline,lastfm,weighted_neumf,0,baseline,baseline,0.0,0.15206931403391524,0.15948336871903576,0.4397643454182546,0.0015392781316348196,0.0015714750189644738,0.8847829381143709,0.9000170135541314,0.9000170135541314,0.9000170135541314,1.0,0.2,0.07092373710397983,0.20751520441304566,0.6032541089172111,0.7257680495667904,0.23000558408121208,0.8795286908365094,0.8795286908365094,1.0269684819846951,0.4858431183271287,"[0.7032370953630797, 0.15142337976983647, 0.08030150077394171, 0.0650380240931422]","[0.9795116772823779, 0.016985138004246284, 0.0019639065817409766, 0.0015392781316348196]","[0.09998298644586855, 0.20002268473884194, 0.3000056711847105, 0.399988657630579]","[0.7032370953630797, 0.15142337976983647, 0.08030150077394171, 0.0650380240931422]","[1.0, 1.0, 1.0, 1.0]",baseline,0.7032370953630797,0.9795116772823779,0.09998298644586855,0.15142337976983647,0.016985138004246284,0.20002268473884194,0.08030150077394171,0.0019639065817409766,0.3000056711847105,0.0650380240931422,0.0015392781316348196,0.399988657630579,0.8847829381143709,0.8957886357851277,0.9000170135541314,1.0,473,0.8432407222772064,0.9000170135541314,1.0,465,0.9000170135541318,0.9000170135541314,1.0,473,0.8993827640826728,0.9000170135541314,1.0,473,0.6032541089172111,0.8795286908365094,0.15206931403391524,0.0,0.0,0.0,0.0,BASELINE
lastfm/weighted_neumf/seed_0/kl_lam0.1,lastfm,weighted_neumf,0,kl_lam0.1,kl,0.1,0.12165747685648762,0.13239561217268128,0.43363377216984705,0.0028662420382165603,0.0029632881523318976,0.8726808587160992,0.9000170135541314,0.9000170135541314,0.9000170135541314,1.0,0.2,0.043347727006705625,0.20418473467280118,0.09647563643166193,0.11166247102994126,0.009419474777026182,0.8672675443396941,0.8672675443396941,1.0139372992622209,0.46908958974871684,"[0.19645862287753052, 0.17384007159681208, 0.2632978749606655, 0.36640343056499197]","[0.9672505307855627, 0.026963906581740978, 0.00291932059447983, 0.0028662420382165603]","[0.09998298644586855, 0.20002268473884194, 0.3000056711847105, 0.399988657630579]","[0.7032370953630797, 0.15142337976983647, 0.08030150077394171, 0.0650380240931422]","[0.10807142963741749, 0.44411815752460543, 1.2684263770945992, 2.179384035743378]",kl_projection,0.19645862287753052,0.9672505307855627,0.09998298644586855,0.17384007159681208,0.026963906581740978,0.20002268473884194,0.2632978749606655,0.00291932059447983,0.3000056711847105,0.36640343056499197,0.0028662420382165603,0.399988657630579,0.8726808587160992,0.8854290359141861,0.9000170135541314,1.0,473,0.8088316322828226,0.9000170135541314,1.0,465,0.8991713475921865,0.9000170135541314,1.0,473,0.8962115167253789,0.9000170135541314,1.0,473,0.6032541089172111,0.8795286908365094,0.15206931403391524,0.5067784724855492,0.012261146496815312,-0.030411837177427625,0.19998667956537916,B_ATTENUATED
lastfm/weighted_neumf/seed_0/kl_lam0.5,lastfm,weighted_neumf,0,kl_lam0.5,kl,0.5,0.13327825796064255,0.14110049539985725,0.43793313522717187,0.0009023354564755839,0.0009246668479729442,0.8797405324628368,0.9000170135541314,0.9000170135541314,0.9000170135541314,1.0,0.2,0.04743994329161635,0.22085578928089086,0.2157522024757692,0.25206595940413873,0.03705242097453204,0.8758662704543437,0.8758662704543437,1.0233034271216708,0.4824135244193919,"[0.31573518892163777, 0.15939728500721181, 0.21119459314447422, 0.3136729329266762]","[0.9758492569002123, 0.021125265392781315, 0.0021231422505307855, 0.0009023354564755839]","[0.09998298644586855, 0.20002268473884194, 0.3000056711847105, 0.399988657630579]","[0.7032370953630797, 0.15142337976983647, 0.08030150077394171, 0.0650380240931422]","[0.20055636854580036, 0.4702223051247281, 1.1748282342712575, 2.154393092058214]",kl_projection,0.31573518892163777,0.9758492569002123,0.09998298644586855,0.15939728500721181,0.021125265392781315,0.20002268473884194,0.21119459314447422,0.0021231422505307855,0.3000056711847105,0.3136729329266762,0.0009023354564755839,0.399988657630579,0.8797405324628368,0.8900804385012774,0.9000170135541314,1.0,473,0.8296925181218744,0.9000170135541314,1.0,465,0.8998055970636454,0.9000170135541314,1.0,473,0.8985370981207278,0.9000170135541314,1.0,473,0.6032541089172111,0.8795286908365094,0.15206931403391524,0.3875019064414419,0.0036624203821656875,-0.018791056073272694,0.123569019776612,B_ATTENUATED
lastfm/weighted_neumf/seed_0/kl_lam2.0,lastfm,weighted_neumf,0,kl_lam2.0,kl,2.0,0.1470179563649119,0.15398089171974352,0.4419671055031804,0.000583864118895966,0.0005934077790359185,0.8860039857230635,0.9000170135541314,0.9000170135541314,0.9000170135541314,1.0,0.2,0.06442395467027272,0.2148517528918531,0.4355284528727479,0.5273996510719782,0.12671815960553495,0.8839342110063608,0.8839342110063608,1.0317778420348136,0.4935620905089852,"[0.5355114393186164, 0.17536458866350324, 0.1361042858925785, 0.15301968612530184]","[0.9839171974522293, 0.013959660297239915, 0.0015392781316348196, 0.000583864118895966]","[0.09998298644586855, 0.20002268473884194, 0.3000056711847105, 0.399988657630579]","[0.7032370953630797, 0.15142337976983647, 0.08030150077394171, 0.0650380240931422]","[0.5104459301969858, 0.7763038321381786, 1.136137523953108, 1.5771127137117271]",kl_projection,0.5355114393186164,0.9839171974522293,0.09998298644586855,0.17536458866350324,0.013959660297239915,0.20002268473884194,0.1361042858925785,0.0015392781316348196,0.3000056711847105,0.15301968612530184,0.000583864118895966,0.399988657630579,0.8860039857230635,0.8945201368422102,0.9000170135541314,1.0,473,0.8499083646315652,0.9000170135541314,1.0,465,0.9000170135541318,0.9000170135541314,1.0,473,0.8989599311017004,0.9000170135541314,1.0,473,0.6032541089172111,0.8795286908365094,0.15206931403391524,0.1677256560444632,-0.004405520169851407,-0.005051357669003331,0.03321746863326255,D_FAILED_REVERSED
lastfm/weighted_neumf/seed_0/kl_lam8.0,lastfm,weighted_neumf,0,kl_lam8.0,kl,8.0,0.1547501090599362,0.16054493984430113,0.4418078698343906,0.000583864118895966,0.0005935999136575909,0.8871716025840858,0.9000170135541314,0.9000170135541314,0.9000170135541314,1.0,0.2,0.07287321613641452,0.21343077835468421,0.5640463446269299,0.6820234995674717,0.2047378772328601,0.8836157396687812,0.8836157396687812,1.0314825211600607,0.49357289152500494,"[0.6640293310727985, 0.16343380705668634, 0.0935627971687406, 0.0789740647017745]","[0.9835987261146497, 0.014596602972399151, 0.0012208067940552016, 0.000583864118895966]","[0.09998298644586855, 0.20002268473884194, 0.3000056711847105, 0.399988657630579]","[0.7032370953630797, 0.15142337976983647, 0.08030150077394171, 0.0650380240931422]","[0.8578246166995808, 0.9805324595468826, 1.05850410903867, 1.1031388147148666]",kl_projection,0.6640293310727985,0.9835987261146497,0.09998298644586855,0.16343380705668634,0.014596602972399151,0.20002268473884194,0.0935627971687406,0.0012208067940552016,0.3000056711847105,0.0789740647017745,0.000583864118895966,0.399988657630579,0.8871716025840858,0.8949429698231828,0.9000170135541314,1.0,473,0.853993934881384,0.9000170135541314,1.0,465,0.9000170135541318,0.9000170135541314,1.0,473,0.8991713475921866,0.9000170135541314,1.0,473,0.6032541089172111,0.8795286908365094,0.15206931403391524,0.039207764290281166,-0.0040870488322717335,0.002680795026020949,0.0,D_FAILED_REVERSED
lastfm/weighted_neumf/seed_0/legacy_a0.1,lastfm,weighted_neumf,0,legacy_a0.1,legacy,0.1,0.15246726924698614,0.15775831564047943,0.44111784860296804,0.0007961783439490446,0.0008105917319635087,0.8855792127841751,0.9000170135541314,0.9000170135541314,0.9000170135541314,1.0,0.2,0.07405990569789642,0.20807563565618306,0.5401316419454345,0.6560389922196911,0.1910571556909459,0.8822356972059361,0.8822356972059361,1.0299910554361025,0.4911905028523734,"[0.6401146283913031, 0.17224836639495833, 0.10135327468256732, 0.08628373053117139]","[0.9822186836518046, 0.015605095541401274, 0.0013800424628450105, 0.0007961783439490446]","[0.09998298644586855, 0.20002268473884194, 0.3000056711847105, 0.399988657630579]","[0.7032370953630797, 0.15142337976983647, 0.08030150077394171, 0.0650380240931422]","[0.8227775583865387, 1.0282261229124607, 1.140881610874551, 1.1991900936072342]",legacy_inverse_power,0.6401146283913031,0.9822186836518046,0.09998298644586855,0.17224836639495833,0.015605095541401274,0.20002268473884194,0.10135327468256732,0.0013800424628450105,0.3000056711847105,0.08628373053117139,0.0007961783439490446,0.399988657630579,0.8855792127841751,0.8936744708802651,0.9000170135541314,1.0,473,0.8490475641651865,0.9000170135541314,1.0,465,0.8998055970636454,0.9000170135541314,1.0,473,0.8991713475921866,0.9000170135541314,1.0,473,0.6032541089172111,0.8795286908365094,0.15206931403391524,0.06312246697177659,-0.0027070063694266677,0.00039795521307089965,0.0,D_FAILED_REVERSED
lastfm/weighted_neumf/seed_0/legacy_a0.2,lastfm,weighted_neumf,0,legacy_a0.2,legacy,0.2,0.15080671152063566,0.1553609341825885,0.4407993772653884,0.0006369426751592356,0.0006488941761741078,0.8851014937370737,0.9000170135541314,0.9000170135541314,0.9000170135541314,1.0,0.2,0.07108629204876038,0.21172841006744764,0.4706970075875144,0.5788056750041469,0.1526618039150328,0.8815987545307769,0.8815987545307769,1.029335389059163,0.4903296938455218,"[0.570679994033383, 0.1919093804088556, 0.12529415844804861, 0.11211646710971283]","[0.9815817409766454, 0.01613588110403397, 0.0016454352441613589, 0.0006369426751592356]","[0.09998298644586855, 0.20002268473884194, 0.3000056711847105, 0.399988657630579]","[0.7032370953630797, 0.15142337976983647, 0.08030150077394171, 0.0650380240931422]","[0.6769629105845141, 1.0572489598395909, 1.3016108500317103, 1.4380568806057272]",legacy_inverse_power,0.570679994033383,0.9815817409766454,0.09998298644586855,0.1919093804088556,0.01613588110403397,0.20002268473884194,0.12529415844804861,0.0016454352441613589,0.3000056711847105,0.11211646710971283,0.0006369426751592356,0.399988657630579,0.8851014937370737,0.8924060198966264,0.9000170135541314,1.0,473,0.8481872515426537,0.9000170135541314,1.0,465,0.9000170135541318,0.9000170135541314,1.0,473,0.8991713475921865,0.9000170135541314,1.0,473,0.6032541089172111,0.8795286908365094,0.15206931403391524,0.13255710132969667,-0.002070063694267432,-0.001262602513279587,0.008302809289966254,D_FAILED_REVERSED
lastfm/weighted_neumf/seed_0/legacy_a0.4,lastfm,weighted_neumf,0,legacy_a0.4,legacy,0.4,0.14241055262532534,0.14739030431705444,0.4374819674989341,0.0024416135881104033,0.0025043554006942952,0.8805897381899386,0.9000170135541314,0.9000170135541314,0.9000170135541314,1.0,0.2,0.06362931409677612,0.2141929549567096,0.344985954584635,0.4116662192014376,0.08396282562574908,0.8749639349978682,0.8749639349978682,1.0219152505756797,0.47766177516957337,"[0.42289280830974857, 0.22209881745959686, 0.17851912931579342, 0.17648924491486107]","[0.9749469214437367, 0.019373673036093417, 0.003237791932059448, 0.0024416135881104033]","[0.09998298644586855, 0.20002268473884194, 0.3000056711847105, 0.399988657630579]","[0.7032370953630797, 0.15142337976983647, 0.08030150077394171, 0.0650380240931422]","[0.4582787823070568, 1.117775363081897, 1.6941908049202714, 2.068007591857475]",legacy_inverse_power,0.42289280830974857,0.9749469214437367,0.09998298644586855,0.22209881745959686,0.019373673036093417,0.20002268473884194,0.17851912931579342,0.003237791932059448,0.3000056711847105,0.17648924491486107,0.0024416135881104033,0.399988657630579,0.8805897381899386,0.8911374250351514,0.9000170135541314,1.0,473,0.8316278922279767,0.9000170135541314,1.0,465,0.9000170135541318,0.9000170135541314,1.0,473,0.898748514611214,0.9000170135541314,1.0,473,0.6032541089172111,0.8795286908365094,0.15206931403391524,0.2582681543325761,0.0045647558386412435,-0.0096587614085899,0.06351551902467158,B_ATTENUATED
lastfm/weighted_neumf/seed_0/legacy_a0.8,lastfm,weighted_neumf,0,legacy_a0.8,legacy,0.8,0.11956537644583416,0.1317675159235659,0.43424417556687467,0.001167728237791932,0.0012057437246507335,0.8729993390842279,0.9000170135541314,0.9000170135541314,0.9000170135541314,1.0,0.2,0.03978275981586616,0.20076583208268695,0.09843054717587538,0.10926250033130547,0.007536289477072088,0.8684883511337493,0.8684883511337493,1.0156249731568758,0.4736717985467548,"[0.1746780125145955, 0.22375820584599035, 0.2725996363310996, 0.32896414530831447]","[0.9684713375796178, 0.02791932059447983, 0.0024416135881104033, 0.001167728237791932]","[0.09998298644586855, 0.20002268473884194, 0.3000056711847105, 0.399988657630579]","[0.7032370953630797, 0.15142337976983647, 0.08030150077394171, 0.0650380240931422]","[0.2100194423128388, 1.2494217623128665, 2.870282483476397, 4.276655399980153]",legacy_inverse_power,0.1746780125145955,0.9684713375796178,0.09998298644586855,0.22375820584599035,0.02791932059447983,0.20002268473884194,0.2725996363310996,0.0024416135881104033,0.3000056711847105,0.32896414530831447,0.001167728237791932,0.399988657630579,0.8729993390842279,0.882469300965936,0.9000170135541314,1.0,473,0.8144230179361889,0.9000170135541314,1.0,465,0.8995941805731591,0.9000170135541314,1.0,473,0.8945201368422101,0.9000170135541314,1.0,473,0.6032541089172111,0.8795286908365094,0.15206931403391524,0.5048235617413357,0.011040339702760082,-0.03250393758808108,0.21374422443197116,B_ATTENUATED
lastfm/weighted_neumf/seed_1/baseline,lastfm,weighted_neumf,1,baseline,baseline,0.0,0.15015721904712553,0.16129688605803053,0.4417547912781273,0.000743099787685775,0.0007555723460513663,0.8869062609758798,0.9000170135541314,0.9000170135541314,0.9000170135541314,1.0,0.2,0.07531162662729635,0.18812337148459968,0.602904152661743,0.7258632234321333,0.23046121846949302,0.8835095825562546,0.8835095825562546,1.0312814327000313,0.49244694537530753,"[0.7028871391076116, 0.1526482266639747, 0.08069183659734841, 0.06377279763106534]","[0.9834925690021231, 0.014012738853503185, 0.0017515923566878981, 0.000743099787685775]","[0.09998298644586855, 0.20002268473884194, 0.3000056711847105, 0.399988657630579]","[0.7028871391076116, 0.1526482266639747, 0.08069183659734841, 0.06377279763106534]","[1.0, 1.0, 1.0, 1.0]",baseline,0.7028871391076116,0.9834925690021231,0.09998298644586855,0.1526482266639747,0.014012738853503185,0.20002268473884194,0.08069183659734841,0.0017515923566878981,0.3000056711847105,0.06377279763106534,0.000743099787685775,0.399988657630579,0.8869062609758798,0.8949429218639039,0.9000170135541314,1.0,473,0.852488814655317,0.9000170135541314,1.0,465,0.8995941805731591,0.9000170135541314,1.0,473,0.9000170135541318,0.9000170135541314,1.0,473,0.602904152661743,0.8835095825562546,0.15015721904712553,0.0,0.0,0.0,0.0,BASELINE
lastfm/weighted_neumf/seed_1/kl_lam0.1,lastfm,weighted_neumf,1,kl_lam0.1,kl,0.1,0.11474314864942252,0.12463729653220006,0.4355711394734564,0.0008492569002123143,0.0008745080891989246,0.8755471940699878,0.9000170135541314,0.9000170135541314,0.9000170135541314,1.0,0.2,0.03692882665035118,0.19778965085615305,0.0963935595894326,0.11157665991211811,0.009406180076643803,0.8711422789469128,0.8711422789469128,1.0184368730892228,0.477204825473336,"[0.1963765460353012, 0.1739335840363637, 0.2631751894262955, 0.3665146805020397]","[0.9711252653927813, 0.025743099787685776, 0.0022823779193205944, 0.0008492569002123143]","[0.09998298644586855, 0.20002268473884194, 0.3000056711847105, 0.399988657630579]","[0.7028871391076116, 0.1526482266639747, 0.08069183659734841, 0.06377279763106534]","[0.10717255481392714, 0.43709037798688183, 1.251108305906031, 2.2046287612931597]",kl_projection,0.1963765460353012,0.9711252653927813,0.09998298644586855,0.1739335840363637,0.025743099787685776,0.20002268473884194,0.2631751894262955,0.0022823779193205944,0.3000056711847105,0.3665146805020397,0.0008492569002123143,0.399988657630579,0.8755471940699878,0.8862748457539673,0.9000170135541314,1.0,473,0.8193694984172516,0.9000170135541314,1.0,465,0.8989599311017004,0.9000170135541314,1.0,473,0.8966343497063516,0.9000170135541314,1.0,473,0.602904152661743,0.8835095825562546,0.15015721904712553,0.5065105930723104,0.012367303609341795,-0.035414070397703015,0.23584660546083114,B_ATTENUATED
lastfm/weighted_neumf/seed_1/kl_lam0.5,lastfm,weighted_neumf,1,kl_lam0.5,kl,0.5,0.124365327697479,0.13578379334748653,0.4409320736560466,0.0007961783439490446,0.0008108984755100402,0.8845177169134838,0.9000170135541314,0.9000170135541314,0.9000170135541314,1.0,0.2,0.043325950337334586,0.20639349337890858,0.2152397605890091,0.25149141566891664,0.036927555722890054,0.8818641473120932,0.8818641473120932,1.0295067122232247,0.4896018429782832,"[0.3152227470348776, 0.15958237932734315, 0.21074388159519702, 0.31445099204258214]","[0.9818471337579617, 0.015074309978768578, 0.0022823779193205944, 0.0007961783439490446]","[0.09998298644586855, 0.20002268473884194, 0.3000056711847105, 0.399988657630579]","[0.7028871391076116, 0.1526482266639747, 0.08069183659734841, 0.06377279763106534]","[0.19851627207190145, 0.4627616183302614, 1.1560843790370658, 2.182637730560771]",kl_projection,0.3152227470348776,0.9818471337579617,0.09998298644586855,0.15958237932734315,0.015074309978768578,0.20002268473884194,0.21074388159519702,0.0022823779193205944,0.3000056711847105,0.31445099204258214,0.0007961783439490446,0.399988657630579,0.8845177169134838,0.8928287089997627,0.9000170135541314,1.0,473,0.8449619451309831,0.9000170135541314,1.0,465,0.9000170135541318,0.9000170135541314,1.0,473,0.8995941805731591,0.9000170135541314,1.0,473,0.602904152661743,0.8835095825562546,0.15015721904712553,0.38766439207273395,0.0016454352441613862,-0.02579189134964653,0.17176590984647877,B_ATTENUATED
lastfm/weighted_neumf/seed_1/kl_lam2.0,lastfm,weighted_neumf,1,kl_lam2.0,kl,2.0,0.1409150152568265,0.1493807501769269,0.44249789106581305,0.0008492569002123143,0.0008622083310871238,0.8870656230723543,0.9000170135541314,0.9000170135541314,0.9000170135541314,1.0,0.2,0.06334086425542608,0.1890823144205337,0.4350394587500372,0.5271886901714842,0.12670027753047425,0.8849957821316261,0.8849957821316261,1.032916791615989,0.49571457967527416,"[0.5350224451959058, 0.17628286932439624, 0.1363159927202898, 0.1523786927594082]","[0.9849787685774947, 0.013481953290870489, 0.0006900212314225053, 0.0008492569002123143]","[0.09998298644586855, 0.20002268473884194, 0.3000056711847105, 0.399988657630579]","[0.7028871391076116, 0.1526482266639747, 0.08069183659734841, 0.06377279763106534]","[0.5078966864541121, 0.7705615278763388, 1.1272135089184776, 1.594328276751071]",kl_projection,0.5350224451959058,0.9849787685774947,0.09998298644586855,0.17628286932439624,0.013481953290870489,0.20002268473884194,0.1363159927202898,0.0006900212314225053,0.3000056711847105,0.1523786927594082,0.0008492569002123143,0.399988657630579,0.8870656230723543,0.8917715785880526,0.9000170135541314,1.0,473,0.8572206072558235,0.9000170135541314,1.0,465,0.9000170135541318,0.9000170135541314,1.0,473,0.8987485146112141,0.9000170135541314,1.0,473,0.602904152661743,0.8835095825562546,0.15015721904712553,0.16786469391170583,-0.0014861995753715496,-0.009242203790299025,0.06155017953148453,D_FAILED_REVERSED
lastfm/weighted_neumf/seed_1/kl_lam8.0,lastfm,weighted_neumf,1,kl_lam8.0,kl,8.0,0.1469118359376591,0.15929759377211414,0.44135670210615274,0.0014331210191082802,0.0014583558388231892,0.8862162457648232,0.9000170135541314,0.9000170135541314,0.9000170135541314,1.0,0.2,0.07634867916095385,0.18319970016532433,0.5637728324895577,0.6822616814876766,0.20521942931159262,0.8827134042123055,0.8827134042123055,1.0303247352465172,0.4904269100119565,"[0.6637558189354262, 0.16467762155492435, 0.09398958801506774, 0.07757697149458162]","[0.982696390658174, 0.014225053078556264, 0.0016454352441613589, 0.0014331210191082802]","[0.09998298644586855, 0.20002268473884194, 0.3000056711847105, 0.399988657630579]","[0.7028871391076116, 0.1526482266639747, 0.08069183659734841, 0.06377279763106534]","[0.8576245100709343, 0.9797544895844228, 1.0578512056753209, 1.104769794669322]",kl_projection,0.6637558189354262,0.982696390658174,0.09998298644586855,0.16467762155492435,0.014225053078556264,0.20002268473884194,0.09398958801506774,0.0016454352441613589,0.3000056711847105,0.07757697149458162,0.0014331210191082802,0.399988657630579,0.8862162457648232,0.8940971599834014,0.9000170135541314,1.0,473,0.8511986140356335,0.9000170135541314,1.0,465,0.8998055970636454,0.9000170135541314,1.0,473,0.8991713475921866,0.9000170135541314,1.0,473,0.602904152661743,0.8835095825562546,0.15015721904712553,0.039131320172185347,0.0007961783439490722,-0.0032453831094664265,0.02161323398276237,B_ATTENUATED
lastfm/weighted_neumf/seed_1/legacy_a0.1,lastfm,weighted_neumf,1,legacy_a0.1,legacy,0.1,0.14342011092361734,0.15469745222929757,0.4415424770530742,0.0009023354564755839,0.0009178770044804659,0.8862162277037254,0.9000170135541314,0.9000170135541314,0.9000170135541314,1.0,0.2,0.07064810311544187,0.18452631123962623,0.5399102795722442,0.65638754529838,0.19157812492940984,0.8830849541061484,0.8830849541061484,1.0308722159440047,0.4923869176284148,"[0.6398932660181129, 0.17351954558449903, 0.10180696117547271, 0.08478022722191543]","[0.983067940552017, 0.014861995753715499, 0.001167728237791932, 0.0009023354564755839]","[0.09998298644586855, 0.20002268473884194, 0.3000056711847105, 0.399988657630579]","[0.7028871391076116, 0.1526482266639747, 0.08069183659734841, 0.06377279763106534]","[0.8228185139889198, 1.0273980816491168, 1.1403285198315083, 1.2015482605513303]",legacy_inverse_power,0.6398932660181129,0.983067940552017,0.09998298644586855,0.17351954558449903,0.014861995753715499,0.20002268473884194,0.10180696117547271,0.001167728237791932,0.3000056711847105,0.08478022722191543,0.0009023354564755839,0.399988657630579,0.8862162277037254,0.8940973038612376,0.9000170135541314,1.0,473,0.8511983945059027,0.9000170135541314,1.0,465,0.8995941805731591,0.9000170135541314,1.0,473,0.8993827640826728,0.9000170135541314,1.0,473,0.602904152661743,0.8835095825562546,0.15015721904712553,0.06299387308949878,0.000424628450106157,-0.006737108123508195,0.04486702781431916,B_ATTENUATED
lastfm/weighted_neumf/seed_1/legacy_a0.2,lastfm,weighted_neumf,1,legacy_a0.2,legacy,0.2,0.14411669620433165,0.15296355272469753,0.43989704180891287,0.0015923566878980893,0.0016252234682252226,0.8836153754366421,0.9000170135541314,0.9000170135541314,0.9000170135541314,1.0,0.2,0.06805530921481341,0.19231333259772854,0.4706110957767217,0.5794211678398308,0.1532057237691784,0.8797940836178257,0.8797940836178257,1.027261689828756,0.486428178741689,"[0.5705940822225903, 0.19319808636754776, 0.1258123078457469, 0.11039552356411506]","[0.9797770700636943, 0.016932059447983015, 0.0016985138004246285, 0.0015923566878980893]","[0.09998298644586855, 0.20002268473884194, 0.3000056711847105, 0.399988657630579]","[0.7028871391076116, 0.1526482266639747, 0.08069183659734841, 0.06377279763106534]","[0.6770303069629342, 1.0555468181762853, 1.3003491331411188, 1.4437182224339276]",legacy_inverse_power,0.5705940822225903,0.9797770700636943,0.09998298644586855,0.19319808636754776,0.016932059447983015,0.20002268473884194,0.1258123078457469,0.0016985138004246285,0.3000056711847105,0.11039552356411506,0.0015923566878980893,0.399988657630579,0.8836153754366421,0.8898688301736762,0.9000170135541314,1.0,473,0.8466823996307022,0.9000170135541314,1.0,465,0.8995941805731591,0.9000170135541314,1.0,473,0.8976914321587829,0.9000170135541314,1.0,473,0.602904152661743,0.8835095825562546,0.15015721904712553,0.1322930568850213,0.0037154989384288184,-0.006040522842793883,0.04022798824542773,B_ATTENUATED
lastfm/weighted_neumf/seed_1/legacy_a0.4,lastfm,weighted_neumf,1,legacy_a0.4,legacy,0.4,0.13673456011568577,0.14946921443736577,0.43665924987685345,0.0020169851380042463,0.0020723128101631104,0.8784666471125182,0.9000170135541314,0.9000170135541314,0.9000170135541314,1.0,0.2,0.056518658192785114,0.19718060000161286,0.3463223936265191,0.4127171153417515,0.08441883944736686,0.8733184997537069,0.8733184997537069,1.0203202363358996,0.4765001082360303,"[0.4230195150555836, 0.22330854975564604, 0.17914641891761332, 0.17452551627115706]","[0.9733014861995753, 0.021549893842887472, 0.003131634819532909, 0.0020169851380042463]","[0.09998298644586855, 0.20002268473884194, 0.3000056711847105, 0.399988657630579]","[0.7028871391076116, 0.1526482266639747, 0.08069183659734841, 0.06377279763106534]","[0.4583700365463249, 1.11417908536208, 1.690907868060859, 2.0843223057877793]",legacy_inverse_power,0.4230195150555836,0.9733014861995753,0.09998298644586855,0.22330854975564604,0.021549893842887472,0.20002268473884194,0.17914641891761332,0.003131634819532909,0.3000056711847105,0.17452551627115706,0.0020169851380042463,0.399988657630579,0.8784666471125182,0.887754617309535,0.9000170135541314,1.0,473,0.8286174932265932,0.9000170135541314,1.0,465,0.898748514611214,0.9000170135541314,1.0,473,0.8979028486492691,0.9000170135541314,1.0,473,0.602904152661743,0.8835095825562546,0.15015721904712553,0.2565817590352239,0.010191082802547657,-0.013422658931439763,0.08939070007168405,B_ATTENUATED
lastfm/weighted_neumf/seed_1/legacy_a0.8,lastfm,weighted_neumf,1,legacy_a0.8,legacy,0.8,0.11252144431275643,0.12084217975937638,0.43411147917621645,0.001326963906581741,0.00137053889589245,0.87273398543529,0.9000170135541314,0.9000170135541314,0.9000170135541314,1.0,0.2,0.0355625369450523,0.19765173129633287,0.09904615732408126,0.11002852899992327,0.007606856823401778,0.8682229583524329,0.8682229583524329,1.0153043986723078,0.4729704368587129,"[0.17477983243778705, 0.22427199607100473, 0.2730503713581102, 0.32789780013309805]","[0.9682059447983015, 0.02791932059447983, 0.0025477707006369425, 0.001326963906581741]","[0.09998298644586855, 0.20002268473884194, 0.3000056711847105, 0.399988657630579]","[0.7028871391076116, 0.1526482266639747, 0.08069183659734841, 0.06377279763106534]","[0.21010309040347924, 1.2413950342582811, 2.8591694182701186, 4.344399474404485]",legacy_inverse_power,0.17477983243778705,0.9682059447983015,0.09998298644586855,0.22427199607100473,0.02791932059447983,0.20002268473884194,0.2730503713581102,0.0025477707006369425,0.3000056711847105,0.32789780013309805,0.001326963906581741,0.399988657630579,0.87273398543529,0.8812008020230184,0.9000170135541314,1.0,473,0.8129177513569681,0.9000170135541314,1.0,465,0.8993827640826728,0.9000170135541314,1.0,473,0.8964229332158652,0.9000170135541314,1.0,473,0.602904152661743,0.8835095825562546,0.15015721904712553,0.5038579953376617,0.015286624203821653,-0.037635774734369104,0.25064245977116456,B_ATTENUATED
lastfm/weighted_neumf/seed_2/baseline,lastfm,weighted_neumf,2,baseline,baseline,0.0,0.14866476880744767,0.15762561924982132,0.44629300783863685,0.00010615711252653928,0.00010695187165764626,0.8931167169547835,0.9000170135541314,0.9000170135541314,0.9000170135541314,1.0,0.2,0.06941100503921584,0.19261989994536877,0.6033079483411292,0.7261312150976156,0.23048204652563453,0.8925860156772737,0.8925860156772737,1.0409632723199547,0.5083703577274992,"[0.7032909347869978, 0.15231173026448616, 0.07993808466249411, 0.06445925028602194]","[0.9925690021231423, 0.006634819532908705, 0.0006900212314225053, 0.00010615711252653928]","[0.09998298644586855, 0.20002268473884194, 0.3000056711847105, 0.399988657630579]","[0.7032909347869978, 0.15231173026448616, 0.07993808466249411, 0.06445925028602194]","[1.0, 1.0, 1.0, 1.0]",baseline,0.7032909347869978,0.9925690021231423,0.09998298644586855,0.15231173026448616,0.006634819532908705,0.20002268473884194,0.07993808466249411,0.0006900212314225053,0.3000056711847105,0.06445925028602194,0.00010615711252653928,0.399988657630579,0.8931167169547835,0.8981142651397552,0.9000170135541314,1.0,473,0.8746403279774179,0.9000170135541314,1.0,465,0.9000170135541318,0.9000170135541314,1.0,473,0.8993827640826728,0.9000170135541314,1.0,473,0.6033079483411292,0.8925860156772737,0.14866476880744767,0.0,0.0,0.0,0.0,BASELINE
lastfm/weighted_neumf/seed_2/kl_lam0.1,lastfm,weighted_neumf,2,kl_lam0.1,kl,0.1,0.113816488067226,0.12219568294408972,0.43509343246708687,0.0006900212314225053,0.0007112375533420834,0.8747509555223795,0.9000170135541314,0.9000170135541314,0.9000170135541314,1.0,0.2,0.03728561588903637,0.20380807608380214,0.09646229880495819,0.11165271461526871,0.009417193349983822,0.8701868649341737,0.8701868649341737,1.017498434143369,0.47662358747647854,"[0.1964452852508267, 0.17389975876266792, 0.2632340104116622, 0.366420945574843]","[0.9701698513800424, 0.026910828025477708, 0.0022292993630573248, 0.0006900212314225053]","[0.09998298644586855, 0.20002268473884194, 0.3000056711847105, 0.399988657630579]","[0.7032909347869978, 0.15231173026448616, 0.07993808466249411, 0.06445925028602194]","[0.10744668373631856, 0.43918960568254456, 1.2667026742654275, 2.18666103631571]",kl_projection,0.1964452852508267,0.9701698513800424,0.09998298644586855,0.17389975876266792,0.026910828025477708,0.20002268473884194,0.2632340104116622,0.0022292993630573248,0.3000056711847105,0.366420945574843,0.0006900212314225053,0.399988657630579,0.8747509555223795,0.8873319761656774,0.9000170135541314,1.0,473,0.8131326465711591,0.9000170135541314,1.0,465,0.8993827640826728,0.9000170135541314,1.0,473,0.8981142651397552,0.9000170135541314,1.0,473,0.6033079483411292,0.8925860156772737,0.14866476880744767,0.5068456495361711,0.02239915074309995,-0.03484828074022167,0.2344084682589294,B_ATTENUATED
lastfm/weighted_neumf/seed_2/kl_lam0.5,lastfm,weighted_neumf,2,kl_lam0.5,kl,0.5,0.12575858317911023,0.13603149327671515,0.43944587408067504,0.0010615711252653928,0.0010844810758041195,0.8820760190402502,0.9000170135541314,0.9000170135541314,0.9000170135541314,1.0,0.2,0.047610820588949165,0.2003881116874033,0.21548408613309503,0.2517724322616895,0.036984633951885684,0.8788917481613501,0.8788917481613501,1.0264707453975885,0.4865598457540111,"[0.31546707257896356, 0.15954084069096108, 0.2110392506148717, 0.3139528361152036]","[0.9788747346072186, 0.018630573248407643, 0.0014331210191082802, 0.0010615711252653928]","[0.09998298644586855, 0.20002268473884194, 0.3000056711847105, 0.399988657630579]","[0.7032909347869978, 0.15231173026448616, 0.07993808466249411, 0.06445925028602194]","[0.19921281493200324, 0.46519686625636236, 1.172486237839679, 2.1631040809719555]",kl_projection,0.31546707257896356,0.9788747346072186,0.09998298644586855,0.15954084069096108,0.018630573248407643,0.20002268473884194,0.2110392506148717,0.0014331210191082802,0.3000056711847105,0.3139528361152036,0.0010615711252653928,0.399988657630579,0.8820760190402502,0.8955772192946414,0.9000170135541314,1.0,473,0.8333486028457151,0.9000170135541314,1.0,465,0.8993827640826728,0.9000170135541314,1.0,473,0.8991713475921866,0.9000170135541314,1.0,473,0.6033079483411292,0.8925860156772737,0.14866476880744767,0.3878238622080342,0.01369426751592362,-0.022906185628337433,0.1540794487630475,B_ATTENUATED
lastfm/weighted_neumf/seed_2/kl_lam2.0,lastfm,weighted_neumf,2,kl_lam2.0,kl,2.0,0.13923229377807383,0.14693029016277295,0.445257975991503,0.0002653927813163482,0.00026793848132441734,0.8910997167658644,0.9000170135541314,0.9000170135541314,0.9000170135541314,1.0,0.2,0.058344247541832005,0.20315634554788256,0.43542876203901726,0.5275121882593458,0.12682565655395558,0.890515951983006,0.890515951983006,1.0387791472409982,0.5047699329216043,"[0.5354117484848858, 0.17606257742114306, 0.13576585128932275, 0.1527598228046484]","[0.9904989384288747, 0.008598726114649681, 0.0006369426751592356, 0.0002653927813163482]","[0.09998298644586855, 0.20002268473884194, 0.3000056711847105, 0.399988657630579]","[0.7032909347869978, 0.15231173026448616, 0.07993808466249411, 0.06445925028602194]","[0.5087606794269989, 0.7724926662248343, 1.1350042046451214, 1.583742449703046]",kl_projection,0.5354117484848858,0.9904989384288747,0.09998298644586855,0.17606257742114306,0.008598726114649681,0.20002268473884194,0.13576585128932275,0.0006369426751592356,0.3000056711847105,0.1527598228046484,0.0002653927813163482,0.399988657630579,0.8910997167658644,0.8974800156682965,0.9000170135541314,1.0,473,0.8673284390399477,0.9000170135541314,1.0,465,0.8998055970636454,0.9000170135541314,1.0,473,0.8993827640826729,0.9000170135541314,1.0,473,0.6033079483411292,0.8925860156772737,0.14866476880744767,0.16787918630211196,0.0020700636942676542,-0.009432475029373832,0.06344795142143518,B_ATTENUATED
lastfm/weighted_neumf/seed_2/kl_lam8.0,lastfm,weighted_neumf,2,kl_lam8.0,kl,8.0,0.14854631401064805,0.1572009907997153,0.44629300783863685,0.0002653927813163482,0.00026737967914411566,0.8929574933267255,0.9000170135541314,0.9000170135541314,0.9000170135541314,1.0,0.2,0.06568535927483746,0.19967706156678725,0.5641472647714693,0.682471173029374,0.2052109570082336,0.8925860156772737,0.8925860156772737,1.0409317088110792,0.5080314133640891,"[0.6641302512173378, 0.16434373578078126, 0.09318404613833756, 0.0783419668635434]","[0.9925690021231423, 0.006475583864118896, 0.0006900212314225053, 0.0002653927813163482]","[0.09998298644586855, 0.20002268473884194, 0.3000056711847105, 0.399988657630579]","[0.7032909347869978, 0.15231173026448616, 0.07993808466249411, 0.06445925028602194]","[0.8576154641041268, 0.9799279911312718, 1.0586738499892618, 1.1037826947753397]",kl_projection,0.6641302512173378,0.9925690021231423,0.09998298644586855,0.16434373578078126,0.006475583864118896,0.20002268473884194,0.09318404613833756,0.0006900212314225053,0.3000056711847105,0.0783419668635434,0.0002653927813163482,0.399988657630579,0.8929574933267255,0.8985370981207278,0.9000170135541314,1.0,473,0.8735651079445982,0.9000170135541314,1.0,465,0.9000170135541318,0.9000170135541314,1.0,473,0.8993827640826728,0.9000170135541314,1.0,473,0.6033079483411292,0.8925860156772737,0.14866476880744767,0.03916068356965996,0.0,-0.00011845479679961635,0.0007967913161257484,D_FAILED_REVERSED
lastfm/weighted_neumf/seed_2/legacy_a0.1,lastfm,weighted_neumf,2,legacy_a0.1,legacy,0.1,0.1455127017885708,0.15191082802547606,0.4430286766284458,0.000583864118895966,0.0005921300532911043,0.8883394542393792,0.9000170135541314,0.9000170135541314,0.9000170135541314,0.9989384288747346,0.2,0.07124413332926938,0.19696939668167956,0.5402724050551676,0.6565610662872613,0.1915487873112064,0.8860573532568916,0.8860573532568916,1.0340729173603105,0.4976144564868236,"[0.6402553915010362, 0.17318371651477596, 0.10095560195540715, 0.08560529002878065]","[0.9860403397027601, 0.012685774946921444, 0.0006900212314225053, 0.000583864118895966]","[0.09998298644586855, 0.20002268473884194, 0.3000056711847105, 0.399988657630579]","[0.7032909347869978, 0.15231173026448616, 0.07993808466249411, 0.06445925028602194]","[0.822771259514536, 1.0276248353803854, 1.1413992226745917, 1.2002625095275918]",legacy_inverse_power,0.6402553915010362,0.9860403397027601,0.09998298644586855,0.17318371651477596,0.012685774946921444,0.20002268473884194,0.10095560195540715,0.0006900212314225053,0.3000056711847105,0.08560529002878065,0.000583864118895966,0.399988657630579,0.8883394542393792,0.8972685512185314,0.9000170135541314,1.0,473,0.8563600263191755,0.9000170135541314,0.9956989247311828,465,0.9000170135541318,0.9000170135541314,1.0,473,0.8991713475921865,0.9000170135541314,1.0,473,0.6033079483411292,0.8925860156772737,0.14866476880744767,0.06303554328596161,0.006528662420382081,-0.0031520670188768807,0.021202515190128703,B_ATTENUATED
lastfm/weighted_neumf/seed_2/legacy_a0.2,lastfm,weighted_neumf,2,legacy_a0.2,legacy,0.2,0.14309139789456507,0.1512119603680099,0.4450191224883184,0.00021231422505307856,0.00021445421402508898,0.8907812093060892,0.9000170135541314,0.9000170135541314,0.9000170135541314,1.0,0.2,0.059987467045968926,0.20374500867934686,0.4709132814066078,0.5794739430061824,0.15313594380733853,0.8900382449766367,0.8900382449766367,1.038270229635039,0.5038473467279332,"[0.5708962678524764, 0.1928708052841072, 0.12487998614602318, 0.11135294071739327]","[0.9900212314225053, 0.008917197452229299, 0.0008492569002123143, 0.00021231422505307856]","[0.09998298644586855, 0.20002268473884194, 0.3000056711847105, 0.399988657630579]","[0.7032909347869978, 0.15231173026448616, 0.07993808466249411, 0.06445925028602194]","[0.6769525454831359, 1.0560128022905644, 1.302792185522162, 1.4406300917774726]",legacy_inverse_power,0.5708962678524764,0.9900212314225053,0.09998298644586855,0.1928708052841072,0.008917197452229299,0.20002268473884194,0.12487998614602318,0.0008492569002123143,0.3000056711847105,0.11135294071739327,0.00021231422505307856,0.399988657630579,0.8907812093060892,0.8972685991778102,0.9000170135541314,1.0,473,0.8662530238695896,0.9000170135541314,1.0,465,0.8998055970636454,0.9000170135541314,1.0,473,0.8993827640826728,0.9000170135541314,1.0,473,0.6033079483411292,0.8925860156772737,0.14866476880744767,0.1323946669345214,0.002547770700636942,-0.005573370912882597,0.0374895206012212,B_ATTENUATED
lastfm/weighted_neumf/seed_2/legacy_a0.4,lastfm,weighted_neumf,2,legacy_a0.4,legacy,0.4,0.13560229081039224,0.14201167728237662,0.4336072328917154,0.00047770700636942675,0.0004939084622978101,0.8763960686769633,0.9000170135541314,0.9000170135541314,0.9000170135541314,1.0,0.2,0.05281206948023253,0.20595303233758194,0.34619266106147284,0.4125035787240008,0.08431532363081717,0.8672144657834308,0.8672144657834308,1.0145228918154754,0.47437995769100855,"[0.4231783797482571, 0.22301995249792628, 0.17814598085133365, 0.175655686902483]","[0.9671974522292993, 0.030254777070063694, 0.002070063694267516, 0.00047770700636942675]","[0.09998298644586855, 0.20002268473884194, 0.3000056711847105, 0.399988657630579]","[0.7032909347869978, 0.15231173026448616, 0.07993808466249411, 0.06445925028602194]","[0.4582647488360972, 1.1151630386015705, 1.6972674786576114, 2.075415061334769]",legacy_inverse_power,0.4231783797482571,0.9671974522292993,0.09998298644586855,0.22301995249792628,0.030254777070063694,0.20002268473884194,0.17814598085133365,0.002070063694267516,0.3000056711847105,0.175655686902483,0.00047770700636942675,0.399988657630579,0.8763960686769633,0.8928287569590414,0.9000170135541314,1.0,473,0.8146368155017262,0.9000170135541314,1.0,465,0.8995941805731591,0.9000170135541314,1.0,473,0.8974799677090178,0.9000170135541314,1.0,473,0.6033079483411292,0.8925860156772737,0.14866476880744767,0.2571152872796564,0.025371549893842937,-0.013062477997055427,0.0878653234511406,B_ATTENUATED
lastfm/weighted_neumf/seed_2/legacy_a0.8,lastfm,weighted_neumf,2,legacy_a0.8,legacy,0.8,0.11597086027094944,0.1247434536447266,0.43137793352865805,0.002335456475583864,0.002425846289555315,0.8679038217644176,0.9000170135541314,0.9000170135541314,0.9000170135541314,1.0,0.2,0.038042092767108675,0.2096447935641919,0.09892260709341963,0.10970095800713907,0.007582140004205658,0.8627558670573161,0.8627558670573161,1.009520068283815,0.4663613368141115,"[0.1747803413173938, 0.22414793696073632, 0.2725078259273691, 0.3285638957945008]","[0.9627388535031847, 0.03264331210191083, 0.0022823779193205944, 0.002335456475583864]","[0.09998298644586855, 0.20002268473884194, 0.3000056711847105, 0.399988657630579]","[0.7032909347869978, 0.15231173026448616, 0.07993808466249411, 0.06445925028602194]","[0.2100065800258112, 1.2435886026630878, 2.8807168941087653, 4.307347676815203]",legacy_inverse_power,0.1747803413173938,0.9627388535031847,0.09998298644586855,0.22414793696073632,0.03264331210191083,0.20002268473884194,0.2725078259273691,0.0022823779193205944,0.3000056711847105,0.3285638957945008,0.002335456475583864,0.399988657630579,0.8679038217644176,0.8771839846223368,0.9000170135541314,1.0,473,0.7995842594743848,0.9000170135541314,1.0,465,0.8989599311017005,0.9000170135541314,1.0,473,0.8947316012919753,0.9000170135541314,1.0,473,0.6033079483411292,0.8925860156772737,0.14866476880744767,0.5043853412477096,0.029830148619957586,-0.03269390853649823,0.21991699041246118,B_ATTENUATED
lastfm/weighted_ngcf/seed_0/baseline,lastfm,weighted_ngcf,0,baseline,baseline,0.0,0.1562814935573171,0.1661270346779882,0.4280605237622037,0.007165605095541401,0.007494587242539211,0.8754934803651185,0.9000170135541314,0.9000170135541314,0.9000170135541314,0.9978768577494692,0.2,0.07994085594590146,0.20260755114024565,0.6032541089172111,0.7257680495667904,0.23000558408121208,0.8561210475244074,0.8561210475244074,1.0010251856719918,0.4485922289976745,"[0.7032370953630797, 0.15142337976983647, 0.08030150077394171, 0.0650380240931422]","[0.956104033970276, 0.02951167728237792, 0.007218683651804671, 0.007165605095541401]","[0.09998298644586855, 0.20002268473884194, 0.3000056711847105, 0.399988657630579]","[0.7032370953630797, 0.15142337976983647, 0.08030150077394171, 0.0650380240931422]","[1.0, 1.0, 1.0, 1.0]",baseline,0.7032370953630797,0.956104033970276,0.09998298644586855,0.15142337976983647,0.02951167728237792,0.20002268473884194,0.08030150077394171,0.007218683651804671,0.3000056711847105,0.0650380240931422,0.007165605095541401,0.399988657630579,0.8754934803651185,0.8964228372973078,0.9000170135541314,1.0,473,0.8053885279860769,0.9000170135541314,0.9913978494623656,465,0.8991712516736292,0.9000170135541314,1.0,473,0.8998055970636454,0.9000170135541314,1.0,473,0.6032541089172111,0.8561210475244074,0.1562814935573171,0.0,0.0,0.0,0.0,BASELINE
lastfm/weighted_ngcf/seed_0/kl_lam0.1,lastfm,weighted_ngcf,0,kl_lam0.1,kl,0.1,0.13493055686382507,0.14484253361641744,0.415613602318467,0.010403397027600849,0.011171910624703005,0.8590383603268482,0.9000170135541314,0.9000170135541314,0.9000170135541314,0.9962845010615711,0.2,0.07537323966358804,0.17637502930656584,0.09647563643166193,0.11166247102994126,0.009419474777026182,0.831227204636934,0.831227204636934,0.9745035250763653,0.42092727930453455,"[0.19645862287753052, 0.17384007159681208, 0.2632978749606655, 0.36640343056499197]","[0.9312101910828026, 0.04782377919320595, 0.010562632696390658, 0.010403397027600849]","[0.09998298644586855, 0.20002268473884194, 0.3000056711847105, 0.399988657630579]","[0.7032370953630797, 0.15142337976983647, 0.08030150077394171, 0.0650380240931422]","[0.10807142963741749, 0.44411815752460543, 1.2684263770945992, 2.179384035743378]",kl_projection,0.19645862287753052,0.9312101910828026,0.09998298644586855,0.17384007159681208,0.04782377919320595,0.20002268473884194,0.2632978749606655,0.010562632696390658,0.3000056711847105,0.36640343056499197,0.010403397027600849,0.399988657630579,0.8590383603268482,0.8909259605853863,0.9000170135541314,1.0,473,0.7456004717449991,0.9000170135541314,0.9849462365591398,465,0.899382716123394,0.9000170135541314,1.0,473,0.8983256816302415,0.9000170135541314,1.0,473,0.6032541089172111,0.8561210475244074,0.1562814935573171,0.5067784724855492,0.024893842887473427,-0.02135093669349203,0.13661845819038998,B_ATTENUATED
lastfm/weighted_ngcf/seed_0/kl_lam0.5,lastfm,weighted_ngcf,0,kl_lam0.5,kl,0.5,0.13889860477669172,0.14999115357395443,0.4191433263099744,0.011199575371549893,0.011936414549967479,0.8644527493385725,0.9000170135541314,0.9000170135541314,0.9000170135541314,0.9973460721868365,0.2,0.0731133259772413,0.18781648743171986,0.2157522024757692,0.25206595940413873,0.03705242097453204,0.8382866526199488,0.8382866526199488,0.9815577935296619,0.42642309651015275,"[0.31573518892163777, 0.15939728500721181, 0.21119459314447422, 0.3136729329266762]","[0.9382696390658174, 0.04065817409766454, 0.009872611464968152, 0.011199575371549893]","[0.09998298644586855, 0.20002268473884194, 0.3000056711847105, 0.399988657630579]","[0.7032370953630797, 0.15142337976983647, 0.08030150077394171, 0.0650380240931422]","[0.20055636854580036, 0.4702223051247281, 1.1748282342712575, 2.154393092058214]",kl_projection,0.31573518892163777,0.9382696390658174,0.09998298644586855,0.15939728500721181,0.04065817409766454,0.20002268473884194,0.21119459314447422,0.009872611464968152,0.3000056711847105,0.3136729329266762,0.011199575371549893,0.399988657630579,0.8644527493385725,0.8938858873707515,0.9000170135541314,1.0,473,0.7640965711285475,0.9000170135541314,0.989247311827957,465,0.8991712516736292,0.9000170135541314,1.0,473,0.8989599311017005,0.9000170135541314,1.0,473,0.6032541089172111,0.8561210475244074,0.1562814935573171,0.3875019064414419,0.017834394904458595,-0.017382888780625383,0.11122806920353696,B_ATTENUATED
lastfm/weighted_ngcf/seed_0/kl_lam2.0,lastfm,weighted_ngcf,0,kl_lam2.0,kl,2.0,0.15026484672972865,0.16100495399858272,0.42511466388959224,0.009447983014861995,0.009943023125897257,0.8720963203162188,0.9000170135541314,0.9000170135541314,0.9000170135541314,0.9989384288747346,0.2,0.07607184207097577,0.2000509380846065,0.4355284528727479,0.5273996510719782,0.12671815960553495,0.8502293277791845,0.8502293277791845,0.9944140192333341,0.4403613577337574,"[0.5355114393186164, 0.17536458866350324, 0.1361042858925785, 0.15301968612530184]","[0.950212314225053, 0.03259023354564756, 0.007749469214437367, 0.009447983014861995]","[0.09998298644586855, 0.20002268473884194, 0.3000056711847105, 0.399988657630579]","[0.7032370953630797, 0.15142337976983647, 0.08030150077394171, 0.0650380240931422]","[0.5104459301969858, 0.7763038321381786, 1.136137523953108, 1.5771127137117271]",kl_projection,0.5355114393186164,0.950212314225053,0.09998298644586855,0.17536458866350324,0.03259023354564756,0.20002268473884194,0.1361042858925785,0.007749469214437367,0.3000056711847105,0.15301968612530184,0.009447983014861995,0.399988657630579,0.8720963203162188,0.8966343497063516,0.9000170135541314,1.0,473,0.7916244529288621,0.9000170135541314,0.9956989247311828,465,0.8989598351831429,0.9000170135541314,1.0,473,0.8998055970636454,0.9000170135541314,1.0,473,0.6032541089172111,0.8561210475244074,0.1562814935573171,0.1677256560444632,0.005891719745222956,-0.006016646827588457,0.038498779929959,B_ATTENUATED
lastfm/weighted_ngcf/seed_0/kl_lam8.0,lastfm,weighted_ngcf,0,kl_lam8.0,kl,8.0,0.15420827939609277,0.16387119603679923,0.4279543666496772,0.006634819532908705,0.006940973957458451,0.8755996886507554,0.9000170135541314,0.9000170135541314,0.9000170135541314,1.0,0.2,0.07689442272920806,0.20385754570220432,0.5640463446269299,0.6820234995674717,0.2047378772328601,0.8559087332993544,0.8559087332993544,1.0007835858460548,0.44797544679877166,"[0.6640293310727985, 0.16343380705668634, 0.0935627971687406, 0.0789740647017745]","[0.9558917197452229, 0.029087048832271763, 0.008386411889596603, 0.006634819532908705]","[0.09998298644586855, 0.20002268473884194, 0.3000056711847105, 0.399988657630579]","[0.7032370953630797, 0.15142337976983647, 0.08030150077394171, 0.0650380240931422]","[0.8578246166995808, 0.9805324595468826, 1.05850410903867, 1.1031388147148666]",kl_projection,0.6640293310727985,0.9558917197452229,0.09998298644586855,0.16343380705668634,0.029087048832271763,0.20002268473884194,0.0935627971687406,0.008386411889596603,0.3000056711847105,0.0789740647017745,0.006634819532908705,0.399988657630579,0.8755996886507554,0.8966343497063515,0.9000170135541314,1.0,473,0.8058186964934394,0.9000170135541314,1.0,465,0.8989598831424217,0.9000170135541314,1.0,473,0.8998055970636454,0.9000170135541314,1.0,473,0.6032541089172111,0.8561210475244074,0.1562814935573171,0.039207764290281166,0.0002123142250530785,-0.0020732141612243293,0.013265896774041046,B_ATTENUATED
lastfm/weighted_ngcf/seed_0/legacy_a0.1,lastfm,weighted_ngcf,0,legacy_a0.1,legacy,0.1,0.15324150115683657,0.16291578202406043,0.4271847275838598,0.007165605095541401,0.007508342602884235,0.8739541841723858,0.9000170135541314,0.9000170135541314,0.9000170135541314,0.9984076433121019,0.2,0.07606887659961047,0.2040551150694051,0.5401316419454345,0.6560389922196911,0.1910571556909459,0.8543694551677196,0.8543694551677196,0.9992236566483235,0.4468587560475539,"[0.6401146283913031, 0.17224836639495833, 0.10135327468256732, 0.08628373053117139]","[0.9543524416135881, 0.031210191082802548, 0.007271762208067941, 0.007165605095541401]","[0.09998298644586855, 0.20002268473884194, 0.3000056711847105, 0.399988657630579]","[0.7032370953630797, 0.15142337976983647, 0.08030150077394171, 0.0650380240931422]","[0.8227775583865387, 1.0282261229124607, 1.140881610874551, 1.1991900936072342]",legacy_inverse_power,0.6401146283913031,0.9543524416135881,0.09998298644586855,0.17224836639495833,0.031210191082802548,0.20002268473884194,0.10135327468256732,0.007271762208067941,0.3000056711847105,0.08628373053117139,0.007165605095541401,0.399988657630579,0.8739541841723858,0.8970571347280452,0.9000170135541314,1.0,473,0.7987216905740642,0.9000170135541314,0.9935483870967742,465,0.8989598831424217,0.9000170135541314,1.0,473,0.8998055970636454,0.9000170135541314,1.0,473,0.6032541089172111,0.8561210475244074,0.1562814935573171,0.06312246697177659,0.00175159235668787,-0.003039992400480529,0.01945203063576811,B_ATTENUATED
lastfm/weighted_ngcf/seed_0/legacy_a0.2,lastfm,weighted_ngcf,0,legacy_a0.2,legacy,0.2,0.1518695455305197,0.16225230007076946,0.4248227318301443,0.008492569002123142,0.0089430439885882,0.8704508489498618,0.9000170135541314,0.9000170135541314,0.9000170135541314,0.9978768577494692,0.2,0.07664805486950958,0.2019031141324103,0.4706970075875144,0.5788056750041469,0.1526618039150328,0.8496454636602884,0.8496454636602884,0.994113986015537,0.4412930777257016,"[0.570679994033383, 0.1919093804088556, 0.12529415844804861, 0.11211646710971283]","[0.9496284501061572, 0.03476645435244161, 0.007112526539278132, 0.008492569002123142]","[0.09998298644586855, 0.20002268473884194, 0.3000056711847105, 0.399988657630579]","[0.7032370953630797, 0.15142337976983647, 0.08030150077394171, 0.0650380240931422]","[0.6769629105845141, 1.0572489598395909, 1.3016108500317103, 1.4380568806057272]",legacy_inverse_power,0.570679994033383,0.9496284501061572,0.09998298644586855,0.1919093804088556,0.03476645435244161,0.20002268473884194,0.12529415844804861,0.007112526539278132,0.3000056711847105,0.11211646710971283,0.008492569002123142,0.399988657630579,0.8704508489498618,0.8960000043163352,0.9000170135541314,1.0,473,0.7851727424568671,0.9000170135541314,0.9913978494623656,465,0.899382716123394,0.9000170135541314,1.0,473,0.8998055970636454,0.9000170135541314,1.0,473,0.6032541089172111,0.8561210475244074,0.1562814935573171,0.13255710132969667,0.006475583864119061,-0.0044119480267973965,0.02823077721086208,B_ATTENUATED
lastfm/weighted_ngcf/seed_0/legacy_a0.4,lastfm,weighted_ngcf,0,legacy_a0.4,legacy,0.4,0.1460001199534465,0.15686482661004775,0.41946179764755404,0.008174097664543524,0.008705975464968962,0.8658856355634096,0.9000170135541314,0.9000170135541314,0.9000170135541314,0.9978768577494692,0.2,0.07389523378507769,0.19786820908776814,0.344985954584635,0.4116662192014376,0.08396282562574908,0.8389235952951081,0.8389235952951081,0.9830495223156712,0.4308133446925797,"[0.42289280830974857, 0.22209881745959686, 0.17851912931579342, 0.17648924491486107]","[0.9389065817409766, 0.04400212314225053, 0.008917197452229299, 0.008174097664543524]","[0.09998298644586855, 0.20002268473884194, 0.3000056711847105, 0.399988657630579]","[0.7032370953630797, 0.15142337976983647, 0.08030150077394171, 0.0650380240931422]","[0.4582787823070568, 1.117775363081897, 1.6941908049202714, 2.068007591857475]",legacy_inverse_power,0.42289280830974857,0.9389065817409766,0.09998298644586855,0.22209881745959686,0.04400212314225053,0.20002268473884194,0.17851912931579342,0.008917197452229299,0.3000056711847105,0.17648924491486107,0.008174097664543524,0.399988657630579,0.8658856355634096,0.8940973038612376,0.9000170135541314,1.0,473,0.7688267538443619,0.9000170135541314,0.9913978494623656,465,0.8991712996329079,0.9000170135541314,1.0,473,0.8998055970636454,0.9000170135541314,1.0,473,0.6032541089172111,0.8561210475244074,0.1562814935573171,0.2582681543325761,0.01719745222929936,-0.010281373603870603,0.0657875310111485,B_ATTENUATED
lastfm/weighted_ngcf/seed_0/legacy_a0.8,lastfm,weighted_ngcf,0,legacy_a0.8,legacy,0.8,0.13424417464736949,0.1449752300070756,0.4121369568832228,0.011146496815286623,0.012059955205867615,0.8562782061669499,0.9000170135541314,0.9000170135541314,0.9000170135541314,0.9962845010615711,0.2,0.07252335431417498,0.17961704468851522,0.09843054717587538,0.10926250033130547,0.007536289477072088,0.8242739137664457,0.8242739137664457,0.9674347494137587,0.41567240439538516,"[0.1746780125145955, 0.22375820584599035, 0.2725996363310996, 0.32896414530831447]","[0.9242569002123142, 0.05477707006369427, 0.009819532908704883, 0.011146496815286623]","[0.09998298644586855, 0.20002268473884194, 0.3000056711847105, 0.399988657630579]","[0.7032370953630797, 0.15142337976983647, 0.08030150077394171, 0.0650380240931422]","[0.2100194423128388, 1.2494217623128665, 2.870282483476397, 4.276655399980153]",legacy_inverse_power,0.1746780125145955,0.9242569002123142,0.09998298644586855,0.22375820584599035,0.05477707006369427,0.20002268473884194,0.2725996363310996,0.009819532908704883,0.3000056711847105,0.32896414530831447,0.011146496815286623,0.399988657630579,0.8562782061669499,0.8828921339469085,0.9000170135541314,1.0,473,0.7445249224175833,0.9000170135541314,0.9849462365591398,465,0.8991712996329079,0.9000170135541314,1.0,473,0.8966343497063516,0.9000170135541314,1.0,473,0.6032541089172111,0.8561210475244074,0.1562814935573171,0.5048235617413357,0.031847133757961776,-0.022037318909947617,0.1410104191374733,B_ATTENUATED
lastfm/weighted_ngcf/seed_1/baseline,lastfm,weighted_ngcf,1,baseline,baseline,0.0,0.14973029008307912,0.1599522292993613,0.42620277429298925,0.008174097664543524,0.00858273421389056,0.8739541089178117,0.9000170135541314,0.9000170135541314,0.9000170135541314,0.9984076433121019,0.2,0.07094169453635416,0.19602885194074046,0.602904152661743,0.7258632234321333,0.23046121846949302,0.8524055485859785,0.8524055485859785,0.9972505129712277,0.44601968142385195,"[0.7028871391076116, 0.1526482266639747, 0.08069183659734841, 0.06377279763106534]","[0.9523885350318472, 0.03423566878980892, 0.005201698513800424, 0.008174097664543524]","[0.09998298644586855, 0.20002268473884194, 0.3000056711847105, 0.399988657630579]","[0.7028871391076116, 0.1526482266639747, 0.08069183659734841, 0.06377279763106534]","[1.0, 1.0, 1.0, 1.0]",baseline,0.7028871391076116,0.9523885350318472,0.09998298644586855,0.1526482266639747,0.03423566878980892,0.20002268473884194,0.08069183659734841,0.005201698513800424,0.3000056711847105,0.06377279763106534,0.008174097664543524,0.399988657630579,0.8739541089178117,0.8940972079426802,0.9000170135541314,1.0,473,0.8010870258538944,0.9000170135541314,0.9935483870967742,465,0.8998055970636454,0.9000170135541314,1.0,473,0.8995941805731591,0.9000170135541314,1.0,473,0.602904152661743,0.8524055485859785,0.14973029008307912,0.0,0.0,0.0,0.0,BASELINE
lastfm/weighted_ngcf/seed_1/kl_lam0.1,lastfm,weighted_ngcf,1,kl_lam0.1,kl,0.1,0.1324409771375936,0.1458598726114634,0.4126412031677239,0.010987261146496815,0.011874713171166605,0.8565436079788151,0.9000170135541314,0.9000170135541314,0.9000170135541314,0.9968152866242038,0.2,0.07052353782012005,0.16434366956803761,0.0963935595894326,0.11157665991211811,0.009406180076643803,0.8252824063354478,0.8252824063354478,0.9684621855266792,0.4164130498939075,"[0.1963765460353012, 0.1739335840363637, 0.2631751894262955, 0.3665146805020397]","[0.9252653927813164, 0.053768577494692146, 0.009978768577494692, 0.010987261146496815]","[0.09998298644586855, 0.20002268473884194, 0.3000056711847105, 0.399988657630579]","[0.7028871391076116, 0.1526482266639747, 0.08069183659734841, 0.06377279763106534]","[0.10717255481392714, 0.43709037798688183, 1.251108305906031, 2.2046287612931597]",kl_projection,0.1963765460353012,0.9252653927813164,0.09998298644586855,0.1739335840363637,0.053768577494692146,0.20002268473884194,0.2631751894262955,0.009978768577494692,0.3000056711847105,0.3665146805020397,0.010987261146496815,0.399988657630579,0.8565436079788151,0.8826805256193073,0.9000170135541314,1.0,473,0.7443100515955848,0.9000170135541314,0.9870967741935484,465,0.8993827640826728,0.9000170135541314,1.0,473,0.8979028486492692,0.9000170135541314,1.0,473,0.602904152661743,0.8524055485859785,0.14973029008307912,0.5065105930723104,0.027123142250530696,-0.017289312945485524,0.11546970847309788,B_ATTENUATED
lastfm/weighted_ngcf/seed_1/kl_lam0.5,lastfm,weighted_ngcf,1,kl_lam0.5,kl,0.5,0.13536775888255081,0.14803609341825746,0.4164893984968109,0.012579617834394905,0.01348352961254742,0.8614271512242475,0.9000170135541314,0.9000170135541314,0.9000170135541314,0.9962845010615711,0.2,0.06911667291128795,0.17253395909759509,0.2152397605890091,0.25149141566891664,0.036927555722890054,0.8329787969936219,0.8329787969936219,0.9760617852911814,0.4222442172404658,"[0.3152227470348776, 0.15958237932734315, 0.21074388159519702, 0.31445099204258214]","[0.9329617834394904, 0.04612526539278131, 0.008333333333333333, 0.012579617834394905]","[0.09998298644586855, 0.20002268473884194, 0.3000056711847105, 0.399988657630579]","[0.7028871391076116, 0.1526482266639747, 0.08069183659734841, 0.06377279763106534]","[0.19851627207190145, 0.4627616183302614, 1.1560843790370658, 2.182637730560771]",kl_projection,0.3152227470348776,0.9329617834394904,0.09998298644586855,0.15958237932734315,0.04612526539278131,0.20002268473884194,0.21074388159519702,0.008333333333333333,0.3000056711847105,0.31445099204258214,0.012579617834394905,0.399988657630579,0.8614271512242475,0.884794726493629,0.9000170135541314,0.9978858350951374,473,0.7608704353823385,0.9000170135541314,0.9870967741935484,465,0.8995941805731591,0.9000170135541314,1.0,473,0.8987485146112141,0.9000170135541314,1.0,473,0.602904152661743,0.8524055485859785,0.14973029008307912,0.38766439207273395,0.019426751592356628,-0.0143625312005283,0.09592268332986685,B_ATTENUATED
lastfm/weighted_ngcf/seed_1/kl_lam2.0,lastfm,weighted_ngcf,1,kl_lam2.0,kl,2.0,0.14385426595061626,0.15553786270346615,0.4223280396857706,0.008651804670912951,0.009158846996675138,0.8709814508913334,0.9000170135541314,0.9000170135541314,0.9000170135541314,0.9994692144373672,0.2,0.07405380219711102,0.17938021526963574,0.4350394587500372,0.5271886901714842,0.12670027753047425,0.8446560793715412,0.8446560793715412,0.9889667272795187,0.4365518892550657,"[0.5350224451959058, 0.17628286932439624, 0.1363159927202898, 0.1523786927594082]","[0.9446390658174098, 0.03938428874734607, 0.00732484076433121, 0.008651804670912951]","[0.09998298644586855, 0.20002268473884194, 0.3000056711847105, 0.399988657630579]","[0.7028871391076116, 0.1526482266639747, 0.08069183659734841, 0.06377279763106534]","[0.5078966864541121, 0.7705615278763388, 1.1272135089184776, 1.594328276751071]",kl_projection,0.5350224451959058,0.9446390658174098,0.09998298644586855,0.17628286932439624,0.03938428874734607,0.20002268473884194,0.1363159927202898,0.00732484076433121,0.3000056711847105,0.1523786927594082,0.008651804670912951,0.399988657630579,0.8709814508913334,0.8940971599834014,0.9000170135541314,1.0,473,0.7892580687847627,0.9000170135541314,0.9978494623655914,465,0.8998055970636454,0.9000170135541314,1.0,473,0.8993827640826728,0.9000170135541314,1.0,473,0.602904152661743,0.8524055485859785,0.14973029008307912,0.16786469391170583,0.00774946921443731,-0.005876024132462854,0.03924405762656635,B_ATTENUATED
lastfm/weighted_ngcf/seed_1/kl_lam8.0,lastfm,weighted_ngcf,1,kl_lam8.0,kl,8.0,0.1475346355579347,0.1583421797593754,0.424981967498934,0.008227176220806794,0.008660669385921487,0.8729986527625112,0.9000170135541314,0.9000170135541314,0.9000170135541314,0.9984076433121019,0.2,0.07342161729991382,0.19164825604859936,0.5637728324895577,0.6822616814876766,0.20521942931159262,0.849963934997868,0.849963934997868,0.9946576305856014,0.44303905886497036,"[0.6637558189354262, 0.16467762155492435, 0.09398958801506774, 0.07757697149458162]","[0.9499469214437367, 0.035934182590233545, 0.00589171974522293, 0.008227176220806794]","[0.09998298644586855, 0.20002268473884194, 0.3000056711847105, 0.399988657630579]","[0.7028871391076116, 0.1526482266639747, 0.08069183659734841, 0.06377279763106534]","[0.8576245100709343, 0.9797544895844228, 1.0578512056753209, 1.104769794669322]",kl_projection,0.6637558189354262,0.9499469214437367,0.09998298644586855,0.16467762155492435,0.035934182590233545,0.20002268473884194,0.09398958801506774,0.00589171974522293,0.3000056711847105,0.07757697149458162,0.008227176220806794,0.399988657630579,0.8729986527625112,0.8928287569590414,0.9000170135541314,1.0,473,0.7987212149263143,0.9000170135541314,0.9935483870967742,465,0.8998055970636454,0.9000170135541314,1.0,473,0.8993827640826728,0.9000170135541314,1.0,473,0.602904152661743,0.8524055485859785,0.14973029008307912,0.039131320172185347,0.0024416135881104584,-0.0021956545251444193,0.014664063790473804,B_ATTENUATED
lastfm/weighted_ngcf/seed_1/legacy_a0.1,lastfm,weighted_ngcf,1,legacy_a0.1,legacy,0.1,0.1479086346717285,0.1592091295116754,0.4245307997706963,0.008280254777070064,0.008724832214755908,0.8729986347014134,0.9000170135541314,0.9000170135541314,0.9000170135541314,0.9984076433121019,0.2,0.07548021739291656,0.18886467547940505,0.5399102795722442,0.65638754529838,0.19157812492940984,0.8490615995413926,0.8490615995413926,0.9936910056775935,0.44191206341866746,"[0.6398932660181129, 0.17351954558449903, 0.10180696117547271, 0.08478022722191543]","[0.9490445859872612, 0.03651804670912951, 0.0061571125265392785, 0.008280254777070064]","[0.09998298644586855, 0.20002268473884194, 0.3000056711847105, 0.399988657630579]","[0.7028871391076116, 0.1526482266639747, 0.08069183659734841, 0.06377279763106534]","[0.8228185139889198, 1.0273980816491168, 1.1403285198315083, 1.2015482605513303]",legacy_inverse_power,0.6398932660181129,0.9490445859872612,0.09998298644586855,0.17351954558449903,0.03651804670912951,0.20002268473884194,0.10180696117547271,0.0061571125265392785,0.3000056711847105,0.08478022722191543,0.008280254777070064,0.399988657630579,0.8729986347014134,0.8924058760187902,0.9000170135541314,1.0,473,0.7993663518244445,0.9000170135541314,0.9935483870967742,465,0.8998055970636454,0.9000170135541314,1.0,473,0.8991713475921866,0.9000170135541314,1.0,473,0.602904152661743,0.8524055485859785,0.14973029008307912,0.06299387308949878,0.0033439490445859033,-0.0018216554113506256,0.01216624512207827,B_ATTENUATED
lastfm/weighted_ngcf/seed_1/legacy_a0.2,lastfm,weighted_ngcf,1,legacy_a0.2,legacy,0.2,0.14550496959424766,0.15649327671620492,0.4224076575201655,0.009129511677282378,0.00966292134830438,0.8703445684198335,0.9000170135541314,0.9000170135541314,0.9000170135541314,0.9994692144373672,0.2,0.07442024174012404,0.18300384602518452,0.4706110957767217,0.5794211678398308,0.1532057237691784,0.844815315040331,0.844815315040331,0.9892388211290247,0.4378969281410403,"[0.5705940822225903, 0.19319808636754776, 0.1258123078457469, 0.11039552356411506]","[0.9447983014861996, 0.04039278131634819, 0.005679405520169851, 0.009129511677282378]","[0.09998298644586855, 0.20002268473884194, 0.3000056711847105, 0.399988657630579]","[0.7028871391076116, 0.1526482266639747, 0.08069183659734841, 0.06377279763106534]","[0.6770303069629342, 1.0555468181762853, 1.3003491331411188, 1.4437182224339276]",legacy_inverse_power,0.5705940822225903,0.9447983014861996,0.09998298644586855,0.19319808636754776,0.04039278131634819,0.20002268473884194,0.1258123078457469,0.005679405520169851,0.3000056711847105,0.11039552356411506,0.009129511677282378,0.399988657630579,0.8703445684198335,0.8915601620975663,0.9000170135541314,0.9978858350951374,473,0.7894733664701266,0.9000170135541314,1.0,465,0.8998055970636454,0.9000170135541314,1.0,473,0.8991713475921866,0.9000170135541314,1.0,473,0.602904152661743,0.8524055485859785,0.14973029008307912,0.1322930568850213,0.0075902335456474734,-0.004225320488831452,0.028219543864417797,B_ATTENUATED
lastfm/weighted_ngcf/seed_1/legacy_a0.4,lastfm,weighted_ngcf,1,legacy_a0.4,legacy,0.4,0.13996240875756966,0.1528839348903027,0.41731211611889163,0.009766454352441613,0.010449795547467238,0.8651955932607062,0.9000170135541314,0.9000170135541314,0.9000170135541314,0.9994692144373672,0.2,0.07307640197034093,0.17194755543983173,0.3463223936265191,0.4127171153417515,0.08441883944736686,0.8346242322377833,0.8346242322377833,0.9786768525502254,0.4282647112497007,"[0.4230195150555836, 0.22330854975564604, 0.17914641891761332, 0.17452551627115706]","[0.9346072186836518, 0.04920382165605096, 0.006422505307855627, 0.009766454352441613]","[0.09998298644586855, 0.20002268473884194, 0.3000056711847105, 0.399988657630579]","[0.7028871391076116, 0.1526482266639747, 0.08069183659734841, 0.06377279763106534]","[0.4583700365463249, 1.11417908536208, 1.690907868060859, 2.0843223057877793]",legacy_inverse_power,0.4230195150555836,0.9346072186836518,0.09998298644586855,0.22330854975564604,0.04920382165605096,0.20002268473884194,0.17914641891761332,0.006422505307855627,0.3000056711847105,0.17452551627115706,0.009766454352441613,0.399988657630579,0.8651955932607062,0.8881774982497862,0.9000170135541314,0.9978858350951374,473,0.7726977337823936,0.9000170135541314,1.0,465,0.8998055970636454,0.9000170135541314,1.0,473,0.8985370981207278,0.9000170135541314,1.0,473,0.602904152661743,0.8524055485859785,0.14973029008307912,0.2565817590352239,0.017781316348195242,-0.009767881325509459,0.06523650839178677,B_ATTENUATED
lastfm/weighted_ngcf/seed_1/legacy_a0.8,lastfm,weighted_ngcf,1,legacy_a0.8,legacy,0.8,0.1302770467456238,0.14246284501061432,0.41009343246708696,0.010881104033970275,0.01182510383016712,0.855216499583451,0.9000170135541314,0.9000170135541314,0.9000170135541314,0.9978768577494692,0.2,0.06910747971273888,0.16212796957275383,0.09904615732408126,0.11002852899992327,0.007606856823401778,0.8201868649341739,0.8201868649341739,0.9635731516319619,0.41410817333323585,"[0.17477983243778705, 0.22427199607100473, 0.2730503713581102, 0.32789780013309805]","[0.9201698513800425, 0.0601380042462845, 0.00881104033970276, 0.010881104033970275]","[0.09998298644586855, 0.20002268473884194, 0.3000056711847105, 0.399988657630579]","[0.7028871391076116, 0.1526482266639747, 0.08069183659734841, 0.06377279763106534]","[0.21010309040347924, 1.2413950342582811, 2.8591694182701186, 4.344399474404485]",legacy_inverse_power,0.17477983243778705,0.9201698513800425,0.09998298644586855,0.22427199607100473,0.0601380042462845,0.20002268473884194,0.2730503713581102,0.00881104033970276,0.3000056711847105,0.32789780013309805,0.010881104033970275,0.399988657630579,0.855216499583451,0.8778178384297463,0.9000170135541314,0.9978858350951374,473,0.7460300548397463,0.9000170135541314,0.9935483870967742,465,0.8995941805731591,0.9000170135541314,1.0,473,0.8955772192946414,0.9000170135541314,1.0,473,0.602904152661743,0.8524055485859785,0.14973029008307912,0.5038579953376617,0.03221868365180458,-0.019453243337455323,0.1299218970768141,B_ATTENUATED
lastfm/weighted_ngcf/seed_2/baseline,lastfm,weighted_ngcf,2,baseline,baseline,0.0,0.15209441222559245,0.16088995046001228,0.427821670259019,0.00881104033970276,0.009220173294813724,0.8749097607350048,0.9000170135541314,0.9000170135541314,0.9000170135541314,0.9994692144373672,0.2,0.0747305303864867,0.19488427187454166,0.6033079483411292,0.7261312150976156,0.23048204652563453,0.855643340518038,0.855643340518038,1.00026214475379,0.44722846114666975,"[0.7032909347869978, 0.15231173026448616, 0.07993808466249411, 0.06445925028602194]","[0.9556263269639066, 0.029087048832271763, 0.006475583864118896, 0.00881104033970276]","[0.09998298644586855, 0.20002268473884194, 0.3000056711847105, 0.399988657630579]","[0.7032909347869978, 0.15231173026448616, 0.07993808466249411, 0.06445925028602194]","[1.0, 1.0, 1.0, 1.0]",baseline,0.7032909347869978,0.9556263269639066,0.09998298644586855,0.15231173026448616,0.029087048832271763,0.20002268473884194,0.07993808466249411,0.006475583864118896,0.3000056711847105,0.06445925028602194,0.00881104033970276,0.399988657630579,0.8749097607350048,0.8974800156682965,0.9000170135541314,1.0,473,0.8015179505192183,0.9000170135541314,0.9978494623655914,465,0.9000170135541318,0.9000170135541314,1.0,473,0.8993827640826728,0.9000170135541314,1.0,473,0.6033079483411292,0.855643340518038,0.15209441222559245,0.0,0.0,0.0,0.0,BASELINE
lastfm/weighted_ngcf/seed_2/kl_lam0.1,lastfm,weighted_ngcf,2,kl_lam0.1,kl,0.1,0.1380910684042075,0.14691259731068512,0.41813483374097227,0.010456475583864118,0.011168433584658403,0.8617986830569926,0.9000170135541314,0.9000170135541314,0.9000170135541314,0.9962845010615711,0.2,0.06802681636711062,0.18765922316843298,0.09646229880495819,0.11165271461526871,0.009417193349983822,0.8362696674819445,0.8362696674819445,0.9796497751196515,0.4252336788254505,"[0.1964452852508267, 0.17389975876266792, 0.2632340104116622, 0.366420945574843]","[0.9362526539278132, 0.043152866242038214, 0.0101380042462845, 0.010456475583864118]","[0.09998298644586855, 0.20002268473884194, 0.3000056711847105, 0.399988657630579]","[0.7032909347869978, 0.15231173026448616, 0.07993808466249411, 0.06445925028602194]","[0.10744668373631856, 0.43918960568254456, 1.2667026742654275, 2.18666103631571]",kl_projection,0.1964452852508267,0.9362526539278132,0.09998298644586855,0.17389975876266792,0.043152866242038214,0.20002268473884194,0.2632340104116622,0.0101380042462845,0.3000056711847105,0.366420945574843,0.010456475583864118,0.399988657630579,0.8617986830569926,0.889657377713731,0.9000170135541314,1.0,473,0.75721437505069,0.9000170135541314,0.9849462365591398,465,0.9000170135541318,0.9000170135541314,1.0,473,0.8985370981207278,0.9000170135541314,1.0,473,0.6033079483411292,0.855643340518038,0.15209441222559245,0.5068456495361711,0.019373673036093497,-0.014003343821384934,0.0920700742155775,B_ATTENUATED
lastfm/weighted_ngcf/seed_2/kl_lam0.5,lastfm,weighted_ngcf,2,kl_lam0.5,kl,0.5,0.14134896986268525,0.14927459306440047,0.4196210333163438,0.010350318471337579,0.011020062164441501,0.8648242179574754,0.9000170135541314,0.9000170135541314,0.9000170135541314,0.9978768577494692,0.2,0.06874347021456542,0.18973018778299852,0.21548408613309503,0.2517724322616895,0.036984633951885684,0.8392420666326876,0.8392420666326876,0.9826993310013502,0.4278397631203296,"[0.31546707257896356, 0.15954084069096108, 0.2110392506148717, 0.3139528361152036]","[0.9392250530785563, 0.040339702760084924, 0.010084925690021231, 0.010350318471337579]","[0.09998298644586855, 0.20002268473884194, 0.3000056711847105, 0.399988657630579]","[0.7032909347869978, 0.15231173026448616, 0.07993808466249411, 0.06445925028602194]","[0.19921281493200324, 0.46519686625636236, 1.172486237839679, 2.1631040809719555]",kl_projection,0.31546707257896356,0.9392250530785563,0.09998298644586855,0.15954084069096108,0.040339702760084924,0.20002268473884194,0.2110392506148717,0.010084925690021231,0.3000056711847105,0.3139528361152036,0.010350318471337579,0.399988657630579,0.8648242179574754,0.8907144961356213,0.9000170135541314,1.0,473,0.7683973658871532,0.9000170135541314,0.9913978494623656,465,0.9000170135541318,0.9000170135541314,1.0,473,0.8985370981207278,0.9000170135541314,1.0,473,0.6033079483411292,0.855643340518038,0.15209441222559245,0.3878238622080342,0.016401273885350398,-0.010745442362907198,0.0706498168188397,B_ATTENUATED
lastfm/weighted_ngcf/seed_2/kl_lam2.0,lastfm,weighted_ngcf,2,kl_lam2.0,kl,2.0,0.14852861668199233,0.15625442321302033,0.4234957679235625,0.010456475583864118,0.011041981951672662,0.8692300662372702,0.9000170135541314,0.9000170135541314,0.9000170135541314,0.9957537154989384,0.2,0.07347926369844819,0.1927932942524443,0.43542876203901726,0.5275121882593458,0.12682565655395558,0.846991535847125,0.846991535847125,0.9909789771662497,0.43722004537639103,"[0.5354117484848858, 0.17606257742114306, 0.13576585128932275, 0.1527598228046484]","[0.9469745222929936, 0.03561571125265393, 0.006953290870488323, 0.010456475583864118]","[0.09998298644586855, 0.20002268473884194, 0.3000056711847105, 0.399988657630579]","[0.7032909347869978, 0.15231173026448616, 0.07993808466249411, 0.06445925028602194]","[0.5087606794269989, 0.7724926662248343, 1.1350042046451214, 1.583742449703046]",kl_projection,0.5354117484848858,0.9469745222929936,0.09998298644586855,0.17606257742114306,0.03561571125265393,0.20002268473884194,0.13576585128932275,0.006953290870488323,0.3000056711847105,0.1527598228046484,0.010456475583864118,0.399988657630579,0.8692300662372702,0.894942921863904,0.9000170135541314,1.0,473,0.781516877262757,0.9000170135541314,0.9827956989247312,465,0.9000170135541318,0.9000170135541314,1.0,473,0.8989599311017004,0.9000170135541314,1.0,473,0.6033079483411292,0.855643340518038,0.15209441222559245,0.16787918630211196,0.008651804670912977,-0.00356579554360012,0.023444618979895138,B_ATTENUATED
lastfm/weighted_ngcf/seed_2/kl_lam8.0,lastfm,weighted_ngcf,2,kl_lam8.0,kl,8.0,0.15095635450387584,0.15828025477706834,0.42660086346496384,0.00886411889596603,0.009299476556399644,0.8744318761278406,0.9000170135541314,0.9000170135541314,0.9000170135541314,0.9984076433121019,0.2,0.07228313747645204,0.19960258422733274,0.5641472647714693,0.682471173029374,0.2052109570082336,0.8532017269299277,0.8532017269299277,0.9978006475717343,0.4452284912850748,"[0.6641302512173378, 0.16434373578078126, 0.09318404613833756, 0.0783419668635434]","[0.9531847133757961, 0.03190021231422505, 0.006050955414012739, 0.00886411889596603]","[0.09998298644586855, 0.20002268473884194, 0.3000056711847105, 0.399988657630579]","[0.7032909347869978, 0.15231173026448616, 0.07993808466249411, 0.06445925028602194]","[0.8576154641041268, 0.9799279911312718, 1.0586738499892618, 1.1037826947753397]",kl_projection,0.6641302512173378,0.9531847133757961,0.09998298644586855,0.16434373578078126,0.03190021231422505,0.20002268473884194,0.09318404613833756,0.006050955414012739,0.3000056711847105,0.0783419668635434,0.00886411889596603,0.399988657630579,0.8744318761278406,0.8968457182375589,0.9000170135541314,1.0,473,0.8004420109167257,0.9000170135541314,0.9935483870967742,465,0.9000170135541318,0.9000170135541314,1.0,473,0.8991713475921865,0.9000170135541314,1.0,473,0.6033079483411292,0.855643340518038,0.15209441222559245,0.03916068356965996,0.0024416135881103473,-0.001138057721716601,0.007482574179178843,B_ATTENUATED
lastfm/weighted_ngcf/seed_2/legacy_a0.1,lastfm,weighted_ngcf,2,legacy_a0.1,legacy,0.1,0.15124789890069837,0.1576786978060847,0.42564544945222493,0.007855626326963907,0.008258006918861981,0.871990256519364,0.9000170135541314,0.9000170135541314,0.9000170135541314,0.9962845010615711,0.2,0.07523067926942859,0.19436721540894894,0.5402724050551676,0.6565610662872613,0.1915487873112064,0.8512908989044499,0.8512908989044499,0.9959797783942621,0.4437213531899355,"[0.6402553915010362, 0.17318371651477596, 0.10095560195540715, 0.08560529002878065]","[0.9512738853503184, 0.03407643312101911, 0.006794055201698514, 0.007855626326963907]","[0.09998298644586855, 0.20002268473884194, 0.3000056711847105, 0.399988657630579]","[0.7032909347869978, 0.15231173026448616, 0.07993808466249411, 0.06445925028602194]","[0.822771259514536, 1.0276248353803854, 1.1413992226745917, 1.2002625095275918]",legacy_inverse_power,0.6402553915010362,0.9512738853503184,0.09998298644586855,0.17318371651477596,0.03407643312101911,0.20002268473884194,0.10095560195540715,0.006794055201698514,0.3000056711847105,0.08560529002878065,0.007855626326963907,0.399988657630579,0.871990256519364,0.896000052275614,0.9000170135541314,1.0,473,0.7914097284600172,0.9000170135541314,0.9849462365591398,465,0.9000170135541318,0.9000170135541314,1.0,473,0.8991713475921865,0.9000170135541314,1.0,473,0.6033079483411292,0.855643340518038,0.15209441222559245,0.06303554328596161,0.004352441613588165,-0.000846513324894077,0.0055657095649148175,B_ATTENUATED
lastfm/weighted_ngcf/seed_2/legacy_a0.2,lastfm,weighted_ngcf,2,legacy_a0.2,legacy,0.2,0.15027408348377858,0.15845718329794592,0.42299152163906145,0.0101380042462845,0.010717091235540236,0.8700791997199808,0.9000170135541314,0.9000170135541314,0.9000170135541314,0.9973460721868365,0.2,0.07475243409752833,0.19303889921894954,0.4709132814066078,0.5794739430061824,0.15313594380733853,0.8459830432781229,0.8459830432781229,0.9901706220655663,0.43774248295547413,"[0.5708962678524764, 0.1928708052841072, 0.12487998614602318, 0.11135294071739327]","[0.9459660297239915, 0.03805732484076433, 0.00583864118895966, 0.0101380042462845]","[0.09998298644586855, 0.20002268473884194, 0.3000056711847105, 0.399988657630579]","[0.7032909347869978, 0.15231173026448616, 0.07993808466249411, 0.06445925028602194]","[0.6769525454831359, 1.0560128022905644, 1.302792185522162, 1.4406300917774726]",legacy_inverse_power,0.5708962678524764,0.9459660297239915,0.09998298644586855,0.1928708052841072,0.03805732484076433,0.20002268473884194,0.12487998614602318,0.00583864118895966,0.3000056711847105,0.11135294071739327,0.0101380042462845,0.399988657630579,0.8700791997199808,0.8936744229209863,0.9000170135541314,1.0,473,0.7862475600185137,0.9000170135541314,0.989247311827957,465,0.8998055970636454,0.9000170135541314,1.0,473,0.8991713475921865,0.9000170135541314,1.0,473,0.6033079483411292,0.855643340518038,0.15209441222559245,0.1323946669345214,0.009660297239915128,-0.0018203287418138703,0.011968413008585001,B_ATTENUATED
lastfm/weighted_ngcf/seed_2/legacy_a0.4,lastfm,weighted_ngcf,2,legacy_a0.4,legacy,0.4,0.14564564407610367,0.15322894550601412,0.4182144515753672,0.009182590233545647,0.009806144428058909,0.8647709979226127,0.9000170135541314,0.9000170135541314,0.9000170135541314,0.9973460721868365,0.2,0.0731173165179982,0.18870977407947648,0.34619266106147284,0.4125035787240008,0.08431532363081717,0.8364289031507344,0.8364289031507344,0.9804326792779053,0.4287581127337883,"[0.4231783797482571, 0.22301995249792628, 0.17814598085133365, 0.175655686902483]","[0.9364118895966029, 0.04654989384288747, 0.007855626326963907, 0.009182590233545647]","[0.09998298644586855, 0.20002268473884194, 0.3000056711847105, 0.399988657630579]","[0.7032909347869978, 0.15231173026448616, 0.07993808466249411, 0.06445925028602194]","[0.4582647488360972, 1.1151630386015705, 1.6972674786576114, 2.075415061334769]",legacy_inverse_power,0.4231783797482571,0.9364118895966029,0.09998298644586855,0.22301995249792628,0.04654989384288747,0.20002268473884194,0.17814598085133365,0.007855626326963907,0.3000056711847105,0.175655686902483,0.009182590233545647,0.399988657630579,0.8647709979226127,0.8909259605853863,0.9000170135541314,1.0,473,0.7681816901228086,0.9000170135541314,0.989247311827957,465,0.9000170135541318,0.9000170135541314,1.0,473,0.8983256816302415,0.9000170135541314,1.0,473,0.6033079483411292,0.855643340518038,0.15209441222559245,0.2571152872796564,0.01921443736730366,-0.006448768149488776,0.04239977034740572,B_ATTENUATED
lastfm/weighted_ngcf/seed_2/legacy_a0.8,lastfm,weighted_ngcf,2,legacy_a0.8,legacy,0.8,0.1374923950877365,0.14720452937013304,0.4172324982844967,0.009394904458598726,0.010053961942619176,0.862435511345199,0.9000170135541314,0.9000170135541314,0.9000170135541314,0.9984076433121019,0.2,0.06601363006399616,0.18720942510644803,0.09892260709341963,0.10970095800713907,0.007582140004205658,0.8344649965689934,0.8344649965689934,0.9781144779516301,0.4250942428406204,"[0.1747803413173938, 0.22414793696073632, 0.2725078259273691, 0.3285638957945008]","[0.934447983014862, 0.04628450106157112, 0.009872611464968152, 0.009394904458598726]","[0.09998298644586855, 0.20002268473884194, 0.3000056711847105, 0.399988657630579]","[0.7032909347869978, 0.15231173026448616, 0.07993808466249411, 0.06445925028602194]","[0.2100065800258112, 1.2435886026630878, 2.8807168941087653, 4.307347676815203]",legacy_inverse_power,0.1747803413173938,0.934447983014862,0.09998298644586855,0.22414793696073632,0.04628450106157112,0.20002268473884194,0.2725078259273691,0.009872611464968152,0.3000056711847105,0.3285638957945008,0.009394904458598726,0.399988657630579,0.862435511345199,0.8877545333807971,0.9000170135541314,1.0,473,0.7630204607807087,0.9000170135541314,0.9935483870967742,465,0.9000170135541318,0.9000170135541314,1.0,473,0.8972685991778102,0.9000170135541314,1.0,473,0.6033079483411292,0.855643340518038,0.15209441222559245,0.5043853412477096,0.02117834394904461,-0.014602017137855944,0.09600626955445052,B_ATTENUATED
ml1m/weighted_bpr/seed_0/baseline,ml1m,weighted_bpr,0,baseline,baseline,0.0,0.2599430351803069,0.16811317086448455,0.3339330459467233,0.0020364238410596025,0.0026517764746429766,0.74947773319494,0.7000269759913677,0.8999190720258968,0.8999190720258968,0.9990066225165563,0.2,0.19724349469043898,0.13980167265447216,0.4817793780856189,0.531360391459119,0.1612268105053976,0.6678660918934466,0.6678660918934466,0.8191049589956862,0.33326384570979767,"[0.4453151867978243, 0.33643721529642695, 0.1783664393383517, 0.039881158567397074]","[0.7679470198675497, 0.18756622516556293, 0.042450331125827814, 0.0020364238410596025]","[0.10008092797410305, 0.19989209603452926, 0.2999730240086323, 0.40005395198273536]","[0.4453151867978243, 0.33643721529642695, 0.1783664393383517, 0.039881158567397074]","[1.0, 1.0, 1.0, 1.0]",baseline,0.4453151867978243,0.7679470198675497,0.10008092797410305,0.33643721529642695,0.18756622516556293,0.19989209603452926,0.1783664393383517,0.042450331125827814,0.2999730240086323,0.039881158567397074,0.0020364238410596025,0.40005395198273536,0.74947773319494,0.7271392586425895,0.8999190720258968,1.0,1510,0.6154622842926257,0.7999190720258968,0.9960238568588469,1509,0.8616120930994842,0.8999190720258968,1.0,1511,0.7935342836266451,0.8999190720258968,1.0,1510,0.4817793780856189,0.6678660918934466,0.2599430351803069,0.0,0.0,0.0,0.0,BASELINE
ml1m/weighted_bpr/seed_0/kl_lam0.1,ml1m,weighted_bpr,0,kl_lam0.1,kl,0.1,0.16474715139760066,0.11607380296455104,0.18917311217188887,0.1558774834437086,0.3258123680652082,0.535476050321836,0.5000269759913677,0.8999190720258968,0.8999190720258968,0.9175496688741722,0.2,0.14639333240958408,0.03278482299068444,0.06625185704785205,0.07355439894400409,0.003961545196588832,0.37834622434377774,0.37834622434377774,0.4643021468906024,0.10169531949576346,"[0.15579055178398094, 0.21043432927250344, 0.26751584662946776, 0.36625927231404787]","[0.4784271523178808, 0.17644039735099337, 0.18925496688741722, 0.1558774834437086]","[0.10008092797410305, 0.19989209603452926, 0.2999730240086323, 0.40005395198273536]","[0.4453151867978243, 0.33643721529642695, 0.1783664393383517, 0.039881158567397074]","[0.12002619454014102, 0.21459272175641403, 0.514563288275911, 3.1508177954275336]",kl_projection,0.15579055178398094,0.4784271523178808,0.10008092797410305,0.21043432927250344,0.17644039735099337,0.19989209603452926,0.26751584662946776,0.18925496688741722,0.2999730240086323,0.36625927231404787,0.1558774834437086,0.40005395198273536,0.535476050321836,0.4510793790877113,0.7000269759913677,0.9125827814569536,1510,0.32116122615087284,0.5000269759913677,0.802518223989397,1509,0.7701692310521331,0.8999190720258968,0.9940436796823295,1511,0.5991970087019903,0.8999190720258968,0.9609271523178808,1510,0.4817793780856189,0.6678660918934466,0.2599430351803069,0.4155275210377668,0.28951986754966885,-0.09519588378270627,0.3662182513052315,A_POSITIVE
ml1m/weighted_bpr/seed_0/kl_lam0.5,ml1m,weighted_bpr,0,kl_lam0.5,kl,0.5,0.1993515898323693,0.1342657841838385,0.2649347015758624,0.11516556291390728,0.1828168940048085,0.6301253267042664,0.7000269759913677,0.8999190720258968,0.8999190720258968,0.9466887417218544,0.2,0.1786601723843957,0.04330305438849075,0.17207200500233175,0.18392983314588415,0.020395378139651924,0.5298694031517248,0.5298694031517248,0.6374180829929524,0.1785843351312646,"[0.23146236422988434, 0.2405826647810797, 0.2213191584190211, 0.3066358125700148]","[0.6299503311258278, 0.16216887417218542, 0.09271523178807947, 0.11516556291390728]","[0.10008092797410305, 0.19989209603452926, 0.2999730240086323, 0.40005395198273536]","[0.4453151867978243, 0.33643721529642695, 0.1783664393383517, 0.039881158567397074]","[0.20454582374066654, 0.2814090367922192, 0.4882964936317549, 3.0257486458353595]",kl_projection,0.23146236422988434,0.6299503311258278,0.10008092797410305,0.2405826647810797,0.16216887417218542,0.19989209603452926,0.2213191584190211,0.09271523178807947,0.2999730240086323,0.3066358125700148,0.11516556291390728,0.40005395198273536,0.6301253267042664,0.585357378290937,0.8999190720258968,0.9622516556291391,1510,0.37529228012913435,0.6000269759913677,0.8349900596421471,1509,0.8383866036262801,0.8999190720258968,0.99867637326274,1511,0.7211583597882651,0.8999190720258968,0.990728476821192,1510,0.4817793780856189,0.6678660918934466,0.2599430351803069,0.3097073730832871,0.13799668874172177,-0.06059144534793762,0.23309509064518294,B_ATTENUATED
ml1m/weighted_bpr/seed_0/kl_lam2.0,ml1m,weighted_bpr,0,kl_lam2.0,kl,2.0,0.24260054596953057,0.15620169783087356,0.31779893998645836,0.01793046357615894,0.024372679194295664,0.7226756163835377,0.7000269759913677,0.8999190720258968,0.8999190720258968,0.9913907284768212,0.2,0.1873795537633353,0.11604413539429378,0.37164938389661073,0.408578739404651,0.08948959929614905,0.6355978799729167,0.6355978799729167,0.7798825024207025,0.28869222177012954,"[0.35603568345418035, 0.3155867244510628, 0.21155693055353658, 0.1168206615412204]","[0.7356788079470199, 0.18736754966887417, 0.05902317880794702, 0.01793046357615894]","[0.10008092797410305, 0.19989209603452926, 0.2999730240086323, 0.40005395198273536]","[0.4453151867978243, 0.33643721529642695, 0.1783664393383517, 0.039881158567397074]","[0.5464109794333811, 0.6410738954852203, 0.8106017018092684, 2.0019134232721303]",kl_projection,0.35603568345418035,0.7356788079470199,0.10008092797410305,0.3155867244510628,0.18736754966887417,0.19989209603452926,0.21155693055353658,0.05902317880794702,0.2999730240086323,0.1168206615412204,0.01793046357615894,0.40005395198273536,0.7226756163835377,0.7056180807028762,0.8999190720258968,0.9986754966887417,1510,0.5385298317102153,0.7000269759913677,0.9668654738237243,1509,0.863331808085906,0.8999190720258968,1.0,1511,0.7830076443885471,0.8999190720258968,1.0,1510,0.4817793780856189,0.6678660918934466,0.2599430351803069,0.11012999418900815,0.032268211920529866,-0.017342489210776357,0.0667164988619407,B_ATTENUATED
ml1m/weighted_bpr/seed_0/kl_lam8.0,ml1m,weighted_bpr,0,kl_lam8.0,kl,8.0,0.2556764162681995,0.16550740589656382,0.3238005956155975,0.0033774834437086095,0.0045172719220488745,0.7371137967010686,0.7000269759913677,0.8999190720258968,0.8999190720258968,0.9985099337748344,0.2,0.1948593780113198,0.1344506409018616,0.4601117765798128,0.5080930242817666,0.1468240277613599,0.647601191231195,0.647601191231195,0.7994136892389978,0.3193088134108909,"[0.42274710135928006, 0.33733769922916507, 0.1909591626463714, 0.04895603676518352]","[0.747682119205298, 0.1986092715231788, 0.05033112582781457, 0.0033774834437086095]","[0.10008092797410305, 0.19989209603452926, 0.2999730240086323, 0.40005395198273536]","[0.4453151867978243, 0.33643721529642695, 0.1783664393383517, 0.039881158567397074]","[0.8934480013109903, 0.9436631548002167, 1.0075892106435251, 1.1552996332452679]",kl_projection,0.42274710135928006,0.747682119205298,0.10008092797410305,0.33733769922916507,0.1986092715231788,0.19989209603452926,0.1909591626463714,0.05033112582781457,0.2999730240086323,0.04895603676518352,0.0033774834437086095,0.40005395198273536,0.7371137967010686,0.71257409911801,0.8999190720258968,1.0,1510,0.5948571675781119,0.7000269759913677,0.9940357852882704,1509,0.857246088704415,0.8999190720258968,1.0,1511,0.7836040639063022,0.8999190720258968,1.0,1510,0.4817793780856189,0.6678660918934466,0.2599430351803069,0.0216676015058061,0.020264900662251617,-0.004266618912107445,0.016413668899218425,A_POSITIVE
ml1m/weighted_bpr/seed_0/legacy_a0.1,ml1m,weighted_bpr,0,legacy_a0.1,legacy,0.1,0.25390103075392384,0.16188990765961792,0.32668139031758425,0.0032450331125827817,0.0043069350443820835,0.7435859176392613,0.7000269759913677,0.8999190720258968,0.8999190720258968,0.998841059602649,0.2,0.19271385695071946,0.13344053354586227,0.44700111897656714,0.4942416482207893,0.13913481222516055,0.6533627806351685,0.6533627806351685,0.8048373889696742,0.3225925262637448,"[0.40759457457538717, 0.3393795684098124, 0.19965608530084467, 0.05336977171395584]","[0.7534437086092716, 0.19513245033112583, 0.04817880794701987, 0.0032450331125827817]","[0.10008092797410305, 0.19989209603452926, 0.2999730240086323, 0.40005395198273536]","[0.4453151867978243, 0.33643721529642695, 0.1783664393383517, 0.039881158567397074]","[0.8613276440041389, 0.9492686998229944, 1.053360203756986, 1.2593170304283612]",legacy_inverse_power,0.40759457457538717,0.7534437086092716,0.10008092797410305,0.3393795684098124,0.19513245033112583,0.19989209603452926,0.19965608530084467,0.04817880794701987,0.2999730240086323,0.05336977171395584,0.0032450331125827817,0.40005395198273536,0.7435859176392613,0.7217764851533791,0.8999190720258968,1.0,1510,0.5992314613353956,0.7000269759913677,0.9953611663353215,1509,0.863267215672426,0.8999190720258968,1.0,1511,0.7898936502803895,0.8999190720258968,1.0,1510,0.4817793780856189,0.6678660918934466,0.2599430351803069,0.034778259109051746,0.014503311258278084,-0.006042004426383085,0.023243571123927626,B_ATTENUATED
ml1m/weighted_bpr/seed_0/legacy_a0.2,ml1m,weighted_bpr,0,legacy_a0.2,legacy,0.2,0.24669636421851515,0.1581207196141099,0.3145995807109156,0.006158940397350993,0.008633293880096512,0.7193044347815213,0.7000269759913677,0.8999190720258968,0.8999190720258968,0.9978476821192053,0.2,0.19075851686043957,0.12020675636864744,0.40813316957885093,0.45436731049643325,0.11668616120437203,0.6291991614218312,0.6291991614218312,0.7661113905391865,0.2963959887568024,"[0.36925685587797447, 0.3388493377095088, 0.22120311837650497, 0.0706906880360118]","[0.7133940397350993, 0.21577814569536424, 0.06466887417218543, 0.006158940397350993]","[0.10008092797410305, 0.19989209603452926, 0.2999730240086323, 0.40005395198273536]","[0.4453151867978243, 0.33643721529642695, 0.1783664393383517, 0.039881158567397074]","[0.7418853103257206, 0.9011110644636383, 1.1095677188589592, 1.5858793831269058]",legacy_inverse_power,0.36925685587797447,0.7133940397350993,0.10008092797410305,0.3388493377095088,0.21577814569536424,0.19989209603452926,0.22120311837650497,0.06466887417218543,0.2999730240086323,0.0706906880360118,0.006158940397350993,0.40005395198273536,0.7193044347815213,0.6953604510528676,0.8999190720258968,1.0,1510,0.5588154733142374,0.7000269759913677,0.9913850231941683,1509,0.8537393169450465,0.8999190720258968,1.0,1511,0.7691071840102044,0.8999190720258968,1.0,1510,0.4817793780856189,0.6678660918934466,0.2599430351803069,0.07364620850676795,0.0386669304716154,-0.013246670961791773,0.050959899551081836,A_POSITIVE
ml1m/weighted_bpr/seed_0/legacy_a0.4,ml1m,weighted_bpr,0,legacy_a0.4,legacy,0.4,0.2271025739944334,0.14741296787807875,0.2864456072009819,0.019172185430463576,0.030374567201714546,0.6645660929653402,0.7000269759913677,0.8999190720258968,0.8999190720258968,0.9903973509933774,0.2,0.18375700341489892,0.08982220226698245,0.3183726014641878,0.3646076713130051,0.07278519673691078,0.5728912144019638,0.5728912144019638,0.6824684250063334,0.23832942599899232,"[0.29241709364256124, 0.3259285318302589, 0.26198864885245365, 0.11966572567472616]","[0.6311920529801325, 0.24167218543046357, 0.1079635761589404, 0.019172185430463576]","[0.10008092797410305, 0.19989209603452926, 0.2999730240086323, 0.40005395198273536]","[0.4453151867978243, 0.33643721529642695, 0.1783664393383517, 0.039881158567397074]","[0.5503938136770907, 0.8120011504987914, 1.2311405227338743, 2.5150134178269754]",legacy_inverse_power,0.29241709364256124,0.6311920529801325,0.10008092797410305,0.3259285318302589,0.24167218543046357,0.19989209603452926,0.26198864885245365,0.1079635761589404,0.2999730240086323,0.11966572567472616,0.019172185430463576,0.40005395198273536,0.6645660929653402,0.6278270213682008,0.7999190720258968,0.9973509933774835,1510,0.47447029003034213,0.7000269759913677,0.9655400927766733,1509,0.8304513417208255,0.8999190720258968,1.0,1511,0.7252799697011383,0.8999190720258968,0.9986754966887417,1510,0.4817793780856189,0.6678660918934466,0.2599430351803069,0.1634067766214311,0.09497487749148281,-0.032840461185873526,0.12633714599467558,A_POSITIVE
ml1m/weighted_bpr/seed_0/legacy_a0.8,ml1m,weighted_bpr,0,legacy_a0.8,legacy,0.8,0.1671158611030071,0.1104183837014263,0.19613931581025335,0.10485099337748344,0.2335693737547353,0.5483779300660823,0.5001348799568384,0.8999190720258968,0.8999190720258968,0.9506622516556291,0.2,0.15532816846551448,0.025006103050991157,0.11317989635405634,0.13584112238230261,0.009052373421718031,0.3922786316205067,0.3922786316205067,0.46918695681199246,0.11172084947730604,"[0.1534113487662844, 0.25226686663261344, 0.3074477289724232, 0.28687405562867907]","[0.4489072847682119, 0.24334437086092714, 0.2028973509933775, 0.10485099337748344]","[0.10008092797410305, 0.19989209603452926, 0.2999730240086323, 0.40005395198273536]","[0.4453151867978243, 0.33643721529642695, 0.1783664393383517, 0.039881158567397074]","[0.30293335013401207, 0.6593458684113609, 1.5157069867174373, 6.325292491849724]",legacy_inverse_power,0.1534113487662844,0.4489072847682119,0.10008092797410305,0.25226686663261344,0.24334437086092714,0.19989209603452926,0.3074477289724232,0.2028973509933775,0.2999730240086323,0.28687405562867907,0.10485099337748344,0.40005395198273536,0.5483779300660823,0.48759211586456264,0.7000269759913677,0.9655629139072848,1510,0.339282942753514,0.5001132991637443,0.8621603711066932,1509,0.7603212803080441,0.8999190720258968,0.9947054930509597,1511,0.6060365480020794,0.8999190720258968,0.9801324503311258,1510,0.4817793780856189,0.6678660918934466,0.2599430351803069,0.36859948173156254,0.2755874602729399,-0.09282717407729982,0.3571058328718489,A_POSITIVE
ml1m/weighted_bpr/seed_1/baseline,ml1m,weighted_bpr,1,baseline,baseline,0.0,0.25616623554578843,0.16414920940276623,0.33881715190698813,0.002185430463576159,0.002810065142415598,0.7572729818474803,0.7999190720258968,0.8999190720258968,0.8999190720258968,0.998841059602649,0.2,0.1943459037463161,0.1340539153376486,0.48146154057259816,0.530977605729745,0.1608926009057936,0.6776343038139765,0.6776343038139765,0.8284361439451081,0.3388452813880456,"[0.44509419040205206, 0.3363403741791784, 0.17836892244392216, 0.04019651297484738]","[0.7777152317880794, 0.18183774834437086, 0.03826158940397351, 0.002185430463576159]","[0.10008092797410305, 0.19989209603452926, 0.2999730240086323, 0.40005395198273536]","[0.44509419040205206, 0.3363403741791784, 0.17836892244392216, 0.04019651297484738]","[1.0, 1.0, 1.0, 1.0]",baseline,0.44509419040205206,0.7777152317880794,0.10008092797410305,0.3363403741791784,0.18183774834437086,0.19989209603452926,0.17836892244392216,0.03826158940397351,0.2999730240086323,0.04019651297484738,0.002185430463576159,0.40005395198273536,0.7572729818474803,0.7370029316292604,0.8999190720258968,1.0,1510,0.6246701787297972,0.7999190720258968,0.9953611663353215,1509,0.8644561409835649,0.8999190720258968,1.0,1511,0.8028038773967989,0.8999190720258968,1.0,1510,0.48146154057259816,0.6776343038139765,0.25616623554578843,0.0,0.0,0.0,0.0,BASELINE
ml1m/weighted_bpr/seed_1/kl_lam0.1,ml1m,weighted_bpr,1,kl_lam0.1,kl,0.1,0.16041997538063366,0.11032192874145438,0.20639993336394183,0.17437086092715232,0.3399832138930681,0.559208670012166,0.5999325600215808,0.8999190720258968,0.8999190720258968,0.9200331125827814,0.2,0.1381031687725143,0.03643366832484518,0.0661861306200866,0.07348597327465338,0.003954979003177837,0.41279986672788366,0.41279986672788366,0.4938902085317485,0.11168009988225355,"[0.15574292426565703, 0.2104162303630619, 0.26753991716982745, 0.3663009282014536]","[0.5128807947019868, 0.15675496688741722, 0.15599337748344372, 0.17437086092715232]","[0.10008092797410305, 0.19989209603452926, 0.2999730240086323, 0.40005395198273536]","[0.44509419040205206, 0.3363403741791784, 0.17836892244392216, 0.04019651297484738]","[0.12078156573033444, 0.21594566435350576, 0.517742308305502, 3.1455304616106576]",kl_projection,0.15574292426565703,0.5128807947019868,0.10008092797410305,0.2104162303630619,0.15675496688741722,0.19989209603452926,0.26753991716982745,0.15599337748344372,0.2999730240086323,0.3663009282014536,0.17437086092715232,0.40005395198273536,0.559208670012166,0.4709388002293852,0.7999190720258968,0.9066225165562913,1510,0.33354118611771505,0.5999190720258969,0.8137839628893306,1509,0.7917382411189446,0.8999190720258968,0.9927200529450695,1511,0.6403130108243398,0.8999190720258968,0.9668874172185431,1510,0.48146154057259816,0.6776343038139765,0.25616623554578843,0.41527540995251155,0.26483443708609283,-0.09574626016515478,0.3737661208986327,A_POSITIVE
ml1m/weighted_bpr/seed_1/kl_lam0.5,ml1m,weighted_bpr,1,kl_lam0.5,kl,0.5,0.1961992440328168,0.13174912554674525,0.25975258237056437,0.11683774834437086,0.1885738716828851,0.6290524102423016,0.7000269759913677,0.8999190720258968,0.8999190720258968,0.9506622516556291,0.2,0.17486208119543634,0.04423400349088788,0.1720981497773575,0.18394859872032665,0.020395943526094983,0.5195051647411287,0.5195051647411287,0.6286070909329569,0.17586407283817673,"[0.2314491810897109, 0.24062199269627887, 0.22139582920643974, 0.3065329970075704]","[0.6195860927152318, 0.17430463576158942, 0.08927152317880795, 0.11683774834437086]","[0.10008092797410305, 0.19989209603452926, 0.2999730240086323, 0.40005395198273536]","[0.44509419040205206, 0.3363403741791784, 0.17836892244392216, 0.04019651297484738]","[0.20588986692397282, 0.28326151012953976, 0.4914524410025998, 3.019396181943888]",kl_projection,0.2314491810897109,0.6195860927152318,0.10008092797410305,0.24062199269627887,0.17430463576158942,0.19989209603452926,0.22139582920643974,0.08927152317880795,0.2999730240086323,0.3065329970075704,0.11683774834437086,0.40005395198273536,0.6290524102423016,0.581256455926411,0.8999190720258968,0.9682119205298013,1510,0.3723138375037072,0.6000269759913677,0.8449304174950298,1509,0.8355417702070438,0.8999190720258968,0.9980145598941098,1511,0.7267908038666778,0.8999190720258968,0.9913907284768212,1510,0.48146154057259816,0.6776343038139765,0.25616623554578843,0.30936339079524067,0.15812913907284776,-0.059966991512971635,0.23409404984699023,A_POSITIVE
ml1m/weighted_bpr/seed_1/kl_lam2.0,ml1m,weighted_bpr,1,kl_lam2.0,kl,2.0,0.2421329865373086,0.15520341910079832,0.31422278104606105,0.01880794701986755,0.025816421607582227,0.7217829433129018,0.7000269759913677,0.8999190720258968,0.8999190720258968,0.9933774834437086,0.2,0.18929390481638675,0.10892094726363238,0.3714711922887127,0.40836676073983824,0.08938881913587846,0.6284455620921221,0.6284455620921221,0.7740714612530446,0.286465507595144,"[0.3559104242158896, 0.31553379208145554, 0.21156742045395374, 0.11698836324870128]","[0.7285264900662252, 0.19533112582781456, 0.05733443708609272, 0.01880794701986755]","[0.10008092797410305, 0.19989209603452926, 0.2999730240086323, 0.40005395198273536]","[0.44509419040205206, 0.3363403741791784, 0.17836892244392216, 0.04019651297484738]","[0.5482263804605653, 0.643188130285293, 0.8132063281774135, 1.9953791610767282]",kl_projection,0.3559104242158896,0.7285264900662252,0.10008092797410305,0.31553379208145554,0.19533112582781456,0.19989209603452926,0.21156742045395374,0.05733443708609272,0.2999730240086323,0.11698836324870128,0.01880794701986755,0.40005395198273536,0.7217829433129018,0.7059509036957109,0.8999190720258968,1.0,1510,0.5370740577665202,0.7000269759913677,0.9734923790589795,1509,0.8589652680986852,0.8999190720258968,1.0,1511,0.784928370703716,0.8999190720258968,1.0,1510,0.48146154057259816,0.6776343038139765,0.25616623554578843,0.10999034828388543,0.04918874172185439,-0.014033249008479826,0.0547818059572939,B_ATTENUATED
ml1m/weighted_bpr/seed_1/kl_lam8.0,ml1m,weighted_bpr,1,kl_lam8.0,kl,8.0,0.2545113568972527,0.16245261593752863,0.3369876817083127,0.0027152317880794704,0.0035077962911425607,0.7571075171904952,0.7999190720258968,0.8999190720258968,0.8999190720258968,0.998841059602649,0.2,0.19393262210547585,0.13244609737711588,0.4597752383212047,0.5076825321020637,0.14649439512293103,0.6739753634166255,0.6739753634166255,0.824689968694676,0.33551019337524574,"[0.42252378740977, 0.3372244749200671, 0.19094759625521154, 0.049304141414951375]","[0.7740562913907285, 0.18349337748344371, 0.039735099337748346, 0.0027152317880794704]","[0.10008092797410305, 0.19989209603452926, 0.2999730240086323, 0.40005395198273536]","[0.44509419040205206, 0.3363403741791784, 0.17836892244392216, 0.04019651297484738]","[0.8936567012209979, 0.9438686512439356, 1.0077817395470643, 1.1546929079880026]",kl_projection,0.42252378740977,0.7740562913907285,0.10008092797410305,0.3372244749200671,0.18349337748344371,0.19989209603452926,0.19094759625521154,0.039735099337748346,0.2999730240086323,0.049304141414951375,0.0027152317880794704,0.40005395198273536,0.7571075171904952,0.7396510628719247,0.8999190720258968,1.0,1510,0.6186417150366392,0.7999190720258968,0.9953611663353215,1509,0.8677645294099897,0.8999190720258968,1.0,1511,0.802207779447153,0.8999190720258968,1.0,1510,0.48146154057259816,0.6776343038139765,0.25616623554578843,0.021686302251393452,0.0036589403973510404,-0.0016548786485357514,0.006460174757262067,B_ATTENUATED
ml1m/weighted_bpr/seed_1/legacy_a0.1,ml1m,weighted_bpr,1,legacy_a0.1,legacy,0.1,0.25274517257344115,0.16171104569339384,0.3294131783970544,0.003228476821192053,0.00425411230855934,0.7492626309273487,0.7999190720258968,0.8999190720258968,0.8999190720258968,0.9985099337748344,0.2,0.1929059483952879,0.12965269780765892,0.4466473815339384,0.49380635790623156,0.13879898916797923,0.6588263567941088,0.6588263567941088,0.8105014134762935,0.32672722501754425,"[0.4073668184814993, 0.33925358706107145, 0.19963618966744356, 0.053743404789985766]","[0.7589072847682119, 0.19352649006622516, 0.04433774834437086, 0.003228476821192053]","[0.10008092797410305, 0.19989209603452926, 0.2999730240086323, 0.40005395198273536]","[0.44509419040205206, 0.3363403741791784, 0.17836892244392216, 0.04019651297484738]","[0.8613704007490167, 0.9492960281901206, 1.0533587373463045, 1.2583255509645215]",legacy_inverse_power,0.4073668184814993,0.7589072847682119,0.10008092797410305,0.33925358706107145,0.19352649006622516,0.19989209603452926,0.19963618966744356,0.04433774834437086,0.2999730240086323,0.053743404789985766,0.003228476821192053,0.40005395198273536,0.7492626309273487,0.7309123065901811,0.8999190720258968,1.0,1510,0.6056567885198475,0.7999190720258968,0.9940357852882704,1509,0.8647213305108816,0.8999190720258968,1.0,1511,0.7955885321666364,0.8999190720258968,1.0,1510,0.48146154057259816,0.6776343038139765,0.25616623554578843,0.03481415903865975,0.018807947019867655,-0.0034210629723472885,0.013354855159027353,A_POSITIVE
ml1m/weighted_bpr/seed_1/legacy_a0.2,ml1m,weighted_bpr,1,legacy_a0.2,legacy,0.2,0.24698213205386957,0.15888862320387018,0.31697540852548517,0.005860927152317881,0.008150484654514026,0.7253461948667012,0.7000269759913677,0.8999190720258968,0.8999190720258968,0.9980132450331126,0.2,0.19143367366089103,0.11886459343068356,0.40774953863844265,0.4538801090272616,0.11636177324842066,0.6339508170509703,0.6339508170509703,0.7721830784669121,0.30087762947621505,"[0.36902734457332587, 0.3386952180737491, 0.2211558985007155, 0.07112153885220952]","[0.71908940397351, 0.2148344370860927, 0.06021523178807947, 0.005860927152317881]","[0.10008092797410305, 0.19989209603452926, 0.2999730240086323, 0.40005395198273536]","[0.44509419040205206, 0.3363403741791784, 0.17836892244392216, 0.04019651297484738]","[0.7419589672865217, 0.9011629491375381, 1.1095646295438009, 1.5833831922101667]",legacy_inverse_power,0.36902734457332587,0.71908940397351,0.10008092797410305,0.3386952180737491,0.2148344370860927,0.19989209603452926,0.2211558985007155,0.06021523178807947,0.2999730240086323,0.07112153885220952,0.005860927152317881,0.40005395198273536,0.7253461948667012,0.7036375069896401,0.8999190720258968,1.0,1510,0.5649107066082956,0.7000269759913677,0.9920477137176938,1509,0.854930045416429,0.8999190720258968,1.0,1511,0.7777144546651493,0.8999190720258968,1.0,1510,0.48146154057259816,0.6776343038139765,0.25616623554578843,0.0737120019341555,0.04368348676300615,-0.009184103491918866,0.03585212341646506,A_POSITIVE
ml1m/weighted_bpr/seed_1/legacy_a0.4,ml1m,weighted_bpr,1,legacy_a0.4,legacy,0.4,0.22867828973096518,0.1453632087532922,0.2986724283930348,0.015298013245033113,0.02263929043952155,0.6981013234314176,0.7000269759913677,0.8999190720258968,0.8999190720258968,0.9947019867549669,0.2,0.17619991135198573,0.10701876450634065,0.31796619407557913,0.36404360316651296,0.07252642201516642,0.5973448567860696,0.5973448567860696,0.724618557681465,0.26204611896047786,"[0.292205632649423, 0.3257335854347885, 0.2618793643050215, 0.12018141761076699]","[0.6757284768211921, 0.22158940397350993, 0.0873841059602649, 0.015298013245033113]","[0.10008092797410305, 0.19989209603452926, 0.2999730240086323, 0.40005395198273536]","[0.44509419040205206, 0.3363403741791784, 0.17836892244392216, 0.04019651297484738]","[0.5505031091368817, 0.8120946608982652, 1.231133667134672, 2.5071023333736573]",legacy_inverse_power,0.292205632649423,0.6757284768211921,0.10008092797410305,0.3257335854347885,0.22158940397350993,0.19989209603452926,0.2618793643050215,0.0873841059602649,0.2999730240086323,0.12018141761076699,0.015298013245033113,0.40005395198273536,0.6981013234314176,0.6664951934500148,0.8999190720258968,0.9993377483443708,1510,0.5101176771758622,0.7000269759913677,0.9807819748177601,1509,0.8500353223023962,0.8999190720258968,0.99867637326274,1511,0.7655319897741342,0.8999190720258968,1.0,1510,0.48146154057259816,0.6776343038139765,0.25616623554578843,0.16349534649701902,0.08028944702790686,-0.02748794581482325,0.10730510895105815,B_ATTENUATED
ml1m/weighted_bpr/seed_1/legacy_a0.8,ml1m,weighted_bpr,1,legacy_a0.8,legacy,0.8,0.16508089132168494,0.09954711137552265,0.2717724499202332,0.07129139072847682,0.110765273311725,0.6633113699337391,0.7000269759913677,0.8999190720258968,0.8999190720258968,0.9543046357615894,0.2,0.14666900267235625,0.03179006761998929,0.1128492315670116,0.1354803489052939,0.009007592570296145,0.5435448998404664,0.5435448998404664,0.6599875468804156,0.19364932219029896,"[0.15333120524646301, 0.2521455947386272, 0.30731847959918607, 0.2872047204157238]","[0.6436258278145696, 0.15955298013245034, 0.1255298013245033, 0.07129139072847682]","[0.10008092797410305, 0.19989209603452926, 0.2999730240086323, 0.40005395198273536]","[0.44509419040205206, 0.3363403741791784, 0.17836892244392216, 0.04019651297484738]","[0.3030536731693735, 0.6594977382594683, 1.5156901063524655, 6.285562110007637]",legacy_inverse_power,0.15333120524646301,0.6436258278145696,0.10008092797410305,0.2521455947386272,0.15955298013245034,0.19989209603452926,0.30731847959918607,0.1255298013245033,0.2999730240086323,0.2872047204157238,0.07129139072847682,0.40005395198273536,0.6633113699337391,0.6284764996239439,0.8999190720258968,0.9596026490066225,1510,0.4136866419502944,0.7000269759913677,0.873426110006627,1509,0.8514241127514314,0.8999190720258968,0.9973527465254798,1511,0.7593683330445176,0.8999190720258968,0.9867549668874173,1510,0.48146154057259816,0.6776343038139765,0.25616623554578843,0.36861230900558656,0.1340894039735101,-0.0910853442241035,0.3555712329926574,B_ATTENUATED
ml1m/weighted_bpr/seed_2/baseline,ml1m,weighted_bpr,2,baseline,baseline,0.0,0.25623075510028603,0.1625871733644189,0.33908205256923984,0.0020033112582781456,0.002574139471553515,0.7568595345837568,0.7999190720258968,0.8999190720258968,0.8999190720258968,0.9996688741721854,0.2,0.19414986494948827,0.14216311476410548,0.48169743560179323,0.5312470823677544,0.16111459180636958,0.6781641051384797,0.6781641051384797,0.8289063731770746,0.33927855151627484,"[0.4452642831336296, 0.336406176476796, 0.17832919275479456, 0.040000347634779866]","[0.7782450331125828, 0.18129139072847683, 0.038460264900662254, 0.0020033112582781456]","[0.10008092797410305, 0.19989209603452926, 0.2999730240086323, 0.40005395198273536]","[0.4452642831336296, 0.336406176476796, 0.17832919275479456, 0.040000347634779866]","[1.0, 1.0, 1.0, 1.0]",baseline,0.4452642831336296,0.7782450331125828,0.10008092797410305,0.336406176476796,0.18129139072847683,0.19989209603452926,0.17832919275479456,0.038460264900662254,0.2999730240086323,0.040000347634779866,0.0020033112582781456,0.40005395198273536,0.7568595345837568,0.7375998334991791,0.8999190720258968,1.0,1510,0.6213580668672078,0.7999190720258968,0.998674618952949,1509,0.8646563810359672,0.8999190720258968,1.0,1511,0.803662732221303,0.8999190720258968,1.0,1510,0.48169743560179323,0.6781641051384797,0.25623075510028603,0.0,0.0,0.0,0.0,BASELINE
ml1m/weighted_bpr/seed_2/kl_lam0.1,ml1m,weighted_bpr,2,kl_lam0.1,kl,0.1,0.1625216338805849,0.10959882718750268,0.20500092674142528,0.1770860927152318,0.3471712811184729,0.556642851272963,0.5999190720258969,0.8999190720258968,0.8999190720258968,0.922682119205298,0.2,0.1465690844859361,0.029072474300115475,0.06623176776263379,0.07353439097120631,0.0039596926967133544,0.41000185348285056,0.41000185348285056,0.49081524476408855,0.11059942409985521,"[0.15577755919896452, 0.2104272325723016, 0.267520198705716, 0.3662750095230179]","[0.5100827814569536, 0.15925496688741722, 0.15357615894039736, 0.1770860927152318]","[0.10008092797410305, 0.19989209603452926, 0.2999730240086323, 0.40005395198273536]","[0.4452642831336296, 0.336406176476796, 0.17832919275479456, 0.040000347634779866]","[0.12030424080736675, 0.2150957771745106, 0.5158554655111651, 3.1487445165069574]",kl_projection,0.15577755919896452,0.5100827814569536,0.10008092797410305,0.2104272325723016,0.15925496688741722,0.19989209603452926,0.267520198705716,0.15357615894039736,0.2999730240086323,0.3662750095230179,0.1770860927152318,0.40005395198273536,0.556642851272963,0.4723965577920419,0.7999190720258968,0.9152317880794701,1510,0.33526371668380156,0.5999190720258969,0.8131212723658051,1509,0.7925330420188109,0.8999190720258968,0.9900727994705493,1511,0.6260752612294264,0.8999190720258968,0.9721854304635762,1510,0.48169743560179323,0.6781641051384797,0.25623075510028603,0.41546566783915945,0.2681622516556291,-0.09370912121970112,0.3657215980299647,A_POSITIVE
ml1m/weighted_bpr/seed_2/kl_lam0.5,ml1m,weighted_bpr,2,kl_lam0.5,kl,0.5,0.1976127156348971,0.13035693186493855,0.2657790724367895,0.11991721854304636,0.18985085580950783,0.6318970463969186,0.7000269759913677,0.8999190720258968,0.8999190720258968,0.9511589403973509,0.2,0.17365886498179123,0.04455164567575312,0.17209268849837514,0.1839486774024104,0.020398269214235685,0.531558144873579,0.531558144873579,0.6391275216838656,0.18003455671874952,"[0.23146774480672003, 0.2405979677002874, 0.22133294654237382, 0.3066013409506187]","[0.6316390728476822, 0.1631953642384106, 0.08524834437086093, 0.11991721854304636]","[0.10008092797410305, 0.19989209603452926, 0.2999730240086323, 0.40005395198273536]","[0.4452642831336296, 0.336406176476796, 0.17832919275479456, 0.040000347634779866]","[0.20504302706783523, 0.2820982406995325, 0.4895488177281929, 3.023309914504439]",kl_projection,0.23146774480672003,0.6316390728476822,0.10008092797410305,0.2405979677002874,0.1631953642384106,0.19989209603452926,0.22133294654237382,0.08524834437086093,0.2999730240086323,0.3066013409506187,0.11991721854304636,0.40005395198273536,0.6318970463969186,0.5906580712702119,0.8999190720258968,0.971523178807947,1510,0.3777409636238856,0.6000269759913677,0.8455931080185554,1509,0.8390479885211889,0.8999190720258968,0.9966909331568498,1511,0.7198356608313965,0.8999190720258968,0.990728476821192,1510,0.48169743560179323,0.6781641051384797,0.25623075510028603,0.3096047471034181,0.1466059602649007,-0.05861803946538893,0.2287705058764177,B_ATTENUATED
ml1m/weighted_bpr/seed_2/kl_lam2.0,ml1m,weighted_bpr,2,kl_lam2.0,kl,2.0,0.24032285216234364,0.15036641070501375,0.3189164896553326,0.01902317880794702,0.025779672425363314,0.7234699342750515,0.7000269759913677,0.8999190720258968,0.8999190720258968,0.9887417218543046,0.2,0.18347382357699935,0.12098552432130985,0.3716097905816235,0.4085183879170596,0.08945849460990385,0.6378329793106651,0.6378329793106651,0.7816979201070026,0.28893105687385656,"[0.35601109179845536, 0.31557172279180046, 0.21152913281194627, 0.11688805259779786]","[0.7379139072847682, 0.18564569536423842, 0.05741721854304636, 0.01902317880794702]","[0.10008092797410305, 0.19989209603452926, 0.2999730240086323, 0.40005395198273536]","[0.4452642831336296, 0.336406176476796, 0.17832919275479456, 0.040000347634779866]","[0.5470781787926374, 0.641856351289983, 0.8116176229381972, 1.9994478469791828]",kl_projection,0.35601109179845536,0.7379139072847682,0.10008092797410305,0.31557172279180046,0.18564569536423842,0.19989209603452926,0.21152913281194627,0.05741721854304636,0.2999730240086323,0.11688805259779786,0.01902317880794702,0.40005395198273536,0.7234699342750515,0.7080026154206202,0.8999190720258968,0.9986754966887417,1510,0.5358118352201332,0.7000269759913677,0.9569251159708416,1509,0.8628032857507315,0.8999190720258968,1.0,1511,0.7870454500792308,0.8999190720258968,0.9993377483443708,1510,0.48169743560179323,0.6781641051384797,0.25623075510028603,0.11008764502016971,0.04033112582781462,-0.015907902937942392,0.062084283878085615,B_ATTENUATED
ml1m/weighted_bpr/seed_2/kl_lam8.0,ml1m,weighted_bpr,2,kl_lam8.0,kl,8.0,0.2531567640681896,0.1580264859918332,0.3411350327016902,0.0023675496688741722,0.003026198840305947,0.7594410163696033,0.7999190720258968,0.8999190720258968,0.8999190720258968,0.9995033112582782,0.2,0.18936469892310903,0.14402909962527738,0.4600216625567528,0.5079669008911211,0.14671188194065224,0.6822700654033804,0.6822700654033804,0.8318527714319454,0.33888583519475474,"[0.422693347945462, 0.3373013386199232, 0.190917419823843, 0.04908789361077185]","[0.7823509933774835, 0.1755794701986755, 0.03970198675496689, 0.0023675496688741722]","[0.10008092797410305, 0.19989209603452926, 0.2999730240086323, 0.40005395198273536]","[0.4452642831336296, 0.336406176476796, 0.17832919275479456, 0.040000347634779866]","[0.8935205272575216, 0.9437372218819847, 1.0076740934320665, 1.1550681574284274]",kl_projection,0.422693347945462,0.7823509933774835,0.10008092797410305,0.3373013386199232,0.1755794701986755,0.19989209603452926,0.190917419823843,0.03970198675496689,0.2999730240086323,0.04908789361077185,0.0023675496688741722,0.40005395198273536,0.7594410163696033,0.7396510450070297,0.8999190720258968,1.0,1510,0.6202314929772145,0.7999190720258968,0.9980119284294234,1509,0.8702131853147058,0.8999190720258968,1.0,1511,0.807502791389835,0.8999190720258968,1.0,1510,0.48169743560179323,0.6781641051384797,0.25623075510028603,0.021675773045040425,-0.004105960264900732,-0.0030739910320964348,0.01199696356080794,D_FAILED_REVERSED
ml1m/weighted_bpr/seed_2/legacy_a0.1,ml1m,weighted_bpr,2,legacy_a0.1,legacy,0.1,0.25142082608496674,0.15726815862244414,0.33329562872818025,0.002980132450331126,0.0038871013021738667,0.750735457528892,0.7999190720258968,0.8999190720258968,0.8999190720258968,0.9991721854304636,0.2,0.188860702662037,0.14083246913231337,0.44690419833997747,0.49410481341998846,0.1390194557725104,0.6665912574563605,0.6665912574563605,0.816819755679193,0.3290684717849559,"[0.4075380135323312, 0.3393392088162786, 0.1996113970018601, 0.05351138064953015]","[0.7666721854304636, 0.18526490066225165, 0.045082781456953644, 0.002980132450331126]","[0.10008092797410305, 0.19989209603452926, 0.2999730240086323, 0.40005395198273536]","[0.4452642831336296, 0.336406176476796, 0.17832919275479456, 0.040000347634779866]","[0.8613374903985798, 0.9492774579726865, 1.0533822026123054, 1.2589412875748898]",legacy_inverse_power,0.4075380135323312,0.7666721854304636,0.10008092797410305,0.3393392088162786,0.18526490066225165,0.19989209603452926,0.1996113970018601,0.045082781456953644,0.2999730240086323,0.05351138064953015,0.002980132450331126,0.40005395198273536,0.750735457528892,0.7301847408786313,0.8999190720258968,1.0,1510,0.6057882897739899,0.7999190720258968,0.9966865473823724,1509,0.867104037168667,0.8999190720258968,1.0,1511,0.7996917055079258,0.8999190720258968,1.0,1510,0.48169743560179323,0.6781641051384797,0.25623075510028603,0.03479323726181577,0.011572847682119192,-0.004809929015319292,0.018771864499391326,B_ATTENUATED
ml1m/weighted_bpr/seed_2/legacy_a0.2,ml1m,weighted_bpr,2,legacy_a0.2,legacy,0.2,0.24480164196273926,0.15327015838004102,0.31646216349237255,0.006208609271523178,0.008539223499931326,0.726520503539929,0.7000269759913677,0.8999190720258968,0.8999190720258968,0.997682119205298,0.2,0.18519821807429027,0.13098531553527415,0.40802254480354516,0.454206560313863,0.1165726031620303,0.6329243269847451,0.6329243269847451,0.7780892381834118,0.3020317000338693,"[0.3691960511691128, 0.33879951764306465, 0.22114996907953893, 0.07085446210828363]","[0.7270695364238411, 0.20582781456953642, 0.06089403973509934, 0.006208609271523178]","[0.10008092797410305, 0.19989209603452926, 0.2999730240086323, 0.40005395198273536]","[0.4452642831336296, 0.336406176476796, 0.17832919275479456, 0.040000347634779866]","[0.7419022723661235, 0.9011276922150855, 1.109614064780352, 1.5849331655607215]",legacy_inverse_power,0.3691960511691128,0.7270695364238411,0.10008092797410305,0.33879951764306465,0.20582781456953642,0.19989209603452926,0.22114996907953893,0.06089403973509934,0.2999730240086323,0.07085446210828363,0.006208609271523178,0.40005395198273536,0.726520503539929,0.7036366673395776,0.8999190720258968,1.0,1510,0.5641800308659686,0.7000269759913677,0.9907223326706428,1509,0.858172770245071,0.8999190720258968,1.0,1511,0.7798978485307017,0.8999190720258968,1.0,1510,0.48169743560179323,0.6781641051384797,0.25623075510028603,0.07367489079824807,0.04523977815373459,-0.01142911313754677,0.04460476703147339,A_POSITIVE
ml1m/weighted_bpr/seed_2/legacy_a0.4,ml1m,weighted_bpr,2,legacy_a0.4,legacy,0.4,0.2282855292822683,0.14541864749206423,0.2886807065387302,0.01935430463576159,0.03042765298415269,0.6699461462741869,0.7000269759913677,0.8999190720258968,0.8999190720258968,0.9910596026490066,0.2,0.18214191096744362,0.10212298658967864,0.3182457720082206,0.36440821824765196,0.07269192172376931,0.5773614130774604,0.5773614130774604,0.6874664502587804,0.24094536085846407,"[0.29235507655727505, 0.32586371945957787, 0.2619182298044432, 0.11986297417870395]","[0.6360761589403974, 0.24125827814569537, 0.10331125827814569, 0.01935430463576159]","[0.10008092797410305, 0.19989209603452926, 0.2999730240086323, 0.40005395198273536]","[0.4452642831336296, 0.336406176476796, 0.17832919275479456, 0.040000347634779866]","[0.5504189817420176, 0.8120311176768858, 1.2312433727583756, 2.5120131392943295]",legacy_inverse_power,0.29235507655727505,0.6360761589403974,0.10008092797410305,0.32586371945957787,0.24125827814569537,0.19989209603452926,0.2619182298044432,0.10331125827814569,0.2999730240086323,0.11986297417870395,0.01935430463576159,0.40005395198273536,0.6699461462741869,0.637893818210402,0.7999190720258968,0.9986754966887417,1510,0.4791067460894198,0.7000269759913677,0.9681908548707754,1509,0.8336930846305227,0.8999190720258968,0.99933818663137,1511,0.7288561107766406,0.8999190720258968,0.9980132450331126,1510,0.48169743560179323,0.6781641051384797,0.25623075510028603,0.16345166359357266,0.10080269206101933,-0.027945225818017727,0.10906273061202297,A_POSITIVE
ml1m/weighted_bpr/seed_2/legacy_a0.8,ml1m,weighted_bpr,2,legacy_a0.8,legacy,0.8,0.16406135321306867,0.10451664967738877,0.20948368667118053,0.1076158940397351,0.21888469827541687,0.5728232474091436,0.6000269759913677,0.8999190720258968,0.8999190720258968,0.9490066225165563,0.2,0.15364236078791962,0.01808074104911711,0.11305175586805549,0.13570429108039328,0.009035621050122896,0.41896737334236106,0.41896737334236106,0.5055796578882085,0.12442580089904991,"[0.15338479335483698, 0.25222431190853695, 0.30738869862194623, 0.2870021961146799]","[0.49165562913907285, 0.22728476821192053, 0.17344370860927152, 0.1076158940397351]","[0.10008092797410305, 0.19989209603452926, 0.2999730240086323, 0.40005395198273536]","[0.4452642831336296, 0.336406176476796, 0.17832919275479456, 0.040000347634779866]","[0.3029610554619196, 0.6593945360755724, 1.51596024296142, 6.310210011987352]",legacy_inverse_power,0.15338479335483698,0.49165562913907285,0.10008092797410305,0.25222431190853695,0.22728476821192053,0.19989209603452926,0.30738869862194623,0.17344370860927152,0.2999730240086323,0.2870021961146799,0.1076158940397351,0.40005395198273536,0.5728232474091436,0.5053331713582858,0.7999190720258968,0.9642384105960264,1510,0.35571044553647446,0.5999460480172647,0.8508946322067594,1509,0.7867850313419599,0.8999190720258968,0.9973527465254798,1511,0.6431788615417047,0.8999190720258968,0.9834437086092715,1510,0.48169743560179323,0.6781641051384797,0.25623075510028603,0.36864567973373774,0.25919673179611863,-0.09216940188721737,0.35971248592364813,A_POSITIVE
ml1m/weighted_itemknn/seed_0/baseline,ml1m,weighted_itemknn,0,baseline,baseline,0.0,0.25820065842528483,0.1668385080189374,0.3719214565427498,0.0008940397350993377,0.001059384379964609,0.8126535353733851,0.8999190720258968,0.8999190720258968,0.8999190720258968,0.9995033112582782,0.2,0.20328263404038432,0.1333397294883809,0.4817793780856189,0.531360391459119,0.1612268105053976,0.7438429130854995,0.7438429130854995,0.8916738047290007,0.3797328332410581,"[0.4453151867978243, 0.33643721529642695, 0.1783664393383517, 0.039881158567397074]","[0.8439238410596026, 0.13490066225165562, 0.020281456953642384, 0.0008940397350993377]","[0.10008092797410305, 0.19989209603452926, 0.2999730240086323, 0.40005395198273536]","[0.4453151867978243, 0.33643721529642695, 0.1783664393383517, 0.039881158567397074]","[1.0, 1.0, 1.0, 1.0]",baseline,0.4453151867978243,0.8439238410596026,0.10008092797410305,0.33643721529642695,0.13490066225165562,0.19989209603452926,0.1783664393383517,0.020281456953642384,0.2999730240086323,0.039881158567397074,0.0008940397350993377,0.40005395198273536,0.8126535353733851,0.7995640429686452,0.8999190720258968,1.0,1510,0.7355069832779244,0.8999190720258968,0.9980119284294234,1509,0.8796084000130684,0.8999190720258968,1.0,1511,0.8358392838320912,0.8999190720258968,1.0,1510,0.4817793780856189,0.7438429130854995,0.25820065842528483,0.0,0.0,0.0,0.0,BASELINE
ml1m/weighted_itemknn/seed_0/kl_lam0.1,ml1m,weighted_itemknn,0,kl_lam0.1,kl,0.1,0.1709782228437257,0.12225146082979318,0.17563006581427296,0.17501655629139073,0.3877700744644943,0.5944292568025052,0.6000269759913677,0.8999190720258968,0.8999190720258968,0.9705298013245033,0.2,0.1306242045183927,0.05764066741788362,0.06625185704785205,0.07355439894400409,0.003961545196588832,0.3512601316285459,0.3512601316285459,0.4317613144361693,0.08954654378118089,"[0.15579055178398094, 0.21043432927250344, 0.26751584662946776, 0.36625927231404787]","[0.45134105960264903, 0.18382450331125827, 0.189817880794702, 0.17501655629139073]","[0.10008092797410305, 0.19989209603452926, 0.2999730240086323, 0.40005395198273536]","[0.4453151867978243, 0.33643721529642695, 0.1783664393383517, 0.039881158567397074]","[0.12002619454014102, 0.21459272175641403, 0.514563288275911, 3.1508177954275336]",kl_projection,0.15579055178398094,0.45134105960264903,0.10008092797410305,0.21043432927250344,0.18382450331125827,0.19989209603452926,0.26751584662946776,0.189817880794702,0.2999730240086323,0.36625927231404787,0.17501655629139073,0.40005395198273536,0.5944292568025052,0.5288943595167188,0.7999190720258968,0.9602649006622517,1510,0.4039987035792617,0.5999460480172647,0.950960901259112,1509,0.7868394832107035,0.8999190720258968,0.9874255459960292,1511,0.657730943963184,0.8999190720258968,0.9834437086092715,1510,0.4817793780856189,0.7438429130854995,0.25820065842528483,0.4155275210377668,0.39258278145695363,-0.08722243558155912,0.3378087264126732,A_POSITIVE
ml1m/weighted_itemknn/seed_0/kl_lam0.5,ml1m,weighted_itemknn,0,kl_lam0.5,kl,0.5,0.2231326347525791,0.14825911954911017,0.27300589362884253,0.0890728476821192,0.137863878638573,0.6918117459897777,0.7000269759913677,0.8999190720258968,0.8999190720258968,0.9809602649006622,0.2,0.20115230657196956,0.04755960711656704,0.17207200500233175,0.18392983314588415,0.020395378139651924,0.5460117872576851,0.5460117872576851,0.6603994636170722,0.19207028037759152,"[0.23146236422988434, 0.2405826647810797, 0.2213191584190211, 0.3066358125700148]","[0.6460927152317881, 0.1650496688741722, 0.09978476821192053, 0.0890728476821192]","[0.10008092797410305, 0.19989209603452926, 0.2999730240086323, 0.40005395198273536]","[0.4453151867978243, 0.33643721529642695, 0.1783664393383517, 0.039881158567397074]","[0.20454582374066654, 0.2814090367922192, 0.4882964936317549, 3.0257486458353595]",kl_projection,0.23146236422988434,0.6460927152317881,0.10008092797410305,0.2405826647810797,0.1650496688741722,0.19989209603452926,0.2213191584190211,0.09978476821192053,0.2999730240086323,0.3066358125700148,0.0890728476821192,0.40005395198273536,0.6918117459897777,0.6677390367605943,0.8999190720258968,0.9814569536423841,1510,0.488480161205235,0.7001079039654707,0.953611663353214,1509,0.8510239540019177,0.8999190720258968,0.99867637326274,1511,0.7597637367643459,0.8999190720258968,0.9900662251655629,1510,0.4817793780856189,0.7438429130854995,0.25820065842528483,0.3097073730832871,0.19783112582781448,-0.03506802367270573,0.13581694131447505,A_POSITIVE
ml1m/weighted_itemknn/seed_0/kl_lam2.0,ml1m,weighted_itemknn,0,kl_lam2.0,kl,2.0,0.2562371732995691,0.16503852545055728,0.34633370819837894,0.007152317880794702,0.00902217952465342,0.7846657880115836,0.7999190720258968,0.8999190720258968,0.8999190720258968,0.9978476821192053,0.2,0.20317552825167598,0.12954283300264371,0.37164938389661073,0.408578739404651,0.08948959929614905,0.6926674163967579,0.6926674163967579,0.8394622266196016,0.33537606925272523,"[0.35603568345418035, 0.3155867244510628, 0.21155693055353658, 0.1168206615412204]","[0.792748344370861, 0.16316225165562914, 0.03693708609271523, 0.007152317880794702]","[0.10008092797410305, 0.19989209603452926, 0.2999730240086323, 0.40005395198273536]","[0.4453151867978243, 0.33643721529642695, 0.1783664393383517, 0.039881158567397074]","[0.5464109794333811, 0.6410738954852203, 0.8106017018092684, 2.0019134232721303]",kl_projection,0.35603568345418035,0.792748344370861,0.10008092797410305,0.3155867244510628,0.16316225165562914,0.19989209603452926,0.21155693055353658,0.03693708609271523,0.2999730240086323,0.1168206615412204,0.007152317880794702,0.40005395198273536,0.7846657880115836,0.7700395707423041,0.8999190720258968,0.9993377483443708,1510,0.6744225770277177,0.8999190720258968,0.9920477137176938,1509,0.8739848430991717,0.8999190720258968,1.0,1511,0.8200840007360337,0.8999190720258968,1.0,1510,0.4817793780856189,0.7438429130854995,0.25820065842528483,0.11012999418900815,0.05117549668874166,-0.001963485125715758,0.007604493101182114,B_ATTENUATED
ml1m/weighted_itemknn/seed_0/kl_lam8.0,ml1m,weighted_itemknn,0,kl_lam8.0,kl,8.0,0.257911078664609,0.16632669733267505,0.36509198634407425,0.0011423841059602648,0.001375927255322583,0.8057689274095724,0.8999190720258968,0.8999190720258968,0.8999190720258968,0.9996688741721854,0.2,0.2033919530667826,0.13448496499548923,0.4601117765798128,0.5080930242817666,0.1468240277613599,0.7301839726881485,0.7301839726881485,0.8784177150214109,0.3706728849921104,"[0.42274710135928006, 0.33733769922916507, 0.1909591626463714, 0.04895603676518352]","[0.8302649006622517, 0.14481788079470198, 0.02377483443708609, 0.0011423841059602648]","[0.10008092797410305, 0.19989209603452926, 0.2999730240086323, 0.40005395198273536]","[0.4453151867978243, 0.33643721529642695, 0.1783664393383517, 0.039881158567397074]","[0.8934480013109903, 0.9436631548002167, 1.0075892106435251, 1.1552996332452679]",kl_projection,0.42274710135928006,0.8302649006622517,0.10008092797410305,0.33733769922916507,0.14481788079470198,0.19989209603452926,0.1909591626463714,0.02377483443708609,0.2999730240086323,0.04895603676518352,0.0011423841059602648,0.40005395198273536,0.8057689274095724,0.7924809515557644,0.8999190720258968,1.0,1510,0.722457485998495,0.8999190720258968,0.998674618952949,1509,0.8774249871948843,0.8999190720258968,1.0,1511,0.8306096574049096,0.8999190720258968,1.0,1510,0.4817793780856189,0.7438429130854995,0.25820065842528483,0.0216676015058061,0.01365894039735105,-0.0002895797606758399,0.0011215299079480666,A_POSITIVE
ml1m/weighted_itemknn/seed_0/legacy_a0.1,ml1m,weighted_itemknn,0,legacy_a0.1,legacy,0.1,0.2579629395579769,0.1658679294917897,0.3598022512447365,0.0014238410596026491,0.0017370579086609524,0.8006218769930522,0.8999190720258968,0.8999190720258968,0.8999190720258968,0.9996688741721854,0.2,0.20322244920389956,0.13541424638319052,0.44700111897656714,0.4942416482207893,0.13913481222516055,0.719604502489473,0.719604502489473,0.8681648420721441,0.3636234916309512,"[0.40759457457538717, 0.3393795684098124, 0.19965608530084467, 0.05336977171395584]","[0.8196854304635761, 0.15223509933774834, 0.026655629139072847, 0.0014238410596026491]","[0.10008092797410305, 0.19989209603452926, 0.2999730240086323, 0.40005395198273536]","[0.4453151867978243, 0.33643721529642695, 0.1783664393383517, 0.039881158567397074]","[0.8613276440041389, 0.9492686998229944, 1.053360203756986, 1.2593170304283612]",legacy_inverse_power,0.40759457457538717,0.8196854304635761,0.10008092797410305,0.3393795684098124,0.15223509933774834,0.19989209603452926,0.19965608530084467,0.026655629139072847,0.2999730240086323,0.05336977171395584,0.0014238410596026491,0.40005395198273536,0.8006218769930522,0.7860595579867693,0.8999190720258968,1.0,1510,0.7130509274181366,0.8999190720258968,0.998674618952949,1509,0.8764987341279497,0.8999190720258968,1.0,1511,0.8267700448587513,0.8999190720258968,1.0,1510,0.4817793780856189,0.7438429130854995,0.25820065842528483,0.034778259109051746,0.024238410596026494,-0.00023771886730794556,0.0009206749074837621,A_POSITIVE
ml1m/weighted_itemknn/seed_0/legacy_a0.2,ml1m,weighted_itemknn,0,legacy_a0.2,legacy,0.2,0.2568198957733826,0.16522856947794348,0.3443717876685776,0.002632450331125828,0.003337181236222026,0.7860085313805812,0.7999190720258968,0.8999190720258968,0.8999190720258968,0.9993377483443708,0.2,0.20320100998909804,0.133844118555115,0.40813316957885093,0.45436731049643325,0.11668616120437203,0.6887435753371552,0.6887435753371552,0.8385989226145856,0.3438264710894826,"[0.36925685587797447, 0.3388493377095088, 0.22120311837650497, 0.0706906880360118]","[0.7888245033112583, 0.17360927152317882, 0.03493377483443708, 0.002632450331125828]","[0.10008092797410305, 0.19989209603452926, 0.2999730240086323, 0.40005395198273536]","[0.4453151867978243, 0.33643721529642695, 0.1783664393383517, 0.039881158567397074]","[0.7418853103257206, 0.9011110644636383, 1.1095677188589592, 1.5858793831269058]",legacy_inverse_power,0.36925685587797447,0.7888245033112583,0.10008092797410305,0.3388493377095088,0.17360927152317882,0.19989209603452926,0.22120311837650497,0.03493377483443708,0.2999730240086323,0.0706906880360118,0.002632450331125828,0.40005395198273536,0.7860085313805812,0.7678559089033278,0.8999190720258968,1.0,1510,0.6851613098139873,0.8999190720258968,0.9973492379058979,1509,0.8727278975847828,0.8999190720258968,1.0,1511,0.8181647929369352,0.8999190720258968,1.0,1510,0.4817793780856189,0.7438429130854995,0.25820065842528483,0.07364620850676795,0.0550993377483443,-0.0013807626519022342,0.005347634124263024,A_POSITIVE
ml1m/weighted_itemknn/seed_0/legacy_a0.4,ml1m,weighted_itemknn,0,legacy_a0.4,legacy,0.4,0.24678495505202483,0.15982342714361444,0.31125520984998845,0.009735099337748344,0.013853221816448656,0.7429944511636297,0.7000269759913677,0.8999190720258968,0.8999190720258968,0.9966887417218543,0.2,0.20206785286020212,0.11025677924874411,0.3183726014641878,0.3646076713130051,0.07278519673691078,0.6225104196999769,0.6225104196999769,0.7548802499963697,0.28608773750088234,"[0.29241709364256124, 0.3259285318302589, 0.26198864885245365, 0.11966572567472616]","[0.7027317880794702, 0.21975165562913906, 0.06778145695364238, 0.009735099337748344]","[0.10008092797410305, 0.19989209603452926, 0.2999730240086323, 0.40005395198273536]","[0.4453151867978243, 0.33643721529642695, 0.1783664393383517, 0.039881158567397074]","[0.5503938136770907, 0.8120011504987914, 1.2311405227338743, 2.5150134178269754]",legacy_inverse_power,0.29241709364256124,0.7027317880794702,0.10008092797410305,0.3259285318302589,0.21975165562913906,0.19989209603452926,0.26198864885245365,0.06778145695364238,0.2999730240086323,0.11966572567472616,0.009735099337748344,0.40005395198273536,0.7429944511636297,0.7212523470005735,0.8999190720258968,1.0,1510,0.5980445177152176,0.7999190720258968,0.9867461895294898,1509,0.8615478220412952,0.8999190720258968,1.0,1511,0.7909586123978798,0.8999190720258968,1.0,1510,0.4817793780856189,0.7438429130854995,0.25820065842528483,0.1634067766214311,0.12133249338552266,-0.011415703373260006,0.044212526191382086,A_POSITIVE
ml1m/weighted_itemknn/seed_0/legacy_a0.8,ml1m,weighted_itemknn,0,legacy_a0.8,legacy,0.8,0.1722886130908288,0.12485125257668993,0.18732309064469047,0.11258278145695365,0.2663533098309406,0.5917840688012834,0.6000269759913677,0.8999190720258968,0.8999190720258968,0.9740066225165563,0.2,0.15114666319118983,0.03480083619953145,0.11317989635405634,0.13584112238230261,0.009052373421718031,0.37464618128938093,0.37464618128938093,0.44386863592626075,0.1015002312215468,"[0.1534113487662844, 0.25226686663261344, 0.3074477289724232, 0.28687405562867907]","[0.422682119205298, 0.25193708609271526, 0.2127980132450331, 0.11258278145695365]","[0.10008092797410305, 0.19989209603452926, 0.2999730240086323, 0.40005395198273536]","[0.4453151867978243, 0.33643721529642695, 0.1783664393383517, 0.039881158567397074]","[0.30293335013401207, 0.6593458684113609, 1.5157069867174373, 6.325292491849724]",legacy_inverse_power,0.1534113487662844,0.422682119205298,0.10008092797410305,0.25226686663261344,0.25193708609271526,0.19989209603452926,0.3074477289724232,0.2127980132450331,0.2999730240086323,0.28687405562867907,0.11258278145695365,0.40005395198273536,0.5917840688012834,0.5252765396413086,0.7000269759913677,0.9728476821192052,1510,0.4130411667214589,0.6000269759913677,0.9430086149768059,1509,0.7825464621728223,0.8999190720258968,0.9940436796823295,1511,0.6460274011758673,0.8999190720258968,0.9860927152317881,1510,0.4817793780856189,0.7438429130854995,0.25820065842528483,0.36859948173156254,0.3691967317961186,-0.08591204533445604,0.33273364157325064,A_POSITIVE
ml1m/weighted_itemknn/seed_1/baseline,ml1m,weighted_itemknn,1,baseline,baseline,0.0,0.25576319313649165,0.1628891303175126,0.37081218501957103,0.0009105960264900663,0.0010818466138188135,0.8120902998979914,0.8999190720258968,0.8999190720258968,0.8999190720258968,0.9998344370860928,0.2,0.2007759550904077,0.12743340904752104,0.48146154057259816,0.530977605729745,0.1608926009057936,0.7416243700391421,0.7416243700391421,0.8896987630068506,0.37896571163989073,"[0.44509419040205206, 0.3363403741791784, 0.17836892244392216, 0.04019651297484738]","[0.841705298013245, 0.1372682119205298, 0.0201158940397351, 0.0009105960264900663]","[0.10008092797410305, 0.19989209603452926, 0.2999730240086323, 0.40005395198273536]","[0.44509419040205206, 0.3363403741791784, 0.17836892244392216, 0.04019651297484738]","[1.0, 1.0, 1.0, 1.0]",baseline,0.44509419040205206,0.841705298013245,0.10008092797410305,0.3363403741791784,0.1372682119205298,0.19989209603452926,0.17836892244392216,0.0201158940397351,0.2999730240086323,0.04019651297484738,0.0009105960264900663,0.40005395198273536,0.8120902998979914,0.7968499009391574,0.8999190720258968,1.0,1510,0.7355071977987304,0.8999190720258968,0.9993373094764745,1509,0.8770274706999849,0.8999190720258968,1.0,1511,0.8388829081190589,0.8999190720258968,1.0,1510,0.48146154057259816,0.7416243700391421,0.25576319313649165,0.0,0.0,0.0,0.0,BASELINE
ml1m/weighted_itemknn/seed_1/kl_lam0.1,ml1m,weighted_itemknn,1,kl_lam0.1,kl,0.1,0.16838273472091517,0.12095216678350082,0.17663172144341205,0.17473509933774833,0.38543568767718644,0.5936015538885623,0.6000269759913677,0.8999190720258968,0.8999190720258968,0.9690397350993377,0.2,0.12484413363669039,0.061743679610102076,0.0661861306200866,0.07348597327465338,0.003954979003177837,0.3532634428868241,0.3532634428868241,0.43446896398312673,0.09057544470412177,"[0.15574292426565703, 0.2104162303630619, 0.26753991716982745, 0.3663009282014536]","[0.45334437086092716, 0.18599337748344372, 0.1859271523178808, 0.17473509933774833]","[0.10008092797410305, 0.19989209603452926, 0.2999730240086323, 0.40005395198273536]","[0.44509419040205206, 0.3363403741791784, 0.17836892244392216, 0.04019651297484738]","[0.12078156573033444, 0.21594566435350576, 0.517742308305502, 3.1455304616106576]",kl_projection,0.15574292426565703,0.45334437086092716,0.10008092797410305,0.2104162303630619,0.18599337748344372,0.19989209603452926,0.26753991716982745,0.1859271523178808,0.2999730240086323,0.3663009282014536,0.17473509933774833,0.40005395198273536,0.5936015538885623,0.5286297625576812,0.7999190720258968,0.9682119205298013,1510,0.4059866321359676,0.6000269759913677,0.9423459244532804,1509,0.7802213673774748,0.8999190720258968,0.9887491727332892,1511,0.6593206159101181,0.8999190720258968,0.9768211920529801,1510,0.48146154057259816,0.7416243700391421,0.25576319313649165,0.41527540995251155,0.38836092715231796,-0.08738045841557648,0.3416459473468673,A_POSITIVE
ml1m/weighted_itemknn/seed_1/kl_lam0.5,ml1m,weighted_itemknn,1,kl_lam0.5,kl,0.5,0.22045377789303375,0.14448468479096566,0.27423933733745176,0.0890728476821192,0.13733949403905,0.6936493648136601,0.7000269759913677,0.8999190720258968,0.8999190720258968,0.9817880794701986,0.2,0.19402778265957799,0.056876348816650935,0.1720981497773575,0.18394859872032665,0.020395943526094983,0.5484786746749035,0.5484786746749035,0.6634472134229598,0.1939288211691857,"[0.2314491810897109, 0.24062199269627887, 0.22139582920643974, 0.3065329970075704]","[0.6485596026490066, 0.16605960264900663, 0.09630794701986754, 0.0890728476821192]","[0.10008092797410305, 0.19989209603452926, 0.2999730240086323, 0.40005395198273536]","[0.44509419040205206, 0.3363403741791784, 0.17836892244392216, 0.04019651297484738]","[0.20588986692397282, 0.28326151012953976, 0.4914524410025998, 3.019396181943888]",kl_projection,0.2314491810897109,0.6485596026490066,0.10008092797410305,0.24062199269627887,0.16605960264900663,0.19989209603452926,0.22139582920643974,0.09630794701986754,0.2999730240086323,0.3065329970075704,0.0890728476821192,0.40005395198273536,0.6936493648136601,0.6727057097990735,0.8999190720258968,0.990728476821192,1510,0.4946426467720071,0.7999190720258968,0.9476474486414844,1509,0.8450024521194005,0.8999190720258968,0.9980145598941098,1511,0.7620146242030023,0.8999190720258968,0.990728476821192,1510,0.48146154057259816,0.7416243700391421,0.25576319313649165,0.30936339079524067,0.19314569536423853,-0.0353094152434579,0.13805510797096804,A_POSITIVE
ml1m/weighted_itemknn/seed_1/kl_lam2.0,ml1m,weighted_itemknn,1,kl_lam2.0,kl,2.0,0.25288754436062455,0.16075848300206355,0.3462343704500346,0.006688741721854304,0.008439523710037398,0.7851130267240963,0.7999190720258968,0.8999190720258968,0.8999190720258968,0.997682119205298,0.2,0.19880543913827384,0.12501111852188143,0.3714711922887127,0.40836676073983824,0.08938881913587846,0.692468740900069,0.692468740900069,0.8398694545811399,0.3370758426313512,"[0.3559104242158896, 0.31553379208145554, 0.21156742045395374, 0.11698836324870128]","[0.7925496688741722, 0.1652317880794702, 0.03552980132450331, 0.006688741721854304]","[0.10008092797410305, 0.19989209603452926, 0.2999730240086323, 0.40005395198273536]","[0.44509419040205206, 0.3363403741791784, 0.17836892244392216, 0.04019651297484738]","[0.5482263804605653, 0.643188130285293, 0.8132063281774135, 1.9953791610767282]",kl_projection,0.3559104242158896,0.7925496688741722,0.10008092797410305,0.31553379208145554,0.1652317880794702,0.19989209603452926,0.21156742045395374,0.03552980132450331,0.2999730240086323,0.11698836324870128,0.006688741721854304,0.40005395198273536,0.7851130267240963,0.7693123444637583,0.8999190720258968,1.0,1510,0.6778688001475903,0.8999190720258968,0.9907223326706428,1509,0.8703460121682965,0.8999190720258968,1.0,1511,0.8227974817644084,0.8999190720258968,1.0,1510,0.48146154057259816,0.7416243700391421,0.25576319313649165,0.10999034828388543,0.04915562913907301,-0.002875648775867101,0.01124340348039239,B_ATTENUATED
ml1m/weighted_itemknn/seed_1/kl_lam8.0,ml1m,weighted_itemknn,1,kl_lam8.0,kl,8.0,0.2553984718125942,0.16189053872221282,0.3639909929665909,0.0011423841059602648,0.001379586124161085,0.8049244672241704,0.8999190720258968,0.8999190720258968,0.8999190720258968,0.9995033112582782,0.2,0.19997037075112925,0.12942706261283374,0.4597752383212047,0.5076825321020637,0.14649439512293103,0.7279819859331818,0.7279819859331818,0.8765328426777679,0.37012511641653373,"[0.42252378740977, 0.3372244749200671, 0.19094759625521154, 0.049304141414951375]","[0.8280629139072848, 0.14733443708609273, 0.02346026490066225, 0.0011423841059602648]","[0.10008092797410305, 0.19989209603452926, 0.2999730240086323, 0.40005395198273536]","[0.44509419040205206, 0.3363403741791784, 0.17836892244392216, 0.04019651297484738]","[0.8936567012209979, 0.9438686512439356, 1.0077817395470643, 1.1546929079880026]",kl_projection,0.42252378740977,0.8280629139072848,0.10008092797410305,0.3372244749200671,0.14733443708609273,0.19989209603452926,0.19094759625521154,0.02346026490066225,0.2999730240086323,0.049304141414951375,0.0011423841059602648,0.40005395198273536,0.8049244672241704,0.7881782273379341,0.8999190720258968,1.0,1510,0.7228550645591428,0.8999190720258968,0.9980119284294234,1509,0.8745796181834963,0.8999190720258968,1.0,1511,0.8339844789792713,0.8999190720258968,1.0,1510,0.48146154057259816,0.7416243700391421,0.25576319313649165,0.021686302251393452,0.013642384105960303,-0.0003647213238974767,0.00142601177059452,A_POSITIVE
ml1m/weighted_itemknn/seed_1/legacy_a0.1,ml1m,weighted_itemknn,1,legacy_a0.1,legacy,0.1,0.25531562153214515,0.161701466737215,0.35871781415864384,0.0014072847682119205,0.0017214143950726238,0.7998275055068537,0.8999190720258968,0.8999190720258968,0.8999190720258968,0.9995033112582782,0.2,0.19954211795865853,0.13046227129614427,0.4466473815339384,0.49380635790623156,0.13879898916797923,0.7174356283172877,0.7174356283172877,0.8664108950381734,0.36337205504953873,"[0.4073668184814993, 0.33925358706107145, 0.19963618966744356, 0.053743404789985766]","[0.8175165562913908, 0.155, 0.026076158940397352, 0.0014072847682119205]","[0.10008092797410305, 0.19989209603452926, 0.2999730240086323, 0.40005395198273536]","[0.44509419040205206, 0.3363403741791784, 0.17836892244392216, 0.04019651297484738]","[0.8613704007490167, 0.9492960281901206, 1.0533587373463045, 1.2583255509645215]",legacy_inverse_power,0.4073668184814993,0.8175165562913908,0.10008092797410305,0.33925358706107145,0.155,0.19989209603452926,0.19963618966744356,0.026076158940397352,0.2999730240086323,0.053743404789985766,0.0014072847682119205,0.40005395198273536,0.7998275055068537,0.7820888707063958,0.8999190720258968,1.0,1510,0.7144418982016543,0.8999190720258968,0.9980119284294234,1509,0.8728597603725007,0.8999190720258968,1.0,1511,0.8298145802553607,0.8999190720258968,1.0,1510,0.48146154057259816,0.7416243700391421,0.25576319313649165,0.03481415903865975,0.024188741721854368,-0.00044757160434649723,0.0017499453258219384,A_POSITIVE
ml1m/weighted_itemknn/seed_1/legacy_a0.2,ml1m,weighted_itemknn,1,legacy_a0.2,legacy,0.2,0.253173849006476,0.1609199732785707,0.3439082115096372,0.002632450331125828,0.0033411082392947574,0.7854461802174872,0.7999190720258968,0.8999190720258968,0.8999190720258968,0.9993377483443708,0.2,0.19859122351289596,0.12890153645328575,0.40774953863844265,0.4538801090272616,0.11636177324842066,0.6878164230192745,0.6878164230192745,0.8380085305675803,0.3440513998620033,"[0.36902734457332587, 0.3386952180737491, 0.2211558985007155, 0.07112153885220952]","[0.7878973509933774, 0.1752317880794702, 0.03423841059602649, 0.002632450331125828]","[0.10008092797410305, 0.19989209603452926, 0.2999730240086323, 0.40005395198273536]","[0.44509419040205206, 0.3363403741791784, 0.17836892244392216, 0.04019651297484738]","[0.7419589672865217, 0.9011629491375381, 1.1095646295438009, 1.5833831922101667]",legacy_inverse_power,0.36902734457332587,0.7878973509933774,0.10008092797410305,0.3386952180737491,0.1752317880794702,0.19989209603452926,0.2211558985007155,0.03423841059602649,0.2999730240086323,0.07112153885220952,0.002632450331125828,0.40005395198273536,0.7854461802174872,0.7671287540843615,0.8999190720258968,1.0,1510,0.6858247511603341,0.8999190720258968,0.9973492379058979,1509,0.869155533639918,0.8999190720258968,1.0,1511,0.8195542708711101,0.8999190720258968,1.0,1510,0.48146154057259816,0.7416243700391421,0.25576319313649165,0.0737120019341555,0.053807947019867575,-0.0025893441300156583,0.010123990470488918,A_POSITIVE
ml1m/weighted_itemknn/seed_1/legacy_a0.4,ml1m,weighted_itemknn,1,legacy_a0.4,legacy,0.4,0.24424924625906277,0.1568077004055774,0.31211613700230634,0.009701986754966887,0.013775594160633018,0.7429612403239263,0.7000269759913677,0.8999190720258968,0.8999190720258968,0.9963576158940397,0.2,0.19545452290435236,0.10978856423918606,0.31796619407557913,0.36404360316651296,0.07252642201516642,0.6242322740046127,0.6242322740046127,0.7566650137552549,0.28742925058243307,"[0.292205632649423, 0.3257335854347885, 0.2618793643050215, 0.12018141761076699]","[0.7042880794701987, 0.21991721854304636, 0.06609271523178809, 0.009701986754966887]","[0.10008092797410305, 0.19989209603452926, 0.2999730240086323, 0.40005395198273536]","[0.44509419040205206, 0.3363403741791784, 0.17836892244392216, 0.04019651297484738]","[0.5505031091368817, 0.8120946608982652, 1.231133667134672, 2.5071023333736573]",legacy_inverse_power,0.292205632649423,0.7042880794701987,0.10008092797410305,0.3257335854347885,0.21991721854304636,0.19989209603452926,0.2618793643050215,0.06609271523178809,0.2999730240086323,0.12018141761076699,0.009701986754966887,0.40005395198273536,0.7429612403239263,0.7201928336760416,0.8999190720258968,0.9993377483443708,1510,0.600959766086513,0.7999190720258968,0.9860834990059643,1509,0.8584387453075432,0.8999190720258968,1.0,1511,0.7920831003453283,0.8999190720258968,1.0,1510,0.48146154057259816,0.7416243700391421,0.25576319313649165,0.16349534649701902,0.11739209603452938,-0.011513946877428877,0.04501799784492171,A_POSITIVE
ml1m/weighted_itemknn/seed_1/legacy_a0.8,ml1m,weighted_itemknn,1,legacy_a0.8,legacy,0.8,0.1698358336129603,0.12269947691173289,0.1902038853466772,0.11183774834437087,0.26349664534186634,0.5932079232595572,0.6000269759913677,0.8999190720258968,0.8999190720258968,0.9745033112582782,0.2,0.14664826374003836,0.03297584930798997,0.1128492315670116,0.1354803489052939,0.009007592570296145,0.3804077706933544,0.3804077706933544,0.4471203033384427,0.10294005357133998,"[0.15333120524646301, 0.2521455947386272, 0.30731847959918607, 0.2872047204157238]","[0.42443708609271524, 0.2559437086092715, 0.2077814569536424, 0.11183774834437087]","[0.10008092797410305, 0.19989209603452926, 0.2999730240086323, 0.40005395198273536]","[0.44509419040205206, 0.3363403741791784, 0.17836892244392216, 0.04019651297484738]","[0.3030536731693735, 0.6594977382594683, 1.5156901063524655, 6.285562110007637]",legacy_inverse_power,0.15333120524646301,0.42443708609271524,0.10008092797410305,0.2521455947386272,0.2559437086092715,0.19989209603452926,0.30731847959918607,0.2077814569536424,0.2999730240086323,0.2872047204157238,0.11183774834437087,0.40005395198273536,0.5932079232595572,0.5270653337073051,0.7000269759913677,0.9695364238410596,1510,0.419071203567195,0.6000269759913677,0.9516235917826376,1509,0.7769214234539731,0.8999190720258968,0.9913964262078094,1511,0.6495367454091686,0.8999190720258968,0.9854304635761589,1510,0.48146154057259816,0.7416243700391421,0.25576319313649165,0.36861230900558656,0.36121659934578765,-0.08592735952353134,0.3359645243312042,A_POSITIVE
ml1m/weighted_itemknn/seed_2/baseline,ml1m,weighted_itemknn,2,baseline,baseline,0.0,0.25623979157446963,0.16226025773184732,0.37258370819837894,0.0009105960264900663,0.0010773118132124445,0.8124382365919497,0.8999190720258968,0.8999190720258968,0.8999190720258968,0.9996688741721854,0.2,0.1971481642465394,0.13891972586836668,0.48169743560179323,0.5312470823677544,0.16111459180636958,0.7451674163967579,0.7451674163967579,0.8930409131137611,0.3808827414419133,"[0.4452642831336296, 0.336406176476796, 0.17832919275479456, 0.040000347634779866]","[0.8452483443708609, 0.13427152317880794, 0.019569536423841058, 0.0009105960264900663]","[0.10008092797410305, 0.19989209603452926, 0.2999730240086323, 0.40005395198273536]","[0.4452642831336296, 0.336406176476796, 0.17832919275479456, 0.040000347634779866]","[1.0, 1.0, 1.0, 1.0]",baseline,0.4452642831336296,0.8452483443708609,0.10008092797410305,0.336406176476796,0.13427152317880794,0.19989209603452926,0.17832919275479456,0.019569536423841058,0.2999730240086323,0.040000347634779866,0.0009105960264900663,0.40005395198273536,0.8124382365919497,0.796255267910897,0.8999190720258968,1.0,1510,0.7347774695232971,0.8999190720258968,0.998674618952949,1509,0.879144773593593,0.8999190720258968,1.0,1511,0.8394798278538722,0.8999190720258968,1.0,1510,0.48169743560179323,0.7451674163967579,0.25623979157446963,0.0,0.0,0.0,0.0,BASELINE
ml1m/weighted_itemknn/seed_2/kl_lam0.1,ml1m,weighted_itemknn,2,kl_lam0.1,kl,0.1,0.16624413482800948,0.11919214508937903,0.17653238369506769,0.1774503311258278,0.391596638654598,0.592657027960347,0.6000269759913677,0.8999190720258968,0.8999190720258968,0.9701986754966887,0.2,0.12282473859548909,0.06599209055956526,0.06623176776263379,0.07353439097120631,0.0039596926967133544,0.35306476739013537,0.35306476739013537,0.43303423795000906,0.08992919212492548,"[0.15577755919896452, 0.2104272325723016, 0.267520198705716, 0.3662750095230179]","[0.45314569536423843, 0.183658940397351, 0.18574503311258278, 0.1774503311258278]","[0.10008092797410305, 0.19989209603452926, 0.2999730240086323, 0.40005395198273536]","[0.4452642831336296, 0.336406176476796, 0.17832919275479456, 0.040000347634779866]","[0.12030424080736675, 0.2150957771745106, 0.5158554655111651, 3.1487445165069574]",kl_projection,0.15577755919896452,0.45314569536423843,0.10008092797410305,0.2104272325723016,0.183658940397351,0.19989209603452926,0.267520198705716,0.18574503311258278,0.2999730240086323,0.3662750095230179,0.1774503311258278,0.40005395198273536,0.592657027960347,0.5355810110458645,0.7999190720258968,0.9695364238410596,1510,0.3986950341829967,0.5999460480172647,0.9423459244532804,1509,0.7830022332407413,0.8999190720258968,0.9920582395764395,1511,0.6530953252929396,0.8999190720258968,0.9768211920529801,1510,0.48169743560179323,0.7451674163967579,0.25623979157446963,0.41546566783915945,0.3921026490066225,-0.08999565674646015,0.35121655459318146,A_POSITIVE
ml1m/weighted_itemknn/seed_2/kl_lam0.5,ml1m,weighted_itemknn,2,kl_lam0.5,kl,0.5,0.2196897377533677,0.14561894129458477,0.2752989399864584,0.0906953642384106,0.13938576626527524,0.6920916219002173,0.7000269759913677,0.8999190720258968,0.8999190720258968,0.9773178807947019,0.2,0.19033641524456132,0.05854085558145364,0.17209268849837514,0.1839486774024104,0.020398269214235685,0.5505978799729168,0.5505978799729168,0.6643811491598325,0.19357016067781185,"[0.23146774480672003, 0.2405979677002874, 0.22133294654237382, 0.3066013409506187]","[0.6506788079470198, 0.16125827814569538, 0.09736754966887418, 0.0906953642384106]","[0.10008092797410305, 0.19989209603452926, 0.2999730240086323, 0.40005395198273536]","[0.4452642831336296, 0.336406176476796, 0.17832919275479456, 0.040000347634779866]","[0.20504302706783523, 0.2820982406995325, 0.4895488177281929, 3.023309914504439]",kl_projection,0.23146774480672003,0.6506788079470198,0.10008092797410305,0.2405979677002874,0.16125827814569538,0.19989209603452926,0.22133294654237382,0.09736754966887418,0.2999730240086323,0.3066013409506187,0.0906953642384106,0.40005395198273536,0.6920916219002173,0.6730350670022884,0.8999190720258968,0.9794701986754967,1510,0.489735715729899,0.7999190720258968,0.9449966865473823,1509,0.8447374411228011,0.8999190720258968,0.9973527465254798,1511,0.7606231632654883,0.8999190720258968,0.9874172185430463,1510,0.48169743560179323,0.7451674163967579,0.25623979157446963,0.3096047471034181,0.19456953642384112,-0.036550053821101935,0.142640038834404,A_POSITIVE
ml1m/weighted_itemknn/seed_2/kl_lam2.0,ml1m,weighted_itemknn,2,kl_lam2.0,kl,2.0,0.2534498663215913,0.16099500801928987,0.3480307280659286,0.0070529801324503314,0.008858943165501381,0.7849301527269869,0.7999190720258968,0.8999190720258968,0.8999190720258968,0.9983443708609272,0.2,0.19614598039525402,0.1330034588132253,0.3716097905816235,0.4085183879170596,0.08945849460990385,0.6960614561318572,0.6960614561318572,0.8426327861074194,0.33715734397493186,"[0.35601109179845536, 0.31557172279180046, 0.21152913281194627, 0.11688805259779786]","[0.7961423841059603, 0.1605132450331126, 0.03629139072847682, 0.0070529801324503314]","[0.10008092797410305, 0.19989209603452926, 0.2999730240086323, 0.40005395198273536]","[0.4452642831336296, 0.336406176476796, 0.17832919275479456, 0.040000347634779866]","[0.5470781787926374, 0.641856351289983, 0.8116176229381972, 1.9994478469791828]",kl_projection,0.35601109179845536,0.7961423841059603,0.10008092797410305,0.31557172279180046,0.1605132450331126,0.19989209603452926,0.21152913281194627,0.03629139072847682,0.2999730240086323,0.11688805259779786,0.0070529801324503314,0.40005395198273536,0.7849301527269869,0.7695105197433886,0.8999190720258968,1.0,1510,0.6750173002091756,0.8999190720258968,0.9933730947647449,1509,0.8718673081156314,0.8999190720258968,1.0,1511,0.8231951185961052,0.8999190720258968,1.0,1510,0.48169743560179323,0.7451674163967579,0.25623979157446963,0.11008764502016971,0.04910596026490066,-0.002789925252878356,0.010887946933361184,B_ATTENUATED
ml1m/weighted_itemknn/seed_2/kl_lam8.0,ml1m,weighted_itemknn,2,kl_lam8.0,kl,8.0,0.256460266388975,0.16251247170721142,0.36616814528447167,0.0012251655629139074,0.0014718166991509428,0.8060003671235911,0.8999190720258968,0.8999190720258968,0.8999190720258968,0.9998344370860928,0.2,0.1972177709118702,0.13973306514364564,0.4600216625567528,0.5079669008911211,0.14671188194065224,0.7323362905689433,0.7323362905689433,0.8804365811917099,0.3717171841517535,"[0.422693347945462, 0.3373013386199232, 0.190917419823843, 0.04908789361077185]","[0.8324172185430464, 0.1430794701986755, 0.02327814569536424, 0.0012251655629139074]","[0.10008092797410305, 0.19989209603452926, 0.2999730240086323, 0.40005395198273536]","[0.4452642831336296, 0.336406176476796, 0.17832919275479456, 0.040000347634779866]","[0.8935205272575216, 0.9437372218819847, 1.0076740934320665, 1.1550681574284274]",kl_projection,0.422693347945462,0.8324172185430464,0.10008092797410305,0.3373013386199232,0.1430794701986755,0.19989209603452926,0.190917419823843,0.02327814569536424,0.2999730240086323,0.04908789361077185,0.0012251655629139074,0.40005395198273536,0.8060003671235911,0.7892379193114154,0.8999190720258968,1.0,1510,0.7228537953110401,0.8999190720258968,0.9993373094764745,1509,0.8770276135245587,0.8999190720258968,1.0,1511,0.8347800384809837,0.8999190720258968,1.0,1510,0.48169743560179323,0.7451674163967579,0.25623979157446963,0.021675773045040425,0.012831125827814538,0.0002204748145053781,0.0,A_POSITIVE
ml1m/weighted_itemknn/seed_2/legacy_a0.1,ml1m,weighted_itemknn,2,legacy_a0.1,legacy,0.1,0.2562143491317757,0.1624508992187923,0.36077079429109415,0.0013410596026490066,0.0016322089227401243,0.8008039158063229,0.8999190720258968,0.8999190720258968,0.8999190720258968,1.0,0.2,0.19704159622608197,0.1399229962390275,0.44690419833997747,0.49410481341998846,0.1390194557725104,0.7215415885821883,0.7215415885821883,0.8700449778456464,0.36495608472831054,"[0.4075380135323312, 0.3393392088162786, 0.1996113970018601, 0.05351138064953015]","[0.8216225165562914, 0.15089403973509935, 0.026142384105960266, 0.0013410596026490066]","[0.10008092797410305, 0.19989209603452926, 0.2999730240086323, 0.40005395198273536]","[0.4452642831336296, 0.336406176476796, 0.17832919275479456, 0.040000347634779866]","[0.8613374903985798, 0.9492774579726865, 1.0533822026123054, 1.2589412875748898]",legacy_inverse_power,0.4075380135323312,0.8216225165562914,0.10008092797410305,0.3393392088162786,0.15089403973509935,0.19989209603452926,0.1996113970018601,0.026142384105960266,0.2999730240086323,0.05351138064953015,0.0013410596026490066,0.40005395198273536,0.8008039158063229,0.7827506221449664,0.8999190720258968,1.0,1510,0.7138452443329413,0.8999190720258968,1.0,1509,0.8755060140750046,0.8999190720258968,1.0,1511,0.8310067225599679,0.8999190720258968,1.0,1510,0.48169743560179323,0.7451674163967579,0.25623979157446963,0.03479323726181577,0.023625827814569567,-2.5442442693923706e-05,9.929153679681129e-05,A_POSITIVE
ml1m/weighted_itemknn/seed_2/legacy_a0.2,ml1m,weighted_itemknn,2,legacy_a0.2,legacy,0.2,0.25391201394390606,0.16110973979010831,0.3461598671387763,0.0023344370860927154,0.0029460312153908627,0.7857601423474828,0.7999190720258968,0.8999190720258968,0.8999190720258968,0.9995033112582782,0.2,0.1955676887226842,0.13801500312014853,0.40802254480354516,0.454206560313863,0.1165726031620303,0.6923197342775526,0.6923197342775526,0.8419319001660676,0.3460184214934383,"[0.3691960511691128, 0.33879951764306465, 0.22114996907953893, 0.07085446210828363]","[0.7924006622516556, 0.17084437086092716, 0.034420529801324505, 0.0023344370860927154]","[0.10008092797410305, 0.19989209603452926, 0.2999730240086323, 0.40005395198273536]","[0.4452642831336296, 0.336406176476796, 0.17832919275479456, 0.040000347634779866]","[0.7419022723661235, 0.9011276922150855, 1.109614064780352, 1.5849331655607215]",legacy_inverse_power,0.3691960511691128,0.7924006622516556,0.10008092797410305,0.33879951764306465,0.17084437086092716,0.19989209603452926,0.22114996907953893,0.034420529801324505,0.2999730240086323,0.07085446210828363,0.0023344370860927154,0.40005395198273536,0.7857601423474828,0.7671953722776133,0.8999190720258968,1.0,1510,0.6841660941642653,0.8999190720258968,0.9980119284294234,1509,0.8708090494364054,0.8999190720258968,1.0,1511,0.8207464489055073,0.8999190720258968,1.0,1510,0.48169743560179323,0.7451674163967579,0.25623979157446963,0.07367489079824807,0.05284768211920532,-0.0023277776305635767,0.009084372166635433,A_POSITIVE
ml1m/weighted_itemknn/seed_2/legacy_a0.4,ml1m,weighted_itemknn,2,legacy_a0.4,legacy,0.4,0.24341605665760563,0.15754415598614993,0.31194229594270373,0.009701986754966887,0.013711130349310275,0.7439702093944337,0.7000269759913677,0.8999190720258968,0.8999190720258968,0.9975165562913907,0.2,0.1915923557749831,0.11284240199245674,0.3182457720082206,0.36440821824765196,0.07269192172376931,0.6238845918854075,0.6238845918854075,0.7591169966496047,0.2881027009318694,"[0.29235507655727505, 0.32586371945957787, 0.2619182298044432, 0.11986297417870395]","[0.7075993377483444, 0.21625827814569537, 0.06644039735099337, 0.009701986754966887]","[0.10008092797410305, 0.19989209603452926, 0.2999730240086323, 0.40005395198273536]","[0.4452642831336296, 0.336406176476796, 0.17832919275479456, 0.040000347634779866]","[0.5504189817420176, 0.8120311176768858, 1.2312433727583756, 2.5120131392943295]",legacy_inverse_power,0.29235507655727505,0.7075993377483444,0.10008092797410305,0.32586371945957787,0.21625827814569537,0.19989209603452926,0.2619182298044432,0.06644039735099337,0.2999730240086323,0.11986297417870395,0.009701986754966887,0.40005395198273536,0.7439702093944337,0.7254231746990211,0.8999190720258968,1.0,1510,0.5968496368252136,0.7999190720258968,0.9900596421471173,1509,0.8592987277722561,0.8999190720258968,1.0,1511,0.7941354909362456,0.8999190720258968,1.0,1510,0.48169743560179323,0.7451674163967579,0.25623979157446963,0.16345166359357266,0.12128282451135042,-0.012823734916864005,0.05004583729196919,A_POSITIVE
ml1m/weighted_itemknn/seed_2/legacy_a0.8,ml1m,weighted_itemknn,2,legacy_a0.8,legacy,0.8,0.16893307128740573,0.12239667658005736,0.1888462694526375,0.11403973509933775,0.2685589519644331,0.5907405668888464,0.6000269759913677,0.8999190720258968,0.8999190720258968,0.9721854304635762,0.2,0.14551630282018047,0.035949499836794685,0.11305175586805549,0.13570429108039328,0.009035621050122896,0.377692538905275,0.377692538905275,0.4453857908989801,0.10186821696452658,"[0.15338479335483698, 0.25222431190853695, 0.30738869862194623, 0.2870021961146799]","[0.42463576158940397, 0.2530298013245033, 0.20829470198675495, 0.11403973509933775]","[0.10008092797410305, 0.19989209603452926, 0.2999730240086323, 0.40005395198273536]","[0.4452642831336296, 0.336406176476796, 0.17832919275479456, 0.040000347634779866]","[0.3029610554619196, 0.6593945360755724, 1.51596024296142, 6.310210011987352]",legacy_inverse_power,0.15338479335483698,0.42463576158940397,0.10008092797410305,0.25222431190853695,0.2530298013245033,0.19989209603452926,0.30738869862194623,0.20829470198675495,0.2999730240086323,0.2870021961146799,0.11403973509933775,0.40005395198273536,0.5907405668888464,0.5311033537767281,0.7000269759913677,0.9695364238410596,1510,0.4103224730387569,0.6000269759913677,0.9443339960238568,1509,0.7818848808941246,0.8999190720258968,0.9907346128391793,1511,0.6394054920260042,0.8999190720258968,0.9841059602649007,1510,0.48169743560179323,0.7451674163967579,0.25623979157446963,0.36864567973373774,0.3674748774914829,-0.0873067202870639,0.34072272596932085,A_POSITIVE
ml1m/weighted_lightgcn/seed_0/baseline,ml1m,weighted_lightgcn,0,baseline,baseline,0.0,0.23932702055671,0.1479146318643059,0.3953403307149352,0.0003642384105960265,0.00040890673209128473,0.8284240750897264,0.8999190720258968,0.8999190720258968,0.8999190720258968,0.9998344370860928,0.2,0.18121653677607408,0.13249440792393824,0.4817793780856189,0.531360391459119,0.1612268105053976,0.7906806614298704,0.7906806614298704,0.9369165892136155,0.4085426362712562,"[0.4453151867978243, 0.33643721529642695, 0.1783664393383517, 0.039881158567397074]","[0.8907615894039735, 0.09508278145695365, 0.013791390728476821, 0.0003642384105960265]","[0.10008092797410305, 0.19989209603452926, 0.2999730240086323, 0.40005395198273536]","[0.4453151867978243, 0.33643721529642695, 0.1783664393383517, 0.039881158567397074]","[1.0, 1.0, 1.0, 1.0]",baseline,0.4453151867978243,0.8907615894039735,0.10008092797410305,0.33643721529642695,0.09508278145695365,0.19989209603452926,0.1783664393383517,0.013791390728476821,0.2999730240086323,0.039881158567397074,0.0003642384105960265,0.40005395198273536,0.8284240750897264,0.8293507182581011,0.8999190720258968,1.0,1510,0.7284180181030532,0.8999190720258968,0.9993373094764745,1509,0.8910534151408687,0.8999190720258968,1.0,1511,0.86476644329593,0.8999190720258968,1.0,1510,0.4817793780856189,0.7906806614298704,0.23932702055671,0.0,0.0,0.0,0.0,BASELINE
ml1m/weighted_lightgcn/seed_0/kl_lam0.1,ml1m,weighted_lightgcn,0,kl_lam0.1,kl,0.1,0.2407359980028167,0.14829312669219963,0.378130065814273,0.005281456953642384,0.00616746901764452,0.8027844448573219,0.8999190720258968,0.8999190720258968,0.8999190720258968,0.997682119205298,0.2,0.1823824436686967,0.13413091408785574,0.06625185704785205,0.07355439894400409,0.003961545196588832,0.756260131628546,0.756260131628546,0.90036210001961,0.3717515585848896,"[0.15579055178398094, 0.21043432927250344, 0.26751584662946776, 0.36625927231404787]","[0.8563410596026491, 0.11279801324503311, 0.025579470198675496, 0.005281456953642384]","[0.10008092797410305, 0.19989209603452926, 0.2999730240086323, 0.40005395198273536]","[0.4453151867978243, 0.33643721529642695, 0.1783664393383517, 0.039881158567397074]","[0.12002619454014102, 0.21459272175641403, 0.514563288275911, 3.1508177954275336]",kl_projection,0.15579055178398094,0.8563410596026491,0.10008092797410305,0.21043432927250344,0.11279801324503311,0.19989209603452926,0.26751584662946776,0.025579470198675496,0.2999730240086323,0.36625927231404787,0.005281456953642384,0.40005395198273536,0.8027844448573219,0.8030006234848335,0.8999190720258968,1.0,1510,0.6759407765259893,0.8999190720258968,0.9907223326706428,1509,0.8833136265176671,0.8999190720258968,1.0,1511,0.8487454198875581,0.8999190720258968,1.0,1510,0.4817793780856189,0.7906806614298704,0.23932702055671,0.4155275210377668,0.03442052980132437,0.001408977446106685,0.0,B_ATTENUATED
ml1m/weighted_lightgcn/seed_0/kl_lam0.5,ml1m,weighted_lightgcn,0,kl_lam0.5,kl,0.5,0.2407847405787615,0.14899009428972662,0.38574595985400806,0.004089403973509933,0.004691981839935349,0.8136097717402372,0.8999190720258968,0.8999190720258968,0.8999190720258968,0.9986754966887417,0.2,0.18217365614061753,0.13494460183291618,0.17207200500233175,0.18392983314588415,0.020395378139651924,0.7714919197080161,0.7714919197080161,0.9165328436033624,0.38663500914537946,"[0.23146236422988434, 0.2405826647810797, 0.2213191584190211, 0.3066358125700148]","[0.8715728476821192, 0.10576158940397351, 0.018576158940397353, 0.004089403973509933]","[0.10008092797410305, 0.19989209603452926, 0.2999730240086323, 0.40005395198273536]","[0.4453151867978243, 0.33643721529642695, 0.1783664393383517, 0.039881158567397074]","[0.20454582374066654, 0.2814090367922192, 0.4882964936317549, 3.0257486458353595]",kl_projection,0.23146236422988434,0.8715728476821192,0.10008092797410305,0.2405826647810797,0.10576158940397351,0.19989209603452926,0.2213191584190211,0.018576158940397353,0.2999730240086323,0.3066358125700148,0.004089403973509933,0.40005395198273536,0.8136097717402372,0.8153155387069746,0.8999190720258968,1.0,1510,0.6973419441984904,0.8999190720258968,0.9946984758117959,1509,0.8860262757938948,0.8999190720258968,1.0,1511,0.8556303717505989,0.8999190720258968,1.0,1510,0.4817793780856189,0.7906806614298704,0.23932702055671,0.3097073730832871,0.019188741721854252,0.0014577200220514952,0.0,B_ATTENUATED
ml1m/weighted_lightgcn/seed_0/kl_lam2.0,ml1m,weighted_lightgcn,0,kl_lam2.0,kl,2.0,0.23942049638226678,0.1483479660204966,0.38963668833082926,0.0011920529801324503,0.0013556003238363137,0.820678535507372,0.8999190720258968,0.8999190720258968,0.8999190720258968,0.9993377483443708,0.2,0.18158745557228073,0.13222719337534672,0.37164938389661073,0.408578739404651,0.08948959929614905,0.7792733766616585,0.7792733766616585,0.9253856648108288,0.39866025176887143,"[0.35603568345418035, 0.3155867244510628, 0.21155693055353658, 0.1168206615412204]","[0.8793543046357616, 0.10355960264900663, 0.015894039735099338, 0.0011920529801324503]","[0.10008092797410305, 0.19989209603452926, 0.2999730240086323, 0.40005395198273536]","[0.4453151867978243, 0.33643721529642695, 0.1783664393383517, 0.039881158567397074]","[0.5464109794333811, 0.6410738954852203, 0.8106017018092684, 2.0019134232721303]",kl_projection,0.35603568345418035,0.8793543046357616,0.10008092797410305,0.3155867244510628,0.10355960264900663,0.19989209603452926,0.21155693055353658,0.015894039735099338,0.2999730240086323,0.1168206615412204,0.0011920529801324503,0.40005395198273536,0.820678535507372,0.820876934098189,0.8999190720258968,1.0,1510,0.7139092072866282,0.8999190720258968,0.9973492379058979,1509,0.8879451060892006,0.8999190720258968,1.0,1511,0.8598676389933487,0.8999190720258968,1.0,1510,0.4817793780856189,0.7906806614298704,0.23932702055671,0.11012999418900815,0.011407284768211845,9.347582555677136e-05,0.0,B_ATTENUATED
ml1m/weighted_lightgcn/seed_0/kl_lam8.0,ml1m,weighted_lightgcn,0,kl_lam8.0,kl,8.0,0.23919983918600643,0.14802607435495485,0.3932707942910942,0.0005298013245033113,0.0005975500448155794,0.8259251067874095,0.8999190720258968,0.8999190720258968,0.8999190720258968,0.9998344370860928,0.2,0.18128663825391203,0.1325005214609097,0.4601117765798128,0.5080930242817666,0.1468240277613599,0.7865415885821884,0.7865415885821884,0.9327667711985428,0.4052202402766157,"[0.42274710135928006, 0.33733769922916507, 0.1909591626463714, 0.04895603676518352]","[0.8866225165562914, 0.09829470198675497, 0.01455298013245033, 0.0005298013245033113]","[0.10008092797410305, 0.19989209603452926, 0.2999730240086323, 0.40005395198273536]","[0.4453151867978243, 0.33643721529642695, 0.1783664393383517, 0.039881158567397074]","[0.8934480013109903, 0.9436631548002167, 1.0075892106435251, 1.1552996332452679]",kl_projection,0.42274710135928006,0.8866225165562914,0.10008092797410305,0.33733769922916507,0.09829470198675497,0.19989209603452926,0.1909591626463714,0.01455298013245033,0.2999730240086323,0.04895603676518352,0.0005298013245033113,0.40005395198273536,0.8259251067874095,0.825974753330463,0.8999190720258968,1.0,1510,0.7243110172701762,0.8999190720258968,0.9993373094764745,1509,0.8899289751247794,0.8999190720258968,1.0,1511,0.8633760006574279,0.8999190720258968,1.0,1510,0.4817793780856189,0.7906806614298704,0.23932702055671,0.0216676015058061,0.0041390728476820016,-0.00012718137070358293,0.0005314125016378855,B_ATTENUATED
ml1m/weighted_lightgcn/seed_0/legacy_a0.1,ml1m,weighted_lightgcn,0,legacy_a0.1,legacy,0.1,0.239397319636671,0.1481315393271577,0.39181384064871005,0.0005463576158940398,0.0006182553956827537,0.8242703038997279,0.8999190720258968,0.8999190720258968,0.8999190720258968,0.9998344370860928,0.2,0.18142121219580445,0.13266696892091825,0.44700111897656714,0.4942416482207893,0.13913481222516055,0.7836276812974201,0.7836276812974201,0.9299123022186431,0.40333689290478225,"[0.40759457457538717, 0.3393795684098124, 0.19965608530084467, 0.05336977171395584]","[0.8837086092715232, 0.10079470198675497, 0.014950331125827814, 0.0005463576158940398]","[0.10008092797410305, 0.19989209603452926, 0.2999730240086323, 0.40005395198273536]","[0.4453151867978243, 0.33643721529642695, 0.1783664393383517, 0.039881158567397074]","[0.8613276440041389, 0.9492686998229944, 1.053360203756986, 1.2593170304283612]",legacy_inverse_power,0.40759457457538717,0.8837086092715232,0.10008092797410305,0.3393795684098124,0.10079470198675497,0.19989209603452926,0.19965608530084467,0.014950331125827814,0.2999730240086323,0.05336977171395584,0.0005463576158940398,0.40005395198273536,0.8242703038997279,0.8236580158890375,0.8999190720258968,1.0,1510,0.7218602243208317,0.8999190720258968,0.9993373094764745,1509,0.8895983540896119,0.8999190720258968,1.0,1511,0.8618535364452788,0.8999190720258968,1.0,1510,0.4817793780856189,0.7906806614298704,0.23932702055671,0.034778259109051746,0.0070529801324502595,7.029907996097817e-05,0.0,B_ATTENUATED
ml1m/weighted_lightgcn/seed_0/legacy_a0.2,ml1m,weighted_lightgcn,0,legacy_a0.2,legacy,0.2,0.23921182732240762,0.14819107447182486,0.3885191386619551,0.0006788079470198676,0.0007739061497216441,0.8202817919204225,0.8999190720258968,0.8999190720258968,0.8999190720258968,1.0,0.2,0.18159435678098665,0.13185567434837522,0.40813316957885093,0.45436731049643325,0.11668616120437203,0.7770382773239102,0.7770382773239102,0.9233310851249207,0.3983512171573101,"[0.36925685587797447, 0.3388493377095088, 0.22120311837650497, 0.0706906880360118]","[0.8771192052980132, 0.10576158940397351, 0.01644039735099338, 0.0006788079470198676]","[0.10008092797410305, 0.19989209603452926, 0.2999730240086323, 0.40005395198273536]","[0.4453151867978243, 0.33643721529642695, 0.1783664393383517, 0.039881158567397074]","[0.7418853103257206, 0.9011110644636383, 1.1095677188589592, 1.5858793831269058]",legacy_inverse_power,0.36925685587797447,0.8771192052980132,0.10008092797410305,0.3388493377095088,0.10576158940397351,0.19989209603452926,0.22120311837650497,0.01644039735099338,0.2999730240086323,0.0706906880360118,0.0006788079470198676,0.40005395198273536,0.8202817919204225,0.8194870631363252,0.8999190720258968,1.0,1510,0.714771420036565,0.8999190720258968,1.0,1509,0.8878788533400508,0.8999190720258968,1.0,1511,0.8588751904844423,0.8999190720258968,1.0,1510,0.4817793780856189,0.7906806614298704,0.23932702055671,0.07364620850676795,0.013642384105960192,-0.00011519323430239647,0.00048132147400005226,B_ATTENUATED
ml1m/weighted_lightgcn/seed_0/legacy_a0.4,ml1m,weighted_lightgcn,0,legacy_a0.4,legacy,0.4,0.23934968520606237,0.1481086586717573,0.3822691386619551,0.001109271523178808,0.0012829596154936046,0.8129166406136947,0.8999190720258968,0.8999190720258968,0.8999190720258968,0.9996688741721854,0.2,0.181407802803304,0.13261273545728838,0.3183726014641878,0.3646076713130051,0.07278519673691078,0.7645382773239102,0.7645382773239102,0.9107375754893784,0.38833084210728064,"[0.29241709364256124, 0.3259285318302589, 0.26198864885245365, 0.11966572567472616]","[0.8646192052980133, 0.11440397350993377, 0.019867549668874173, 0.001109271523178808]","[0.10008092797410305, 0.19989209603452926, 0.2999730240086323, 0.40005395198273536]","[0.4453151867978243, 0.33643721529642695, 0.1783664393383517, 0.039881158567397074]","[0.5503938136770907, 0.8120011504987914, 1.2311405227338743, 2.5150134178269754]",legacy_inverse_power,0.29241709364256124,0.8646192052980133,0.10008092797410305,0.3259285318302589,0.11440397350993377,0.19989209603452926,0.26198864885245365,0.019867549668874173,0.2999730240086323,0.11966572567472616,0.001109271523178808,0.40005395198273536,0.8129166406136947,0.812337567908932,0.8999190720258968,1.0,1510,0.7011231951872972,0.8999190720258968,0.998674618952949,1509,0.8854974678095725,0.8999190720258968,1.0,1511,0.852586229381678,0.8999190720258968,1.0,1510,0.4817793780856189,0.7906806614298704,0.23932702055671,0.1634067766214311,0.026142384105960148,2.2664649352355237e-05,0.0,B_ATTENUATED
ml1m/weighted_lightgcn/seed_0/legacy_a0.8,ml1m,weighted_lightgcn,0,legacy_a0.8,legacy,0.8,0.23965074669228684,0.14725944559856316,0.37212013203943856,0.0034105960264900663,0.004039453301169795,0.7987141384565087,0.8999190720258968,0.8999190720258968,0.8999190720258968,0.9985099337748344,0.2,0.18079462490972698,0.13532400172098646,0.11317989635405634,0.13584112238230261,0.009052373421718031,0.7442402640788771,0.7442402640788771,0.889301490384086,0.3678743646360314,"[0.1534113487662844, 0.25226686663261344, 0.3074477289724232, 0.28687405562867907]","[0.8443211920529802, 0.12413907284768212, 0.028129139072847684, 0.0034105960264900663]","[0.10008092797410305, 0.19989209603452926, 0.2999730240086323, 0.40005395198273536]","[0.4453151867978243, 0.33643721529642695, 0.1783664393383517, 0.039881158567397074]","[0.30293335013401207, 0.6593458684113609, 1.5157069867174373, 6.325292491849724]",legacy_inverse_power,0.1534113487662844,0.8443211920529802,0.10008092797410305,0.25226686663261344,0.12413907284768212,0.19989209603452926,0.3074477289724232,0.028129139072847684,0.2999730240086323,0.28687405562867907,0.0034105960264900663,0.40005395198273536,0.7987141384565087,0.7967780840614768,0.8999190720258968,1.0,1510,0.6730291928851315,0.8999190720258968,0.9940357852882704,1509,0.881461120383798,0.8999190720258968,1.0,1511,0.8434501221065569,0.8999190720258968,1.0,1510,0.4817793780856189,0.7906806614298704,0.23932702055671,0.36859948173156254,0.04644039735099326,0.00032372613557682395,0.0,B_ATTENUATED
ml1m/weighted_lightgcn/seed_1/baseline,ml1m,weighted_lightgcn,1,baseline,baseline,0.0,0.23739700380413464,0.14548128092741824,0.39365986713877626,0.0004139072847682119,0.0004664266124362736,0.8269675814683871,0.8999190720258968,0.8999190720258968,0.8999190720258968,0.9998344370860928,0.2,0.17984065209927266,0.12379051347443934,0.48146154057259816,0.530977605729745,0.1608926009057936,0.7873197342775525,0.7873197342775525,0.9337704509316277,0.40708097692204215,"[0.44509419040205206, 0.3363403741791784, 0.17836892244392216, 0.04019651297484738]","[0.8874006622516556, 0.0987748344370861, 0.013410596026490066, 0.0004139072847682119]","[0.10008092797410305, 0.19989209603452926, 0.2999730240086323, 0.40005395198273536]","[0.44509419040205206, 0.3363403741791784, 0.17836892244392216, 0.04019651297484738]","[1.0, 1.0, 1.0, 1.0]",baseline,0.44509419040205206,0.8874006622516556,0.10008092797410305,0.3363403741791784,0.0987748344370861,0.19989209603452926,0.17836892244392216,0.013410596026490066,0.2999730240086323,0.04019651297484738,0.0004139072847682119,0.40005395198273536,0.8269675814683871,0.8252467588614345,0.8999190720258968,1.0,1510,0.7284838581137937,0.8999190720258968,0.9993373094764745,1509,0.8907886183811299,0.8999190720258968,1.0,1511,0.8632436039209871,0.8999190720258968,1.0,1510,0.48146154057259816,0.7873197342775525,0.23739700380413464,0.0,0.0,0.0,0.0,BASELINE
ml1m/weighted_lightgcn/seed_1/kl_lam0.1,ml1m,weighted_lightgcn,1,kl_lam0.1,kl,0.1,0.24194836725750735,0.14880196397768256,0.3768221187944054,0.005066225165562914,0.005934257732951451,0.8025201069392611,0.8999190720258968,0.8999190720258968,0.8999190720258968,0.9985099337748344,0.2,0.18283623775364266,0.13000937421074754,0.0661861306200866,0.07348597327465338,0.003954979003177837,0.7536442375888108,0.7536442375888108,0.8982125669460639,0.3717480596176632,"[0.15574292426565703, 0.2104162303630619, 0.26753991716982745, 0.3663009282014536]","[0.8537251655629139, 0.11667218543046358, 0.024536423841059602, 0.005066225165562914]","[0.10008092797410305, 0.19989209603452926, 0.2999730240086323, 0.40005395198273536]","[0.44509419040205206, 0.3363403741791784, 0.17836892244392216, 0.04019651297484738]","[0.12078156573033444, 0.21594566435350576, 0.517742308305502, 3.1455304616106576]",kl_projection,0.15574292426565703,0.8537251655629139,0.10008092797410305,0.2104162303630619,0.11667218543046358,0.19989209603452926,0.26753991716982745,0.024536423841059602,0.2999730240086323,0.3663009282014536,0.005066225165562914,0.40005395198273536,0.8025201069392611,0.8000224740378415,0.8999190720258968,1.0,1510,0.6811753880994226,0.8999190720258968,0.9940357852882704,1509,0.8814607633223638,0.8999190720258968,1.0,1511,0.847289162976077,0.8999190720258968,1.0,1510,0.48146154057259816,0.7873197342775525,0.23739700380413464,0.41527540995251155,0.0336754966887417,0.004551363453372703,0.0,B_ATTENUATED
ml1m/weighted_lightgcn/seed_1/kl_lam0.5,ml1m,weighted_lightgcn,1,kl_lam0.5,kl,0.5,0.24319579174402114,0.15041998499215578,0.3832128472712266,0.0041390728476821195,0.004776735387960936,0.8109946860869984,0.8999190720258968,0.8999190720258968,0.8999190720258968,0.998841059602649,0.2,0.1839075536471559,0.12969390858867177,0.1720981497773575,0.18394859872032665,0.020395943526094983,0.7664256945424532,0.7664256945424532,0.9116946019263078,0.3839493721674152,"[0.2314491810897109, 0.24062199269627887, 0.22139582920643974, 0.3065329970075704]","[0.8665066225165563, 0.11052980132450331, 0.01882450331125828, 0.0041390728476821195]","[0.10008092797410305, 0.19989209603452926, 0.2999730240086323, 0.40005395198273536]","[0.44509419040205206, 0.3363403741791784, 0.17836892244392216, 0.04019651297484738]","[0.20588986692397282, 0.28326151012953976, 0.4914524410025998, 3.019396181943888]",kl_projection,0.2314491810897109,0.8665066225165563,0.10008092797410305,0.24062199269627887,0.11052980132450331,0.19989209603452926,0.22139582920643974,0.01882450331125828,0.2999730240086323,0.3065329970075704,0.0041390728476821195,0.40005395198273536,0.8109946860869984,0.8103518491059513,0.8999190720258968,1.0,1510,0.696678663742748,0.8999190720258968,0.9953611663353215,1509,0.8841731269494438,0.8999190720258968,1.0,1511,0.8526509360311706,0.8999190720258968,1.0,1510,0.48146154057259816,0.7873197342775525,0.23739700380413464,0.30936339079524067,0.02089403973509929,0.005798787939886502,0.0,B_ATTENUATED
ml1m/weighted_lightgcn/seed_1/kl_lam2.0,ml1m,weighted_lightgcn,1,kl_lam2.0,kl,2.0,0.23927634597657352,0.1467993460112725,0.3885522512447365,0.001076158940397351,0.0012268317541792666,0.8203470791790008,0.8999190720258968,0.8999190720258968,0.8999190720258968,0.9996688741721854,0.2,0.18025624054752049,0.1277723006171929,0.3714711922887127,0.40836676073983824,0.08938881913587846,0.777104502489473,0.777104502489473,0.923377942134518,0.39791341193223784,"[0.3559104242158896, 0.31553379208145554, 0.21156742045395374, 0.11698836324870128]","[0.8771854304635761, 0.10586092715231787, 0.01587748344370861, 0.001076158940397351]","[0.10008092797410305, 0.19989209603452926, 0.2999730240086323, 0.40005395198273536]","[0.44509419040205206, 0.3363403741791784, 0.17836892244392216, 0.04019651297484738]","[0.5482263804605653, 0.643188130285293, 0.8132063281774135, 1.9953791610767282]",kl_projection,0.3559104242158896,0.8771854304635761,0.10008092797410305,0.31553379208145554,0.10586092715231787,0.19989209603452926,0.21156742045395374,0.01587748344370861,0.2999730240086323,0.11698836324870128,0.001076158940397351,0.40005395198273536,0.8203470791790008,0.8192227162858169,0.8999190720258968,1.0,1510,0.716359517564159,0.8999190720258968,0.998674618952949,1509,0.8874804798977088,0.8999190720258968,1.0,1511,0.8582122778277003,0.8999190720258968,1.0,1510,0.48146154057259816,0.7873197342775525,0.23739700380413464,0.10999034828388543,0.010215231788079482,0.0018793421724388748,0.0,B_ATTENUATED
ml1m/weighted_lightgcn/seed_1/kl_lam8.0,ml1m,weighted_lightgcn,1,kl_lam8.0,kl,8.0,0.237881987225562,0.145801492480167,0.3920125161453988,0.0004139072847682119,0.0004681647940069611,0.8247497440853799,0.8999190720258968,0.8999190720258968,0.8999190720258968,0.9998344370860928,0.2,0.1800073743919777,0.12448241775307947,0.4597752383212047,0.5076825321020637,0.14649439512293103,0.7840250322907976,0.7840250322907976,0.9304316965320513,0.4043955042223373,"[0.42252378740977, 0.3372244749200671, 0.19094759625521154, 0.049304141414951375]","[0.8841059602649006, 0.10102649006622516, 0.01445364238410596, 0.0004139072847682119]","[0.10008092797410305, 0.19989209603452926, 0.2999730240086323, 0.40005395198273536]","[0.44509419040205206, 0.3363403741791784, 0.17836892244392216, 0.04019651297484738]","[0.8936567012209979, 0.9438686512439356, 1.0077817395470643, 1.1546929079880026]",kl_projection,0.42252378740977,0.8841059602649006,0.10008092797410305,0.3372244749200671,0.10102649006622516,0.19989209603452926,0.19094759625521154,0.01445364238410596,0.2999730240086323,0.049304141414951375,0.0004139072847682119,0.40005395198273536,0.8247497440853799,0.8232606470307651,0.8999190720258968,1.0,1510,0.7237140952504558,0.8999190720258968,0.9993373094764745,1509,0.889994799400208,0.8999190720258968,1.0,1511,0.8619193149884681,0.8999190720258968,1.0,1510,0.48146154057259816,0.7873197342775525,0.23739700380413464,0.021686302251393452,0.0032947019867549665,0.0004849834214273596,0.0,B_ATTENUATED
ml1m/weighted_lightgcn/seed_1/legacy_a0.1,ml1m,weighted_lightgcn,1,legacy_a0.1,legacy,0.1,0.2381931419895301,0.14619296486453068,0.3904727810460611,0.00046357615894039735,0.000526177321756835,0.8232106476560365,0.8999190720258968,0.8999190720258968,0.8999190720258968,1.0,0.2,0.1801698490818353,0.12518765722945807,0.4466473815339384,0.49380635790623156,0.13879898916797923,0.7809455620921222,0.7809455620921222,0.9273807727943815,0.4021772853138869,"[0.4073668184814993, 0.33925358706107145, 0.19963618966744356, 0.053743404789985766]","[0.8810264900662251, 0.10347682119205298, 0.015033112582781456, 0.00046357615894039735]","[0.10008092797410305, 0.19989209603452926, 0.2999730240086323, 0.40005395198273536]","[0.44509419040205206, 0.3363403741791784, 0.17836892244392216, 0.04019651297484738]","[0.8613704007490167, 0.9492960281901206, 1.0533587373463045, 1.2583255509645215]",legacy_inverse_power,0.4073668184814993,0.8810264900662251,0.10008092797410305,0.33925358706107145,0.10347682119205298,0.19989209603452926,0.19963618966744356,0.015033112582781456,0.2999730240086323,0.053743404789985766,0.00046357615894039735,0.40005395198273536,0.8232106476560365,0.8216059290013344,0.8999190720258968,1.0,1510,0.7215280030991106,0.8999190720258968,1.0,1509,0.8888700023226844,0.8999190720258968,1.0,1511,0.8607278336849739,0.8999190720258968,1.0,1510,0.48146154057259816,0.7873197342775525,0.23739700380413464,0.03481415903865975,0.006374172185430349,0.0007961381853954508,0.0,B_ATTENUATED
ml1m/weighted_lightgcn/seed_1/legacy_a0.2,ml1m,weighted_lightgcn,1,legacy_a0.2,legacy,0.2,0.23840662320254585,0.14641767350802537,0.38727741680765043,0.0006456953642384106,0.0007382448701437764,0.8196689634966601,0.8999190720258968,0.8999190720258968,0.8999190720258968,0.9998344370860928,0.2,0.17994030008714593,0.12655169027213345,0.40774953863844265,0.4538801090272616,0.11636177324842066,0.7745548336153009,0.7745548336153009,0.9209854782233188,0.397186930970875,"[0.36902734457332587, 0.3386952180737491, 0.2211558985007155, 0.07112153885220952]","[0.8746357615894039, 0.1081953642384106, 0.01652317880794702, 0.0006456953642384106]","[0.10008092797410305, 0.19989209603452926, 0.2999730240086323, 0.40005395198273536]","[0.44509419040205206, 0.3363403741791784, 0.17836892244392216, 0.04019651297484738]","[0.7419589672865217, 0.9011629491375381, 1.1095646295438009, 1.5833831922101667]",legacy_inverse_power,0.36902734457332587,0.8746357615894039,0.10008092797410305,0.3386952180737491,0.1081953642384106,0.19989209603452926,0.2211558985007155,0.01652317880794702,0.2999730240086323,0.07112153885220952,0.0006456953642384106,0.40005395198273536,0.8196689634966601,0.8174357265742097,0.8999190720258968,1.0,1510,0.7156979353981318,0.8999190720258968,0.9993373094764745,1509,0.8878114579943108,0.8999190720258968,1.0,1511,0.8576167515546924,0.8999190720258968,1.0,1510,0.48146154057259816,0.7873197342775525,0.23739700380413464,0.0737120019341555,0.012764900662251666,0.00100961939841121,0.0,B_ATTENUATED
ml1m/weighted_lightgcn/seed_1/legacy_a0.4,ml1m,weighted_lightgcn,1,legacy_a0.4,legacy,0.4,0.23936223558652675,0.14771991880258162,0.3807873505824849,0.0010927152317880796,0.0012681577127031628,0.8116917162268625,0.8999190720258968,0.8999190720258968,0.8999190720258968,0.9996688741721854,0.2,0.18062667778435734,0.12842779834505028,0.31796619407557913,0.36404360316651296,0.07252642201516642,0.7615747011649698,0.7615747011649698,0.9080332857333777,0.3872560796009966,"[0.292205632649423, 0.3257335854347885, 0.2618793643050215, 0.12018141761076699]","[0.8616556291390729, 0.1176158940397351, 0.019635761589403975, 0.0010927152317880796]","[0.10008092797410305, 0.19989209603452926, 0.2999730240086323, 0.40005395198273536]","[0.44509419040205206, 0.3363403741791784, 0.17836892244392216, 0.04019651297484738]","[0.5505031091368817, 0.8120946608982652, 1.231133667134672, 2.5071023333736573]",legacy_inverse_power,0.292205632649423,0.8616556291390729,0.10008092797410305,0.3257335854347885,0.1176158940397351,0.19989209603452926,0.2618793643050215,0.019635761589403975,0.2999730240086323,0.12018141761076699,0.0010927152317880796,0.40005395198273536,0.8116917162268625,0.8088301530842849,0.8999190720258968,1.0,1510,0.7020500680835409,0.8999190720258968,0.998674618952949,1509,0.883776538814274,0.8999190720258968,1.0,1511,0.8519897562692381,0.8999190720258968,1.0,1510,0.48146154057259816,0.7873197342775525,0.23739700380413464,0.16349534649701902,0.025745033112582694,0.0019652317823921073,0.0,B_ATTENUATED
ml1m/weighted_lightgcn/seed_1/legacy_a0.8,ml1m,weighted_lightgcn,1,legacy_a0.8,legacy,0.8,0.24076352889068045,0.14815339309002132,0.3709363572050014,0.00326158940397351,0.003873834899904944,0.7986979707265829,0.8999190720258968,0.8999190720258968,0.8999190720258968,0.9985099337748344,0.2,0.18099331087906653,0.13101810380198906,0.1128492315670116,0.1354803489052939,0.009007592570296145,0.7418727144100028,0.7418727144100028,0.8874148503689208,0.3679752508679278,"[0.15333120524646301, 0.2521455947386272, 0.30731847959918607, 0.2872047204157238]","[0.841953642384106, 0.12771523178807948, 0.02706953642384106, 0.00326158940397351]","[0.10008092797410305, 0.19989209603452926, 0.2999730240086323, 0.40005395198273536]","[0.44509419040205206, 0.3363403741791784, 0.17836892244392216, 0.04019651297484738]","[0.3030536731693735, 0.6594977382594683, 1.5156901063524655, 6.285562110007637]",legacy_inverse_power,0.15333120524646301,0.841953642384106,0.10008092797410305,0.2521455947386272,0.12771523178807948,0.19989209603452926,0.30731847959918607,0.02706953642384106,0.2999730240086323,0.2872047204157238,0.00326158940397351,0.40005395198273536,0.7986979707265829,0.7936019201189086,0.8999190720258968,1.0,1510,0.6786606143196571,0.8999190720258968,0.9940357852882704,1509,0.8792780646270484,0.8999190720258968,1.0,1511,0.843118424602104,0.8999190720258968,1.0,1510,0.48146154057259816,0.7873197342775525,0.23739700380413464,0.36861230900558656,0.04544701986754973,0.0033665250865458074,0.0,B_ATTENUATED
ml1m/weighted_lightgcn/seed_2/baseline,ml1m,weighted_lightgcn,2,baseline,baseline,0.0,0.23865198485949649,0.1453620388521237,0.39409033071493516,0.0002814569536423841,0.00031686268662244624,0.8271329389360025,0.8999190720258968,0.8999190720258968,0.8999190720258968,0.9998344370860928,0.2,0.18355582862218178,0.1305842389468979,0.48169743560179323,0.5312470823677544,0.16111459180636958,0.7881806614298705,0.7881806614298705,0.9345995253338651,0.4077378116709379,"[0.4452642831336296, 0.336406176476796, 0.17832919275479456, 0.040000347634779866]","[0.8882615894039735, 0.09788079470198675, 0.013576158940397352, 0.0002814569536423841]","[0.10008092797410305, 0.19989209603452926, 0.2999730240086323, 0.40005395198273536]","[0.4452642831336296, 0.336406176476796, 0.17832919275479456, 0.040000347634779866]","[1.0, 1.0, 1.0, 1.0]",baseline,0.4452642831336296,0.8882615894039735,0.10008092797410305,0.336406176476796,0.09788079470198675,0.19989209603452926,0.17832919275479456,0.013576158940397352,0.2999730240086323,0.040000347634779866,0.0002814569536423841,0.40005395198273536,0.8271329389360025,0.8261733037728871,0.8999190720258968,1.0,1510,0.7265625382673833,0.8999190720258968,0.9993373094764745,1509,0.8905906456688357,0.8999190720258968,1.0,1511,0.8650966401492075,0.8999190720258968,1.0,1510,0.48169743560179323,0.7881806614298705,0.23865198485949649,0.0,0.0,0.0,0.0,BASELINE
ml1m/weighted_lightgcn/seed_2/kl_lam0.1,ml1m,weighted_lightgcn,2,kl_lam0.1,kl,0.1,0.23969002098168735,0.14557952859280082,0.37707874131096164,0.005380794701986755,0.006298937902155585,0.8009145307696017,0.8999190720258968,0.8999190720258968,0.8999190720258968,0.9981788079470199,0.2,0.18244235952691068,0.13195771907430676,0.06623176776263379,0.07353439097120631,0.0039596926967133544,0.7541574826219235,0.7541574826219235,0.8983715719516996,0.37067526065120626,"[0.15577755919896452, 0.2104272325723016, 0.267520198705716, 0.3662750095230179]","[0.8542384105960265, 0.11485099337748345, 0.02552980132450331, 0.005380794701986755]","[0.10008092797410305, 0.19989209603452926, 0.2999730240086323, 0.40005395198273536]","[0.4452642831336296, 0.336406176476796, 0.17832919275479456, 0.040000347634779866]","[0.12030424080736675, 0.2150957771745106, 0.5158554655111651, 3.1487445165069574]",kl_projection,0.15577755919896452,0.8542384105960265,0.10008092797410305,0.2104272325723016,0.11485099337748345,0.19989209603452926,0.267520198705716,0.02552980132450331,0.2999730240086323,0.3662750095230179,0.005380794701986755,0.40005395198273536,0.8009145307696017,0.7988312071130866,0.8999190720258968,1.0,1510,0.6750796721335507,0.8999190720258968,0.9927104042412194,1509,0.8828501607758372,0.8999190720258968,1.0,1511,0.8467594867058384,0.8999190720258968,1.0,1510,0.48169743560179323,0.7881806614298705,0.23865198485949649,0.41546566783915945,0.03402317880794703,0.0010380361221908607,0.0,B_ATTENUATED
ml1m/weighted_lightgcn/seed_2/kl_lam0.5,ml1m,weighted_lightgcn,2,kl_lam0.5,kl,0.5,0.2411196659878962,0.1471539534426448,0.38484364197321336,0.004122516556291391,0.004739787566142189,0.8123184837349063,0.8999190720258968,0.8999190720258968,0.8999190720258968,0.9993377483443708,0.2,0.18452003899243566,0.13255406897402458,0.17209268849837514,0.1839486774024104,0.020398269214235685,0.7696872839464267,0.7696872839464267,0.9149154555684151,0.38614030404009353,"[0.23146774480672003, 0.2405979677002874, 0.22133294654237382, 0.3066013409506187]","[0.8697682119205298, 0.10799668874172186, 0.018112582781456953, 0.004122516556291391]","[0.10008092797410305, 0.19989209603452926, 0.2999730240086323, 0.40005395198273536]","[0.4452642831336296, 0.336406176476796, 0.17832919275479456, 0.040000347634779866]","[0.20504302706783523, 0.2820982406995325, 0.4895488177281929, 3.023309914504439]",kl_projection,0.23146774480672003,0.8697682119205298,0.10008092797410305,0.2405979677002874,0.10799668874172186,0.19989209603452926,0.22133294654237382,0.018112582781456953,0.2999730240086323,0.3066013409506187,0.004122516556291391,0.40005395198273536,0.8123184837349063,0.8112774293130769,0.8999190720258968,1.0,1510,0.698268477436791,0.8999190720258968,0.9973492379058979,1509,0.8853638375677546,0.8999190720258968,1.0,1511,0.8542402864099956,0.8999190720258968,1.0,1510,0.48169743560179323,0.7881806614298705,0.23865198485949649,0.3096047471034181,0.018493377483443818,0.002467681128399707,0.0,B_ATTENUATED
ml1m/weighted_lightgcn/seed_2/kl_lam2.0,ml1m,weighted_lightgcn,2,kl_lam2.0,kl,2.0,0.2385043991129133,0.1453652129086249,0.38911516515202127,0.001109271523178808,0.0012629594721946036,0.819916700461093,0.8999190720258968,0.8999190720258968,0.8999190720258968,0.9998344370860928,0.2,0.18286688623729616,0.13087700328883192,0.3716097905816235,0.4085183879170596,0.08945849460990385,0.7782303303040425,0.7782303303040425,0.9245045249824234,0.39872388733558667,"[0.35601109179845536, 0.31557172279180046, 0.21152913281194627, 0.11688805259779786]","[0.8783112582781457, 0.10506622516556291, 0.015513245033112582, 0.001109271523178808]","[0.10008092797410305, 0.19989209603452926, 0.2999730240086323, 0.40005395198273536]","[0.4452642831336296, 0.336406176476796, 0.17832919275479456, 0.040000347634779866]","[0.5470781787926374, 0.641856351289983, 0.8116176229381972, 1.9994478469791828]",kl_projection,0.35601109179845536,0.8783112582781457,0.10008092797410305,0.31557172279180046,0.10506622516556291,0.19989209603452926,0.21152913281194627,0.015513245033112582,0.2999730240086323,0.11688805259779786,0.001109271523178808,0.40005395198273536,0.819916700461093,0.8180966740925079,0.8999190720258968,1.0,1510,0.713908224066267,0.8999190720258968,0.9993373094764745,1509,0.8882750308545709,0.8999190720258968,1.0,1511,0.8592713981245433,0.8999190720258968,1.0,1510,0.48169743560179323,0.7881806614298705,0.23865198485949649,0.11008764502016971,0.009950331125827994,-0.0001475857465831898,0.0006184140755002693,B_ATTENUATED
ml1m/weighted_lightgcn/seed_2/kl_lam8.0,ml1m,weighted_lightgcn,2,kl_lam8.0,kl,8.0,0.23832465063782732,0.1452838055205628,0.3923601982646041,0.00033112582781456954,0.00037423749111143665,0.8248657319158135,0.8999190720258968,0.8999190720258968,0.8999190720258968,0.9998344370860928,0.2,0.18339774704250783,0.13014303538639016,0.4600216625567528,0.5079669008911211,0.14671188194065224,0.7847203965292082,0.7847203965292082,0.931188098053518,0.4053293134888491,"[0.422693347945462, 0.3373013386199232, 0.190917419823843, 0.04908789361077185]","[0.8848013245033113, 0.1007615894039735, 0.014105960264900663, 0.00033112582781456954]","[0.10008092797410305, 0.19989209603452926, 0.2999730240086323, 0.40005395198273536]","[0.4452642831336296, 0.336406176476796, 0.17832919275479456, 0.040000347634779866]","[0.8935205272575216, 0.9437372218819847, 1.0076740934320665, 1.1550681574284274]",kl_projection,0.422693347945462,0.8848013245033113,0.10008092797410305,0.3373013386199232,0.1007615894039735,0.19989209603452926,0.190917419823843,0.014105960264900663,0.2999730240086323,0.04908789361077185,0.00033112582781456954,0.40005395198273536,0.8248657319158135,0.8234588580401851,0.8999190720258968,1.0,1510,0.7231184961090393,0.8999190720258968,0.9993373094764745,1509,0.8897305739387643,0.8999190720258968,1.0,1511,0.8630446604508741,0.8999190720258968,1.0,1510,0.48169743560179323,0.7881806614298705,0.23865198485949649,0.021675773045040425,0.003460264900662313,-0.0003273342216691677,0.0013715964770285981,B_ATTENUATED
ml1m/weighted_lightgcn/seed_2/legacy_a0.1,ml1m,weighted_lightgcn,2,legacy_a0.1,legacy,0.1,0.23809270667196764,0.14517289600935382,0.390812185019571,0.00033112582781456954,0.0003755515913994426,0.8230782821831615,0.8999190720258968,0.8999190720258968,0.8999190720258968,0.9998344370860928,0.2,0.1830656532920282,0.13012064354957883,0.44690419833997747,0.49410481341998846,0.1390194557725104,0.781624370039142,0.781624370039142,0.9281100771634666,0.40310546756316257,"[0.4075380135323312, 0.3393392088162786, 0.1996113970018601, 0.05351138064953015]","[0.881705298013245, 0.10314569536423841, 0.014817880794701987, 0.00033112582781456954]","[0.10008092797410305, 0.19989209603452926, 0.2999730240086323, 0.40005395198273536]","[0.4452642831336296, 0.336406176476796, 0.17832919275479456, 0.040000347634779866]","[0.8613374903985798, 0.9492774579726865, 1.0533822026123054, 1.2589412875748898]",legacy_inverse_power,0.4075380135323312,0.881705298013245,0.10008092797410305,0.3393392088162786,0.10314569536423841,0.19989209603452926,0.1996113970018601,0.014817880794701987,0.2999730240086323,0.05351138064953015,0.00033112582781456954,0.40005395198273536,0.8230782821831615,0.8213404387975496,0.8999190720258968,1.0,1510,0.7206007905449239,0.8999190720258968,0.9993373094764745,1509,0.8888707164455533,0.8999190720258968,1.0,1511,0.8613897459075991,0.8999190720258968,1.0,1510,0.48169743560179323,0.7881806614298705,0.23865198485949649,0.03479323726181577,0.0065562913907285525,-0.00055927818752885,0.0023434885230815003,B_ATTENUATED
ml1m/weighted_lightgcn/seed_2/legacy_a0.2,ml1m,weighted_lightgcn,2,legacy_a0.2,legacy,0.2,0.23802642696271764,0.1452443202078738,0.3879810591917564,0.00046357615894039735,0.0005291705252011423,0.8194538121006079,0.8999190720258968,0.8999190720258968,0.8999190720258968,0.9998344370860928,0.2,0.18287418817340592,0.13046683282549063,0.40802254480354516,0.454206560313863,0.1165726031620303,0.7759621183835128,0.7759621183835128,0.9224427892597917,0.39868586072612694,"[0.3691960511691128, 0.33879951764306465, 0.22114996907953893, 0.07085446210828363]","[0.8760430463576159, 0.10731788079470199, 0.01617549668874172, 0.00046357615894039735]","[0.10008092797410305, 0.19989209603452926, 0.2999730240086323, 0.40005395198273536]","[0.4452642831336296, 0.336406176476796, 0.17832919275479456, 0.040000347634779866]","[0.7419022723661235, 0.9011276922150855, 1.109614064780352, 1.5849331655607215]",legacy_inverse_power,0.3691960511691128,0.8760430463576159,0.10008092797410305,0.33879951764306465,0.10731788079470199,0.19989209603452926,0.22114996907953893,0.01617549668874172,0.2999730240086323,0.07085446210828363,0.00046357615894039735,0.40005395198273536,0.8194538121006079,0.8168389676234509,0.8999190720258968,1.0,1510,0.7149034575927227,0.8999190720258968,0.9993373094764745,1509,0.8879443919663319,0.8999190720258968,1.0,1511,0.8580138345746458,0.8999190720258968,1.0,1510,0.48169743560179323,0.7881806614298705,0.23865198485949649,0.07367489079824807,0.012218543046357722,-0.0006255578967788444,0.0026212138866020082,B_ATTENUATED
ml1m/weighted_lightgcn/seed_2/legacy_a0.4,ml1m,weighted_lightgcn,2,legacy_a0.4,legacy,0.4,0.23855952286903762,0.1456448484374261,0.38144132409241865,0.0009602649006622517,0.0011127525276736334,0.8115428033950446,0.8999190720258968,0.8999190720258968,0.8999190720258968,0.9996688741721854,0.2,0.18254069656974775,0.13122859697500644,0.3182457720082206,0.36440821824765196,0.07269192172376931,0.7628826481848373,0.7628826481848373,0.9093316894299805,0.3883136582009671,"[0.29235507655727505, 0.32586371945957787, 0.2619182298044432, 0.11986297417870395]","[0.8629635761589404, 0.11660596026490067, 0.019470198675496687, 0.0009602649006622517]","[0.10008092797410305, 0.19989209603452926, 0.2999730240086323, 0.40005395198273536]","[0.4452642831336296, 0.336406176476796, 0.17832919275479456, 0.040000347634779866]","[0.5504189817420176, 0.8120311176768858, 1.2312433727583756, 2.5120131392943295]",legacy_inverse_power,0.29235507655727505,0.8629635761589404,0.10008092797410305,0.32586371945957787,0.11660596026490067,0.19989209603452926,0.2619182298044432,0.019470198675496687,0.2999730240086323,0.11986297417870395,0.0009602649006622517,0.40005395198273536,0.8115428033950446,0.8075049887719135,0.8999190720258968,1.0,1510,0.7011238208729816,0.8999190720258968,0.998674618952949,1509,0.8847025954974196,0.8999190720258968,1.0,1511,0.8527182330904302,0.8999190720258968,1.0,1510,0.48169743560179323,0.7881806614298705,0.23865198485949649,0.16345166359357266,0.025298013245033224,-9.246199045886971e-05,0.00038743440794471336,B_ATTENUATED
ml1m/weighted_lightgcn/seed_2/legacy_a0.8,ml1m,weighted_lightgcn,2,legacy_a0.8,legacy,0.8,0.23827560303361153,0.14450723518380296,0.3708784101851339,0.003327814569536424,0.0039530355773155,0.7966294526017539,0.8999190720258968,0.8999190720258968,0.8999190720258968,0.998841059602649,0.2,0.18155435945335044,0.13163248454700874,0.11305175586805549,0.13570429108039328,0.009035621050122896,0.7417568203702678,0.7417568203702678,0.8870940317371672,0.3671516581018599,"[0.15338479335483698, 0.25222431190853695, 0.30738869862194623, 0.2870021961146799]","[0.8418377483443709, 0.1269205298013245, 0.02791390728476821, 0.003327814569536424]","[0.10008092797410305, 0.19989209603452926, 0.2999730240086323, 0.40005395198273536]","[0.4452642831336296, 0.336406176476796, 0.17832919275479456, 0.040000347634779866]","[0.3029610554619196, 0.6593945360755724, 1.51596024296142, 6.310210011987352]",legacy_inverse_power,0.15338479335483698,0.8418377483443709,0.10008092797410305,0.25222431190853695,0.1269205298013245,0.19989209603452926,0.30738869862194623,0.02791390728476821,0.2999730240086323,0.2870021961146799,0.003327814569536424,0.40005395198273536,0.7966294526017539,0.7908882425766894,0.8999190720258968,1.0,1510,0.672433611620449,0.8999190720258968,0.9953611663353215,1509,0.8812625942262807,0.8999190720258968,1.0,1511,0.8417950646441223,0.8999190720258968,1.0,1510,0.48169743560179323,0.7881806614298705,0.23865198485949649,0.36864567973373774,0.04642384105960273,-0.0003763818258849527,0.0015771158413224304,B_ATTENUATED
ml1m/weighted_neumf/seed_0/baseline,ml1m,weighted_neumf,0,baseline,baseline,0.0,0.23215419001627122,0.1483936843095158,0.32774099296659087,0.001837748344370861,0.0024322902971306223,0.7379571939252211,0.7000269759913677,0.8999190720258968,0.8999190720258968,0.9991721854304636,0.2,0.17319870500049542,0.13578515847916842,0.4817793780856189,0.531360391459119,0.1612268105053976,0.6554819859331817,0.6554819859331817,0.8072615443148152,0.32629575174641656,"[0.4453151867978243, 0.33643721529642695, 0.1783664393383517, 0.039881158567397074]","[0.7555629139072848, 0.19443708609271523, 0.04816225165562914, 0.001837748344370861]","[0.10008092797410305, 0.19989209603452926, 0.2999730240086323, 0.40005395198273536]","[0.4453151867978243, 0.33643721529642695, 0.1783664393383517, 0.039881158567397074]","[1.0, 1.0, 1.0, 1.0]",baseline,0.4453151867978243,0.7555629139072848,0.10008092797410305,0.33643721529642695,0.19443708609271523,0.19989209603452926,0.1783664393383517,0.04816225165562914,0.2999730240086323,0.039881158567397074,0.001837748344370861,0.40005395198273536,0.7379571939252211,0.7163461644963797,0.8999190720258968,1.0,1510,0.6135374248529147,0.7999190720258968,0.9966865473823724,1509,0.845799645330877,0.8999190720258968,1.0,1511,0.7759917249806612,0.8999190720258968,1.0,1510,0.4817793780856189,0.6554819859331817,0.23215419001627122,0.0,0.0,0.0,0.0,BASELINE
ml1m/weighted_neumf/seed_0/kl_lam0.1,ml1m,weighted_neumf,0,kl_lam0.1,kl,0.1,0.15191724992850172,0.09719134644743738,0.28760026448976966,0.13112582781456952,0.1941795179833837,0.6500768324469367,0.7000269759913677,0.8999190720258968,0.8999190720258968,0.9336092715231789,0.2,0.14205058338142404,0.02142429894603967,0.06625185704785205,0.07355439894400409,0.003961545196588832,0.5752005289795393,0.5752005289795393,0.6767536211377929,0.19419210662573677,"[0.15579055178398094, 0.21043432927250344, 0.26751584662946776, 0.36625927231404787]","[0.6752814569536424, 0.10966887417218543, 0.08392384105960266, 0.13112582781456952]","[0.10008092797410305, 0.19989209603452926, 0.2999730240086323, 0.40005395198273536]","[0.4453151867978243, 0.33643721529642695, 0.1783664393383517, 0.039881158567397074]","[0.12002619454014102, 0.21459272175641403, 0.514563288275911, 3.1508177954275336]",kl_projection,0.15579055178398094,0.6752814569536424,0.10008092797410305,0.21043432927250344,0.10966887417218543,0.19989209603452926,0.26751584662946776,0.08392384105960266,0.2999730240086323,0.36625927231404787,0.13112582781456952,0.40005395198273536,0.6500768324469367,0.6146052840786269,0.8999190720258968,0.9456953642384106,1510,0.3997210156916607,0.7999190720258968,0.805168986083499,1509,0.8487739313731494,0.8999190720258968,0.99933818663137,1511,0.7369097126074349,0.8999190720258968,0.9841059602649007,1510,0.4817793780856189,0.6554819859331817,0.23215419001627122,0.4155275210377668,0.08028145695364242,-0.08023694008776949,0.3456191769881295,B_ATTENUATED
ml1m/weighted_neumf/seed_0/kl_lam0.5,ml1m,weighted_neumf,0,kl_lam0.5,kl,0.5,0.18313227712569755,0.11134398295497448,0.3552161585295047,0.0669701986754967,0.08262690225707302,0.7528621169543211,0.8999190720258968,0.8999190720258968,0.8999190720258968,0.9784768211920529,0.2,0.1487124858896638,0.06647565689446716,0.17207200500233175,0.18392983314588415,0.020395378139651924,0.7104323170590094,0.7104323170590094,0.8365122451612694,0.2973518479755124,"[0.23146236422988434, 0.2405826647810797, 0.2213191584190211, 0.3066358125700148]","[0.8105132450331126, 0.09152317880794703, 0.030993377483443708, 0.0669701986754967]","[0.10008092797410305, 0.19989209603452926, 0.2999730240086323, 0.40005395198273536]","[0.4453151867978243, 0.33643721529642695, 0.1783664393383517, 0.039881158567397074]","[0.20454582374066654, 0.2814090367922192, 0.4882964936317549, 3.0257486458353595]",kl_projection,0.23146236422988434,0.8105132450331126,0.10008092797410305,0.2405826647810797,0.09152317880794703,0.19989209603452926,0.2213191584190211,0.030993377483443708,0.2999730240086323,0.3066358125700148,0.0669701986754967,0.40005395198273536,0.7528621169543211,0.7547900785519431,0.8999190720258968,0.9933774834437086,1510,0.5451046620197884,0.8999190720258968,0.9224652087475149,1509,0.8828482326440915,0.8999190720258968,1.0,1511,0.8284818233626375,0.8999190720258968,0.9980132450331126,1510,0.4817793780856189,0.6554819859331817,0.23215419001627122,0.3097073730832871,-0.0549503311258277,-0.04902191289057367,0.2111610084967143,D_FAILED_REVERSED
ml1m/weighted_neumf/seed_0/kl_lam2.0,ml1m,weighted_neumf,0,kl_lam2.0,kl,2.0,0.21510914751919294,0.13556971876229376,0.31269560720098183,0.012980132450331127,0.01822069350188016,0.7109105692291476,0.7000269759913677,0.8999190720258968,0.8999190720258968,0.9943708609271523,0.2,0.16137794113619172,0.11997549528177295,0.37164938389661073,0.408578739404651,0.08948959929614905,0.6253912144019637,0.6253912144019637,0.7626977126843848,0.2871317643561662,"[0.35603568345418035, 0.3155867244510628, 0.21155693055353658, 0.1168206615412204]","[0.7123841059602649, 0.21298013245033112, 0.06165562913907285, 0.012980132450331127]","[0.10008092797410305, 0.19989209603452926, 0.2999730240086323, 0.40005395198273536]","[0.4453151867978243, 0.33643721529642695, 0.1783664393383517, 0.039881158567397074]","[0.5464109794333811, 0.6410738954852203, 0.8106017018092684, 2.0019134232721303]",kl_projection,0.35603568345418035,0.7123841059602649,0.10008092797410305,0.3155867244510628,0.21298013245033112,0.19989209603452926,0.21155693055353658,0.06165562913907285,0.2999730240086323,0.1168206615412204,0.012980132450331127,0.40005395198273536,0.7109105692291476,0.6909896615852951,0.8999190720258968,0.9986754966887417,1510,0.5563530783646293,0.7000269759913677,0.9787939032471835,1509,0.8391189187751292,0.8999190720258968,1.0,1511,0.7569933560455697,0.8999190720258968,1.0,1510,0.4817793780856189,0.6554819859331817,0.23215419001627122,0.11012999418900815,0.030090771531218086,-0.017045042497078278,0.07342121413308812,B_ATTENUATED
ml1m/weighted_neumf/seed_0/kl_lam8.0,ml1m,weighted_neumf,0,kl_lam8.0,kl,8.0,0.22650083911435126,0.14521758230376228,0.3210151436248229,0.002533112582781457,0.0034622434432303156,0.7228299914069855,0.7000269759913677,0.8999190720258968,0.8999190720258968,0.9993377483443708,0.2,0.16810037664744126,0.1341255280858375,0.4601117765798128,0.5080930242817666,0.1468240277613599,0.6420302872496458,0.6420302872496458,0.7853553615829629,0.31352424909110793,"[0.42274710135928006, 0.33733769922916507, 0.1909591626463714, 0.04895603676518352]","[0.7316390728476821, 0.21036423841059604, 0.055463576158940396, 0.002533112582781457]","[0.10008092797410305, 0.19989209603452926, 0.2999730240086323, 0.40005395198273536]","[0.4453151867978243, 0.33643721529642695, 0.1783664393383517, 0.039881158567397074]","[0.8934480013109903, 0.9436631548002167, 1.0075892106435251, 1.1552996332452679]",kl_projection,0.42274710135928006,0.7316390728476821,0.10008092797410305,0.33733769922916507,0.21036423841059604,0.19989209603452926,0.1909591626463714,0.055463576158940396,0.2999730240086323,0.04895603676518352,0.002533112582781457,0.40005395198273536,0.7228299914069855,0.700391634226995,0.8999190720258968,1.0,1510,0.5935291050209845,0.7000269759913677,0.9973492379058979,1509,0.8354131209722353,0.8999190720258968,1.0,1511,0.7618259173176931,0.8999190720258968,1.0,1510,0.4817793780856189,0.6554819859331817,0.23215419001627122,0.0216676015058061,0.013451698683535906,-0.005653350901919957,0.02435170737828908,A_POSITIVE
ml1m/weighted_neumf/seed_0/legacy_a0.1,ml1m,weighted_neumf,0,legacy_a0.1,legacy,0.1,0.22360049243086477,0.14411503526395603,0.3154439515718428,0.003195364238410596,0.004522660167777261,0.7082647604228264,0.7000269759913677,0.8999190720258968,0.8999190720258968,0.998841059602649,0.2,0.16884532267146488,0.1285991432371967,0.44700111897656714,0.4942416482207893,0.13913481222516055,0.6308879031436856,0.6308879031436856,0.7619949164174168,0.299620812497125,"[0.40759457457538717, 0.3393795684098124, 0.19965608530084467, 0.05336977171395584]","[0.706523178807947, 0.22433774834437087, 0.06594370860927153, 0.003195364238410596]","[0.10008092797410305, 0.19989209603452926, 0.2999730240086323, 0.40005395198273536]","[0.4453151867978243, 0.33643721529642695, 0.1783664393383517, 0.039881158567397074]","[0.8613276440041389, 0.9492686998229944, 1.053360203756986, 1.2593170304283612]",legacy_inverse_power,0.40759457457538717,0.706523178807947,0.10008092797410305,0.3393795684098124,0.22433774834437087,0.19989209603452926,0.19965608530084467,0.06594370860927153,0.2999730240086323,0.05336977171395584,0.003195364238410596,0.40005395198273536,0.7082647604228264,0.6839073740926865,0.8999190720258968,1.0,1510,0.5762368867453493,0.7000269759913677,0.9953611663353215,1509,0.8252905542789618,0.8999190720258968,1.0,1511,0.747459290370643,0.8999190720258968,1.0,1510,0.4817793780856189,0.6554819859331817,0.23215419001627122,0.034778259109051746,0.024594082789496152,-0.008553697585406445,0.03684489857713502,A_POSITIVE
ml1m/weighted_neumf/seed_0/legacy_a0.2,ml1m,weighted_neumf,0,legacy_a0.2,legacy,0.2,0.21746749385313346,0.13541929318048582,0.3201624946182004,0.002682119205298013,0.0036628380211580617,0.7328269945708583,0.7000269759913677,0.8999190720258968,0.8999190720258968,0.9990066225165563,0.2,0.16620312415930463,0.121201511952685,0.40813316957885093,0.45436731049643325,0.11668616120437203,0.6403249892364008,0.6403249892364008,0.7852623323476736,0.31245036294167483,"[0.36925685587797447, 0.3388493377095088, 0.22120311837650497, 0.0706906880360118]","[0.7322516556291391, 0.20804635761589405, 0.057019867549668875, 0.002682119205298013]","[0.10008092797410305, 0.19989209603452926, 0.2999730240086323, 0.40005395198273536]","[0.4453151867978243, 0.33643721529642695, 0.1783664393383517, 0.039881158567397074]","[0.7418853103257206, 0.9011110644636383, 1.1095677188589592, 1.5858793831269058]",legacy_inverse_power,0.36925685587797447,0.7322516556291391,0.10008092797410305,0.3388493377095088,0.20804635761589405,0.19989209603452926,0.22120311837650497,0.057019867549668875,0.2999730240086323,0.0706906880360118,0.002682119205298013,0.40005395198273536,0.7328269945708583,0.7086009107523443,0.8999190720258968,1.0,1510,0.5972417808587732,0.7999190720258968,0.9960238568588469,1509,0.8506957252783606,0.8999190720258968,1.0,1511,0.7746017110996379,0.8999190720258968,1.0,1510,0.4817793780856189,0.6554819859331817,0.23215419001627122,0.07364620850676795,0.015156996696780944,-0.014686696163137752,0.06326267969623288,B_ATTENUATED
ml1m/weighted_neumf/seed_0/legacy_a0.4,ml1m,weighted_neumf,0,legacy_a0.4,legacy,0.4,0.20362452910350176,0.12695949775518442,0.30480653435329974,0.007516556291390728,0.010862283472086896,0.7060787046879271,0.7000269759913677,0.8999190720258968,0.8999190720258968,0.9971854304635761,0.2,0.16235627303439426,0.09821663895165117,0.3183726014641878,0.3646076713130051,0.07278519673691078,0.6096130687065995,0.6096130687065995,0.742881894562179,0.2796413469630518,"[0.29241709364256124, 0.3259285318302589, 0.26198864885245365, 0.11966572567472616]","[0.6919867549668874, 0.21759933774834436, 0.08289735099337749, 0.007516556291390728]","[0.10008092797410305, 0.19989209603452926, 0.2999730240086323, 0.40005395198273536]","[0.4453151867978243, 0.33643721529642695, 0.1783664393383517, 0.039881158567397074]","[0.5503938136770907, 0.8120011504987914, 1.2311405227338743, 2.5150134178269754]",legacy_inverse_power,0.29241709364256124,0.6919867549668874,0.10008092797410305,0.3259285318302589,0.21759933774834436,0.19989209603452926,0.26198864885245365,0.08289735099337749,0.2999730240086323,0.11966572567472616,0.007516556291390728,0.40005395198273536,0.7060787046879271,0.6788740292662709,0.8999190720258968,1.0,1510,0.5441026889646743,0.7000269759913677,0.9887342611000662,1509,0.8427578568244348,0.8999190720258968,1.0,1511,0.7583824588169509,0.8999190720258968,1.0,1510,0.4817793780856189,0.6554819859331817,0.23215419001627122,0.1634067766214311,0.04586891722658226,-0.028529660912769456,0.1228910014967633,B_ATTENUATED
ml1m/weighted_neumf/seed_0/legacy_a0.8,ml1m,weighted_neumf,0,legacy_a0.8,legacy,0.8,0.16039212944312117,0.10200523476760372,0.2616399995891074,0.06289735099337748,0.10090037449188351,0.6443923211322056,0.7000269759913677,0.8999190720258968,0.8999190720258968,0.9644039735099338,0.2,0.14535498253532494,0.030118113845331196,0.11317989635405634,0.13584112238230261,0.009052373421718031,0.5232799991782148,0.5232799991782148,0.6476632603996635,0.19338637612655588,"[0.1534113487662844, 0.25226686663261344, 0.3074477289724232, 0.28687405562867907]","[0.6233609271523178, 0.19241721854304636, 0.12132450331125828, 0.06289735099337748]","[0.10008092797410305, 0.19989209603452926, 0.2999730240086323, 0.40005395198273536]","[0.4453151867978243, 0.33643721529642695, 0.1783664393383517, 0.039881158567397074]","[0.30293335013401207, 0.6593458684113609, 1.5157069867174373, 6.325292491849724]",legacy_inverse_power,0.1534113487662844,0.6233609271523178,0.10008092797410305,0.25226686663261344,0.19241721854304636,0.19989209603452926,0.3074477289724232,0.12132450331125828,0.2999730240086323,0.28687405562867907,0.06289735099337748,0.40005395198273536,0.6443923211322056,0.6156291748026376,0.8999190720258968,0.9788079470198675,1510,0.41653102694863986,0.7000269759913677,0.8899933730947648,1509,0.8270119653071969,0.8999190720258968,0.99867637326274,1511,0.7181252757893156,0.8999190720258968,0.9900662251655629,1510,0.4817793780856189,0.6554819859331817,0.23215419001627122,0.36859948173156254,0.13220198675496697,-0.07176206057315004,0.3091137858339769,B_ATTENUATED
ml1m/weighted_neumf/seed_1/baseline,ml1m,weighted_neumf,1,baseline,baseline,0.0,0.23346120487171065,0.14845117412956804,0.3407873505824849,0.003774834437086093,0.004829280691343479,0.7536142111666312,0.7999190720258968,0.8999190720258968,0.8999190720258968,0.9990066225165563,0.2,0.1784765251632516,0.12641609277405771,0.48146154057259816,0.530977605729745,0.1608926009057936,0.6815747011649698,0.6815747011649698,0.8312558179842572,0.3373040269514957,"[0.44509419040205206, 0.3363403741791784, 0.17836892244392216, 0.04019651297484738]","[0.7816556291390728, 0.17705298013245033, 0.03751655629139073, 0.003774834437086093]","[0.10008092797410305, 0.19989209603452926, 0.2999730240086323, 0.40005395198273536]","[0.44509419040205206, 0.3363403741791784, 0.17836892244392216, 0.04019651297484738]","[1.0, 1.0, 1.0, 1.0]",baseline,0.44509419040205206,0.7816556291390728,0.10008092797410305,0.3363403741791784,0.17705298013245033,0.19989209603452926,0.17836892244392216,0.03751655629139073,0.2999730240086323,0.04019651297484738,0.003774834437086093,0.40005395198273536,0.7536142111666312,0.7281306888524842,0.8999190720258968,1.0,1510,0.6345394765656577,0.7999190720258968,0.9960238568588469,1509,0.8581051249563268,0.8999190720258968,1.0,1511,0.7935334975712676,0.8999190720258968,1.0,1510,0.48146154057259816,0.6815747011649698,0.23346120487171065,0.0,0.0,0.0,0.0,BASELINE
ml1m/weighted_neumf/seed_1/kl_lam0.1,ml1m,weighted_neumf,1,kl_lam0.1,kl,0.1,0.15440127737447418,0.10126572249310953,0.2673850327016902,0.14264900662251656,0.2246968313987855,0.6284117929744515,0.7000269759913677,0.8999190720258968,0.8999190720258968,0.9400662251655629,0.2,0.14703371649632913,0.017143764045614657,0.0661861306200866,0.07348597327465338,0.003954979003177837,0.5347700654033803,0.5347700654033803,0.6329071282762743,0.17323027912042296,"[0.15574292426565703, 0.2104162303630619, 0.26753991716982745, 0.3663009282014536]","[0.6348509933774834, 0.1314569536423841, 0.0910430463576159, 0.14264900662251656]","[0.10008092797410305, 0.19989209603452926, 0.2999730240086323, 0.40005395198273536]","[0.44509419040205206, 0.3363403741791784, 0.17836892244392216, 0.04019651297484738]","[0.12078156573033444, 0.21594566435350576, 0.517742308305502, 3.1455304616106576]",kl_projection,0.15574292426565703,0.6348509933774834,0.10008092797410305,0.2104162303630619,0.1314569536423841,0.19989209603452926,0.26753991716982745,0.0910430463576159,0.2999730240086323,0.3663009282014536,0.14264900662251656,0.40005395198273536,0.6284117929744515,0.5745532793694407,0.8999190720258968,0.9410596026490067,1510,0.38481552015128007,0.7000269759913677,0.8349900596421471,1509,0.8374600470571264,0.8999190720258968,0.99867637326274,1511,0.7165185607326036,0.8999190720258968,0.9854304635761589,1510,0.48146154057259816,0.6815747011649698,0.23346120487171065,0.41527540995251155,0.14680463576158942,-0.07905992749723648,0.3386426774447631,B_ATTENUATED
ml1m/weighted_neumf/seed_1/kl_lam0.5,ml1m,weighted_neumf,1,kl_lam0.5,kl,0.5,0.18240048594589373,0.1191734266579457,0.27154066184076303,0.11809602649006623,0.18361778258266817,0.6378555962676662,0.7000269759913677,0.8999190720258968,0.8999190720258968,0.9591059602649007,0.2,0.1556766631793582,0.04392367691660018,0.1720981497773575,0.18394859872032665,0.020395943526094983,0.5430813236815261,0.5430813236815261,0.6551240878978719,0.19141448362261523,"[0.2314491810897109, 0.24062199269627887, 0.22139582920643974, 0.3065329970075704]","[0.6431622516556291, 0.17096026490066224, 0.06778145695364238, 0.11809602649006623]","[0.10008092797410305, 0.19989209603452926, 0.2999730240086323, 0.40005395198273536]","[0.44509419040205206, 0.3363403741791784, 0.17836892244392216, 0.04019651297484738]","[0.20588986692397282, 0.28326151012953976, 0.4914524410025998, 3.019396181943888]",kl_projection,0.2314491810897109,0.6431622516556291,0.10008092797410305,0.24062199269627887,0.17096026490066224,0.19989209603452926,0.22139582920643974,0.06778145695364238,0.2999730240086323,0.3065329970075704,0.11809602649006623,0.40005395198273536,0.6378555962676662,0.6007845725913209,0.8999190720258968,0.976158940397351,1510,0.4131205036662499,0.7000269759913677,0.8694499668654738,1509,0.8227058579677455,0.8999190720258968,0.9980145598941098,1511,0.7145402022663405,0.8999190720258968,0.9927152317880795,1510,0.48146154057259816,0.6815747011649698,0.23346120487171065,0.30936339079524067,0.1384933774834437,-0.05106071892581693,0.21871179390972184,B_ATTENUATED
ml1m/weighted_neumf/seed_1/kl_lam2.0,ml1m,weighted_neumf,1,kl_lam2.0,kl,2.0,0.21800066792340156,0.13593710255053,0.33605225124473653,0.01847682119205298,0.023927958833588222,0.7433957636974616,0.7999190720258968,0.8999190720258968,0.8999190720258968,0.9923841059602649,0.2,0.1654486483827576,0.1122214668166868,0.3714711922887127,0.40836676073983824,0.08938881913587846,0.6721045024894731,0.6721045024894731,0.8145502220148573,0.30758381419816605,"[0.3559104242158896, 0.31553379208145554, 0.21156742045395374, 0.11698836324870128]","[0.7721854304635761, 0.16408940397350993, 0.04524834437086093, 0.01847682119205298]","[0.10008092797410305, 0.19989209603452926, 0.2999730240086323, 0.40005395198273536]","[0.44509419040205206, 0.3363403741791784, 0.17836892244392216, 0.04019651297484738]","[0.5482263804605653, 0.643188130285293, 0.8132063281774135, 1.9953791610767282]",kl_projection,0.3559104242158896,0.7721854304635761,0.10008092797410305,0.31553379208145554,0.16408940397350993,0.19989209603452926,0.21156742045395374,0.04524834437086093,0.2999730240086323,0.11698836324870128,0.01847682119205298,0.40005395198273536,0.7433957636974616,0.7300468596194418,0.8999190720258968,0.9993377483443708,1510,0.571716200414633,0.7999190720258968,0.9701789264413518,1509,0.8690868350199428,0.8999190720258968,1.0,1511,0.8025362255407257,0.8999190720258968,1.0,1510,0.48146154057259816,0.6815747011649698,0.23346120487171065,0.10999034828388543,0.0094701986754967,-0.015460536948309095,0.06622315239401262,B_ATTENUATED
ml1m/weighted_neumf/seed_1/kl_lam8.0,ml1m,weighted_neumf,1,kl_lam8.0,kl,8.0,0.2284755810627087,0.1452754017683886,0.3264744366752001,0.005827814569536424,0.007739155288778941,0.735936870820731,0.7000269759913677,0.8999190720258968,0.8999190720258968,0.997682119205298,0.2,0.17415568403643175,0.1243363322122801,0.4597752383212047,0.5076825321020637,0.14649439512293103,0.6529488733504003,0.6529488733504003,0.8027150850079037,0.31647310060821954,"[0.42252378740977, 0.3372244749200671, 0.19094759625521154, 0.049304141414951375]","[0.7530298013245033, 0.19120860927152317, 0.04993377483443709, 0.005827814569536424]","[0.10008092797410305, 0.19989209603452926, 0.2999730240086323, 0.40005395198273536]","[0.44509419040205206, 0.3363403741791784, 0.17836892244392216, 0.04019651297484738]","[0.8936567012209979, 0.9438686512439356, 1.0077817395470643, 1.1546929079880026]",kl_projection,0.42252378740977,0.7530298013245033,0.10008092797410305,0.3372244749200671,0.19120860927152317,0.19989209603452926,0.19094759625521154,0.04993377483443709,0.2999730240086323,0.049304141414951375,0.005827814569536424,0.40005395198273536,0.735936870820731,0.7072091997063011,0.8999190720258968,1.0,1510,0.6067117660908035,0.7999190720258968,0.9907223326706428,1509,0.8503645507979698,0.8999190720258968,1.0,1511,0.7793006072277792,0.8999190720258968,1.0,1510,0.48146154057259816,0.6815747011649698,0.23346120487171065,0.021686302251393452,0.02862582781456946,-0.004985623809001943,0.02135525605524736,C_AMPLIFIED
ml1m/weighted_neumf/seed_1/legacy_a0.1,ml1m,weighted_neumf,1,legacy_a0.1,legacy,0.1,0.22380929277922373,0.14104863959266256,0.31637110388972356,0.00640728476821192,0.008790260300719327,0.7231930641331863,0.7000269759913677,0.8999190720258968,0.8999190720258968,0.9975165562913907,0.2,0.16962855861134163,0.1239486335587826,0.4466473815339384,0.49380635790623156,0.13879898916797923,0.6327422077794471,0.6327422077794471,0.7794628259352887,0.3022020980467197,"[0.4073668184814993, 0.33925358706107145, 0.19963618966744356, 0.053743404789985766]","[0.7289072847682119, 0.20380794701986754, 0.06087748344370861, 0.00640728476821192]","[0.10008092797410305, 0.19989209603452926, 0.2999730240086323, 0.40005395198273536]","[0.44509419040205206, 0.3363403741791784, 0.17836892244392216, 0.04019651297484738]","[0.8613704007490167, 0.9492960281901206, 1.0533587373463045, 1.2583255509645215]",legacy_inverse_power,0.4073668184814993,0.7289072847682119,0.10008092797410305,0.33925358706107145,0.20380794701986754,0.19989209603452926,0.19963618966744356,0.06087748344370861,0.2999730240086323,0.053743404789985766,0.00640728476821192,0.40005395198273536,0.7231930641331863,0.6937043752914211,0.8999190720258968,1.0,1510,0.5807417521666155,0.7000269759913677,0.9900596421471173,1509,0.8467928117106152,0.8999190720258968,1.0,1511,0.7713571246094287,0.8999190720258968,1.0,1510,0.48146154057259816,0.6815747011649698,0.23346120487171065,0.03481415903865975,0.048832493385522646,-0.00965191209248692,0.04134268088691971,C_AMPLIFIED
ml1m/weighted_neumf/seed_1/legacy_a0.2,ml1m,weighted_neumf,1,legacy_a0.2,legacy,0.2,0.22402514734954362,0.13796080034517627,0.345539006211624,0.005629139072847682,0.007115054618498519,0.7606952034543559,0.7999190720258968,0.8999190720258968,0.8999190720258968,0.9975165562913907,0.2,0.1665287473586363,0.12285358599781862,0.40774953863844265,0.4538801090272616,0.11636177324842066,0.691078012423248,0.691078012423248,0.8376889883414433,0.33473414674478297,"[0.36902734457332587, 0.3386952180737491, 0.2211558985007155, 0.07112153885220952]","[0.791158940397351, 0.1623841059602649, 0.04082781456953642, 0.005629139072847682]","[0.10008092797410305, 0.19989209603452926, 0.2999730240086323, 0.40005395198273536]","[0.44509419040205206, 0.3363403741791784, 0.17836892244392216, 0.04019651297484738]","[0.7419589672865217, 0.9011629491375381, 1.1095646295438009, 1.5833831922101667]",legacy_inverse_power,0.36902734457332587,0.791158940397351,0.10008092797410305,0.3386952180737491,0.1623841059602649,0.19989209603452926,0.2211558985007155,0.04082781456953642,0.2999730240086323,0.07112153885220952,0.005629139072847682,0.40005395198273536,0.7606952034543559,0.7452737169879072,0.8999190720258968,1.0,1510,0.616978141938764,0.7999190720258968,0.9900596421471173,1509,0.8712043164442677,0.8999190720258968,1.0,1511,0.8091562767415145,0.8999190720258968,1.0,1510,0.48146154057259816,0.6815747011649698,0.23346120487171065,0.0737120019341555,-0.009503311258278191,-0.00943605752216703,0.04041809656277685,D_FAILED_REVERSED
ml1m/weighted_neumf/seed_1/legacy_a0.4,ml1m,weighted_neumf,1,legacy_a0.4,legacy,0.4,0.20887910322398567,0.13111503017491785,0.3001128257440282,0.0173841059602649,0.025413268146246462,0.693876365101285,0.7000269759913677,0.8999190720258968,0.8999190720258968,0.9943708609271523,0.2,0.1611183313980932,0.10074595748107415,0.31796619407557913,0.36404360316651296,0.07252642201516642,0.6002256514880564,0.6002256514880564,0.7314766137660352,0.2636173132345995,"[0.292205632649423, 0.3257335854347885, 0.2618793643050215, 0.12018141761076699]","[0.6840562913907284, 0.21614238410596026, 0.08241721854304636, 0.0173841059602649]","[0.10008092797410305, 0.19989209603452926, 0.2999730240086323, 0.40005395198273536]","[0.44509419040205206, 0.3363403741791784, 0.17836892244392216, 0.04019651297484738]","[0.5505031091368817, 0.8120946608982652, 1.231133667134672, 2.5071023333736573]",legacy_inverse_power,0.292205632649423,0.6840562913907284,0.10008092797410305,0.3257335854347885,0.21614238410596026,0.19989209603452926,0.2618793643050215,0.08241721854304636,0.2999730240086323,0.12018141761076699,0.0173841059602649,0.40005395198273536,0.693876365101285,0.6690734372236523,0.8999190720258968,1.0,1510,0.514147736546283,0.7000269759913677,0.9774685222001326,1509,0.8397793574572369,0.8999190720258968,1.0,1511,0.7522892790978942,0.8999190720258968,1.0,1510,0.48146154057259816,0.6815747011649698,0.23346120487171065,0.16349534649701902,0.08134904967691337,-0.02458210164772498,0.10529416080600243,B_ATTENUATED
ml1m/weighted_neumf/seed_1/legacy_a0.8,ml1m,weighted_neumf,1,legacy_a0.8,legacy,0.8,0.15341913756411368,0.10027169780893432,0.24239759395594873,0.06609271523178809,0.12538476034903032,0.595108288060712,0.6000269759913677,0.8999190720258968,0.8999190720258968,0.963907284768212,0.2,0.14385703558177945,0.022137055643751263,0.1128492315670116,0.1354803489052939,0.009007592570296145,0.48479518791189746,0.48479518791189746,0.5656664560458643,0.16087263513283617,"[0.15333120524646301, 0.2521455947386272, 0.30731847959918607, 0.2872047204157238]","[0.5271192052980133, 0.25764900662251655, 0.14913907284768213, 0.06609271523178809]","[0.10008092797410305, 0.19989209603452926, 0.2999730240086323, 0.40005395198273536]","[0.44509419040205206, 0.3363403741791784, 0.17836892244392216, 0.04019651297484738]","[0.3030536731693735, 0.6594977382594683, 1.5156901063524655, 6.285562110007637]",legacy_inverse_power,0.15333120524646301,0.5271192052980133,0.10008092797410305,0.2521455947386272,0.25764900662251655,0.19989209603452926,0.30731847959918607,0.14913907284768213,0.2999730240086323,0.2872047204157238,0.06609271523178809,0.40005395198273536,0.595108288060712,0.5488995939309379,0.7999190720258968,0.9635761589403974,1510,0.39772504260472596,0.6001079039654708,0.9065606361829026,1509,0.7797115907676052,0.8999190720258968,0.9980145598941098,1511,0.6538439537156302,0.8999190720258968,0.9874172185430463,1510,0.48146154057259816,0.6815747011649698,0.23346120487171065,0.36861230900558656,0.1967795132530723,-0.08004206730759697,0.3428495426106488,A_POSITIVE
ml1m/weighted_neumf/seed_2/baseline,ml1m,weighted_neumf,2,baseline,baseline,0.0,0.23658464872057103,0.14700559458084997,0.3348684764102995,0.0013079470198675497,0.001699034346299705,0.7517632606648955,0.7000269759913677,0.8999190720258968,0.8999190720258968,0.9998344370860928,0.2,0.17240801056711494,0.1460994509609261,0.48169743560179323,0.5312470823677544,0.16111459180636958,0.669736952820599,0.669736952820599,0.823120643229179,0.3405759087755962,"[0.4452642831336296, 0.336406176476796, 0.17832919275479456, 0.040000347634779866]","[0.769817880794702, 0.19336092715231787, 0.03551324503311258, 0.0013079470198675497]","[0.10008092797410305, 0.19989209603452926, 0.2999730240086323, 0.40005395198273536]","[0.4452642831336296, 0.336406176476796, 0.17832919275479456, 0.040000347634779866]","[1.0, 1.0, 1.0, 1.0]",baseline,0.4452642831336296,0.769817880794702,0.10008092797410305,0.336406176476796,0.19336092715231787,0.19989209603452926,0.17832919275479456,0.03551324503311258,0.2999730240086323,0.040000347634779866,0.0013079470198675497,0.40005395198273536,0.7517632606648955,0.7340246749928987,0.8999190720258968,1.0,1510,0.632027455802904,0.7999190720258968,0.9993373094764745,1509,0.8522183959122177,0.8999190720258968,1.0,1511,0.7886366941369202,0.8999190720258968,1.0,1510,0.48169743560179323,0.669736952820599,0.23658464872057103,0.0,0.0,0.0,0.0,BASELINE
ml1m/weighted_neumf/seed_2/kl_lam0.1,ml1m,weighted_neumf,2,kl_lam0.1,kl,0.1,0.14583509804761283,0.09971503856353557,0.20413172144341202,0.17713576158940397,0.3484562272009821,0.5436321698522751,0.5999190720258969,0.8999190720258968,0.8999190720258968,0.9193708609271524,0.2,0.13968698998222487,0.013704268336487052,0.06623176776263379,0.07353439097120631,0.0039596926967133544,0.40826344288682404,0.40826344288682404,0.49392270266072136,0.1132441473121267,"[0.15577755919896452, 0.2104272325723016, 0.267520198705716, 0.3662750095230179]","[0.5083443708609271, 0.17937086092715232, 0.13514900662251655, 0.17713576158940397]","[0.10008092797410305, 0.19989209603452926, 0.2999730240086323, 0.40005395198273536]","[0.4452642831336296, 0.336406176476796, 0.17832919275479456, 0.040000347634779866]","[0.12030424080736675, 0.2150957771745106, 0.5158554655111651, 3.1487445165069574]",kl_projection,0.15577755919896452,0.5083443708609271,0.10008092797410305,0.2104272325723016,0.17937086092715232,0.19989209603452926,0.267520198705716,0.13514900662251655,0.2999730240086323,0.3662750095230179,0.17713576158940397,0.40005395198273536,0.5436321698522751,0.47325494812927754,0.7999190720258968,0.9172185430463576,1510,0.33797867412913046,0.5999190720258969,0.7978793903247183,1509,0.762957357759668,0.8999190720258968,0.9947054930509597,1511,0.6000562565541833,0.8999190720258968,0.9675496688741722,1510,0.48169743560179323,0.669736952820599,0.23658464872057103,0.41546566783915945,0.26147350993377494,-0.0907495506729582,0.3835817377151214,A_POSITIVE
ml1m/weighted_neumf/seed_2/kl_lam0.5,ml1m,weighted_neumf,2,kl_lam0.5,kl,0.5,0.17982409031689336,0.1171300870081067,0.2752409929665908,0.11672185430463576,0.17941670484015787,0.6361015940845759,0.7000269759913677,0.8999190720258968,0.8999190720258968,0.9642384105960264,0.2,0.15181791874222145,0.055522907803286226,0.17209268849837514,0.1839486774024104,0.020398269214235685,0.5504819859331817,0.5504819859331817,0.6635102195033309,0.19634737400917665,"[0.23146774480672003, 0.2405979677002874, 0.22133294654237382, 0.3066013409506187]","[0.6505629139072848, 0.16940397350993378, 0.0633112582781457, 0.11672185430463576]","[0.10008092797410305, 0.19989209603452926, 0.2999730240086323, 0.40005395198273536]","[0.4452642831336296, 0.336406176476796, 0.17832919275479456, 0.040000347634779866]","[0.20504302706783523, 0.2820982406995325, 0.4895488177281929, 3.023309914504439]",kl_projection,0.23146774480672003,0.6505629139072848,0.10008092797410305,0.2405979677002874,0.16940397350993378,0.19989209603452926,0.22133294654237382,0.0633112582781457,0.2999730240086323,0.3066013409506187,0.11672185430463576,0.40005395198273536,0.6361015940845759,0.596549860028548,0.799919072025897,0.9741721854304636,1510,0.4145121895191212,0.7000269759913677,0.8899933730947648,1509,0.8244924327077557,0.8999190720258968,0.99933818663137,1511,0.7085803839880519,0.8999190720258968,0.9933774834437086,1510,0.48169743560179323,0.669736952820599,0.23658464872057103,0.3096047471034181,0.11925496688741732,-0.05676055840367766,0.2399164895551498,B_ATTENUATED
ml1m/weighted_neumf/seed_2/kl_lam2.0,ml1m,weighted_neumf,2,kl_lam2.0,kl,2.0,0.22072607884260642,0.13919462700522378,0.31148699792945866,0.01596026490066225,0.02273745783896565,0.7012111594852766,0.7000269759913677,0.8999190720258968,0.8999190720258968,0.9937086092715232,0.2,0.16644169559427313,0.12288441105116216,0.3716097905816235,0.4085183879170596,0.08945849460990385,0.6229739958589173,0.6229739958589173,0.7531723312189207,0.2806986370567748,"[0.35601109179845536, 0.31557172279180046, 0.21152913281194627, 0.11688805259779786]","[0.7019370860927152, 0.22100993377483444, 0.06109271523178808, 0.01596026490066225]","[0.10008092797410305, 0.19989209603452926, 0.2999730240086323, 0.40005395198273536]","[0.4452642831336296, 0.336406176476796, 0.17832919275479456, 0.040000347634779866]","[0.5470781787926374, 0.641856351289983, 0.8116176229381972, 1.9994478469791828]",kl_projection,0.35601109179845536,0.7019370860927152,0.10008092797410305,0.31557172279180046,0.22100993377483444,0.19989209603452926,0.21152913281194627,0.06109271523178808,0.2999730240086323,0.11688805259779786,0.01596026490066225,0.40005395198273536,0.7012111594852766,0.681786364440284,0.8999190720258968,0.9993377483443708,1510,0.5382025802205024,0.7000269759913677,0.975480450629556,1509,0.8334277344255603,0.8999190720258968,1.0,1511,0.7512324455076042,0.8999190720258968,1.0,1510,0.48169743560179323,0.669736952820599,0.23658464872057103,0.11008764502016971,0.046762956961681645,-0.015858569877964607,0.06703127174026868,B_ATTENUATED
ml1m/weighted_neumf/seed_2/kl_lam8.0,ml1m,weighted_neumf,2,kl_lam8.0,kl,8.0,0.23227538461846461,0.14454019913798105,0.32825852110826664,0.0020695364238410598,0.0027632247938597413,0.7395485675033988,0.7000269759913677,0.8999190720258968,0.8999190720258968,0.9995033112582782,0.2,0.16988143056801283,0.14073163554573556,0.4600216625567528,0.5079669008911211,0.14671188194065224,0.6565170422165333,0.6565170422165333,0.8039460155353761,0.3284307152271718,"[0.422693347945462, 0.3373013386199232, 0.190917419823843, 0.04908789361077185]","[0.7489569536423841, 0.20753311258278145, 0.04144039735099338, 0.0020695364238410598]","[0.10008092797410305, 0.19989209603452926, 0.2999730240086323, 0.40005395198273536]","[0.4452642831336296, 0.336406176476796, 0.17832919275479456, 0.040000347634779866]","[0.8935205272575216, 0.9437372218819847, 1.0076740934320665, 1.1550681574284274]",kl_projection,0.422693347945462,0.7489569536423841,0.10008092797410305,0.3373013386199232,0.20753311258278145,0.19989209603452926,0.190917419823843,0.04144039735099338,0.2999730240086323,0.04908789361077185,0.0020695364238410598,0.40005395198273536,0.7395485675033988,0.7194606945513857,0.8999190720258968,1.0,1510,0.6163249439609085,0.7000269759913677,0.9980119284294234,1509,0.8466606275676063,0.8999190720258968,1.0,1511,0.7755954637458754,0.8999190720258968,1.0,1510,0.48169743560179323,0.669736952820599,0.23658464872057103,0.021675773045040425,0.013219910604065688,-0.004309264102106414,0.018214470488303172,A_POSITIVE
ml1m/weighted_neumf/seed_2/legacy_a0.1,ml1m,weighted_neumf,2,legacy_a0.1,legacy,0.1,0.2325383495658323,0.14683831971309977,0.3251790509095911,0.0025662251655629137,0.0034723000067158824,0.7335239577173666,0.7000269759913677,0.8999190720258968,0.8999190720258968,0.9991721854304636,0.2,0.17145171752540703,0.13824093312148703,0.44690419833997747,0.49410481341998846,0.1390194557725104,0.6503581018191822,0.6503581018191822,0.7939515106798964,0.3207119771850401,"[0.4075380135323312, 0.3393392088162786, 0.1996113970018601, 0.05351138064953015]","[0.7390562913907285, 0.21127483443708608, 0.04710264900662252, 0.0025662251655629137]","[0.10008092797410305, 0.19989209603452926, 0.2999730240086323, 0.40005395198273536]","[0.4452642831336296, 0.336406176476796, 0.17832919275479456, 0.040000347634779866]","[0.8613374903985798, 0.9492774579726865, 1.0533822026123054, 1.2589412875748898]",legacy_inverse_power,0.4075380135323312,0.7390562913907285,0.10008092797410305,0.3393392088162786,0.21127483443708608,0.19989209603452926,0.1996113970018601,0.04710264900662252,0.2999730240086323,0.05351138064953015,0.0025662251655629137,0.40005395198273536,0.7335239577173666,0.7116483759917248,0.8999190720258968,1.0,1510,0.6028766703796643,0.7000269759913677,0.9966865473823724,1509,0.8450726503974003,0.8999190720258968,1.0,1511,0.7743377394119234,0.8999190720258968,1.0,1510,0.48169743560179323,0.669736952820599,0.23658464872057103,0.03479323726181577,0.019378851001416786,-0.004046299154738725,0.01710296579520588,A_POSITIVE
ml1m/weighted_neumf/seed_2/legacy_a0.2,ml1m,weighted_neumf,2,legacy_a0.2,legacy,0.2,0.22479960969230367,0.14134486519637093,0.3160068654791276,0.005,0.0071312191551056526,0.7105170547219596,0.7000269759913677,0.8999190720258968,0.8999190720258968,0.9990066225165563,0.2,0.16715710032099892,0.12881022862148014,0.40802254480354516,0.454206560313863,0.1165726031620303,0.6320137309582552,0.6320137309582552,0.7579251145024698,0.2963153747376881,"[0.3691960511691128, 0.33879951764306465, 0.22114996907953893, 0.07085446210828363]","[0.7011423841059603, 0.23084437086092716, 0.06301324503311258, 0.005]","[0.10008092797410305, 0.19989209603452926, 0.2999730240086323, 0.40005395198273536]","[0.4452642831336296, 0.336406176476796, 0.17832919275479456, 0.040000347634779866]","[0.7419022723661235, 0.9011276922150855, 1.109614064780352, 1.5849331655607215]",legacy_inverse_power,0.3691960511691128,0.7011423841059603,0.10008092797410305,0.33879951764306465,0.23084437086092716,0.19989209603452926,0.22114996907953893,0.06301324503311258,0.2999730240086323,0.07085446210828363,0.005,0.40005395198273536,0.7105170547219596,0.6841080861873993,0.7999190720258968,1.0,1510,0.5700786558412317,0.7000269759913677,0.9960238568588469,1509,0.8340899227086964,0.8999190720258968,1.0,1511,0.7536167122519236,0.8999190720258968,1.0,1510,0.48169743560179323,0.669736952820599,0.23658464872057103,0.07367489079824807,0.03772322186234378,-0.011785039028267358,0.04981320255561725,A_POSITIVE
ml1m/weighted_neumf/seed_2/legacy_a0.4,ml1m,weighted_neumf,2,legacy_a0.4,legacy,0.4,0.20959770000952452,0.13198296389400868,0.3012055409758163,0.012665562913907285,0.01894596067162454,0.684395465353716,0.7000269759913677,0.8999190720258968,0.8999190720258968,0.9955298013245033,0.2,0.16147174416774993,0.11036278934412394,0.3182457720082206,0.36440821824765196,0.07269192172376931,0.6024110819516326,0.6024110819516326,0.721505951863911,0.2649632576841838,"[0.29235507655727505, 0.32586371945957787, 0.2619182298044432, 0.11986297417870395]","[0.6685099337748345, 0.23387417218543047, 0.08495033112582781, 0.012665562913907285]","[0.10008092797410305, 0.19989209603452926, 0.2999730240086323, 0.40005395198273536]","[0.4452642831336296, 0.336406176476796, 0.17832919275479456, 0.040000347634779866]","[0.5504189817420176, 0.8120311176768858, 1.2312433727583756, 2.5120131392943295]",legacy_inverse_power,0.29235507655727505,0.6685099337748345,0.10008092797410305,0.32586371945957787,0.23387417218543047,0.19989209603452926,0.2619182298044432,0.08495033112582781,0.2999730240086323,0.11986297417870395,0.012665562913907285,0.40005395198273536,0.684395465353716,0.6560991823237583,0.7999190720258968,0.9993377483443708,1510,0.5168035041258607,0.7000269759913677,0.9827700463883366,1509,0.8297243289342771,0.8999190720258968,1.0,1511,0.7347476136966576,0.8999190720258968,1.0,1510,0.48169743560179323,0.669736952820599,0.23658464872057103,0.16345166359357266,0.06732587086896635,-0.02698694871104651,0.11406889186170596,B_ATTENUATED
ml1m/weighted_neumf/seed_2/legacy_a0.8,ml1m,weighted_neumf,2,legacy_a0.8,legacy,0.8,0.15052747624312407,0.09932459867781131,0.2063379913069421,0.10233443708609272,0.22946985446933993,0.5289929960679366,0.5001079039654707,0.7999190720258968,0.8999190720258968,0.9448675496688742,0.2,0.1357984746868137,0.037543784058836044,0.11305175586805549,0.13570429108039328,0.009035621050122896,0.4126759826138842,0.4126759826138842,0.4753379919679803,0.11560967199493169,"[0.15338479335483698, 0.25222431190853695, 0.30738869862194623, 0.2870021961146799]","[0.44596026490066226, 0.2666887417218543, 0.18501655629139072, 0.10233443708609272]","[0.10008092797410305, 0.19989209603452926, 0.2999730240086323, 0.40005395198273536]","[0.4452642831336296, 0.336406176476796, 0.17832919275479456, 0.040000347634779866]","[0.3029610554619196, 0.6593945360755724, 1.51596024296142, 6.310210011987352]",legacy_inverse_power,0.15338479335483698,0.44596026490066226,0.10008092797410305,0.25222431190853695,0.2666887417218543,0.19989209603452926,0.30738869862194623,0.18501655629139072,0.2999730240086323,0.2870021961146799,0.10233443708609272,0.40005395198273536,0.5289929960679366,0.47586693868946706,0.7000269759913677,0.9543046357615894,1510,0.33802116712547303,0.5001348799568384,0.8522200132538105,1509,0.7256538642884471,0.8999190720258968,0.9953673064195897,1511,0.5761733037728872,0.7999190720258968,0.9774834437086093,1510,0.48169743560179323,0.669736952820599,0.23658464872057103,0.36864567973373774,0.25706097020671476,-0.08605717247744696,0.3637479140884101,A_POSITIVE
ml1m/weighted_ngcf/seed_0/baseline,ml1m,weighted_ngcf,0,baseline,baseline,0.0,0.25606230290325305,0.16496875047478368,0.33427673302879646,0.00038079470198675497,0.000498872115217115,0.7546123719756966,0.7000269759913677,0.8999190720258968,0.8999190720258968,1.0,0.2,0.1955553566521606,0.13815228890493655,0.4817793780856189,0.531360391459119,0.1612268105053976,0.6685534660575929,0.6685534660575929,0.8197182808185709,0.3448323961496127,"[0.4453151867978243, 0.33643721529642695, 0.1783664393383517, 0.039881158567397074]","[0.7633112582781457, 0.20521523178807946, 0.031092715231788078, 0.00038079470198675497]","[0.10008092797410305, 0.19989209603452926, 0.2999730240086323, 0.40005395198273536]","[0.4453151867978243, 0.33643721529642695, 0.1783664393383517, 0.039881158567397074]","[1.0, 1.0, 1.0, 1.0]",baseline,0.4453151867978243,0.7633112582781457,0.10008092797410305,0.33643721529642695,0.20521523178807946,0.19989209603452926,0.1783664393383517,0.031092715231788078,0.2999730240086323,0.039881158567397074,0.00038079470198675497,0.40005395198273536,0.7546123719756966,0.7314460024617824,0.8999190720258968,1.0,1510,0.6411750698935601,0.7999190720258968,1.0,1509,0.8544009696360312,0.8999190720258968,1.0,1511,0.7912862367062851,0.8999190720258968,1.0,1510,0.4817793780856189,0.6685534660575929,0.25606230290325305,0.0,0.0,0.0,0.0,BASELINE
ml1m/weighted_ngcf/seed_0/kl_lam0.1,ml1m,weighted_ngcf,0,kl_lam0.1,kl,0.1,0.2564066014339417,0.1634494431546221,0.3397111916420875,0.00019867549668874172,0.00025487447432106977,0.7647412493278333,0.7999190720258968,0.8999190720258968,0.8999190720258968,1.0,0.2,0.19579814402766643,0.13866288101089969,0.06625185704785205,0.07355439894400409,0.003961545196588832,0.679422383284175,0.679422383284175,0.8342040634006378,0.353345824452977,"[0.15579055178398094, 0.21043432927250344, 0.26751584662946776, 0.36625927231404787]","[0.7795033112582781, 0.19299668874172185, 0.02730132450331126, 0.00019867549668874172]","[0.10008092797410305, 0.19989209603452926, 0.2999730240086323, 0.40005395198273536]","[0.4453151867978243, 0.33643721529642695, 0.1783664393383517, 0.039881158567397074]","[0.12002619454014102, 0.21459272175641403, 0.514563288275911, 3.1508177954275336]",kl_projection,0.15579055178398094,0.7795033112582781,0.10008092797410305,0.21043432927250344,0.19299668874172185,0.19989209603452926,0.26751584662946776,0.02730132450331126,0.2999730240086323,0.36625927231404787,0.00019867549668874172,0.40005395198273536,0.7647412493278333,0.7457449929165691,0.8999190720258968,1.0,1510,0.6511127462363666,0.7999190720258968,1.0,1509,0.8596940304862621,0.8999190720258968,1.0,1511,0.8022750943713074,0.8999190720258968,1.0,1510,0.4817793780856189,0.6685534660575929,0.25606230290325305,0.4155275210377668,-0.01086891722658212,0.0003442985306886803,0.0,D_FAILED_REVERSED
ml1m/weighted_ngcf/seed_0/kl_lam0.5,ml1m,weighted_ngcf,0,kl_lam0.5,kl,0.5,0.25737149387024844,0.16399105862730395,0.3351790509095911,0.00024834437086092715,0.00032290007319026346,0.7581874232926074,0.7000269759913677,0.8999190720258968,0.8999190720258968,1.0,0.2,0.19496661334178794,0.14060636412418565,0.17207200500233175,0.18392983314588415,0.020395378139651924,0.6703581018191822,0.6703581018191822,0.8250087556540026,0.34831553785773495,"[0.23146236422988434, 0.2405826647810797, 0.2213191584190211, 0.3066358125700148]","[0.7691059602649006, 0.2012251655629139, 0.029420529801324504, 0.00024834437086092715]","[0.10008092797410305, 0.19989209603452926, 0.2999730240086323, 0.40005395198273536]","[0.4453151867978243, 0.33643721529642695, 0.1783664393383517, 0.039881158567397074]","[0.20454582374066654, 0.2814090367922192, 0.4882964936317549, 3.0257486458353595]",kl_projection,0.23146236422988434,0.7691059602649006,0.10008092797410305,0.2405826647810797,0.2012251655629139,0.19989209603452926,0.2213191584190211,0.029420529801324504,0.2999730240086323,0.3066358125700148,0.00024834437086092715,0.40005395198273536,0.7581874232926074,0.7383302039992353,0.8999190720258968,1.0,1510,0.6455482195398778,0.7999190720258968,1.0,1509,0.8544011660198201,0.8999190720258968,1.0,1511,0.7943317904019064,0.8999190720258968,1.0,1510,0.4817793780856189,0.6685534660575929,0.25606230290325305,0.3097073730832871,-0.0018046357615892905,0.0013091909669953883,0.0,D_FAILED_REVERSED
ml1m/weighted_ngcf/seed_0/kl_lam2.0,ml1m,weighted_ngcf,0,kl_lam2.0,kl,2.0,0.2545525524137194,0.16260252089338384,0.3406549002513591,0.0001490066225165563,0.00019069412662065603,0.7668108438125829,0.7999190720258968,0.8999190720258968,0.8999190720258968,1.0,0.2,0.1936063922693956,0.1419500662406192,0.37164938389661073,0.408578739404651,0.08948959929614905,0.6813098005027182,0.6813098005027182,0.8371903303232928,0.3581429954493067,"[0.35603568345418035, 0.3155867244510628, 0.21155693055353658, 0.1168206615412204]","[0.7813907284768212, 0.19554635761589403, 0.022913907284768213, 0.0001490066225165563]","[0.10008092797410305, 0.19989209603452926, 0.2999730240086323, 0.40005395198273536]","[0.4453151867978243, 0.33643721529642695, 0.1783664393383517, 0.039881158567397074]","[0.5464109794333811, 0.6410738954852203, 0.8106017018092684, 2.0019134232721303]",kl_projection,0.35603568345418035,0.7813907284768212,0.10008092797410305,0.3155867244510628,0.19554635761589403,0.19989209603452926,0.21155693055353658,0.022913907284768213,0.2999730240086323,0.1168206615412204,0.0001490066225165563,0.40005395198273536,0.7668108438125829,0.7420381879994354,0.8999190720258968,1.0,1510,0.6636352016486639,0.7999190720258968,1.0,1509,0.8589665356667773,0.8999190720258968,1.0,1511,0.8024740914361053,0.8999190720258968,1.0,1510,0.4817793780856189,0.6685534660575929,0.25606230290325305,0.11012999418900815,-0.01275633444512525,-0.0015097504895336677,0.0058960279292031926,D_FAILED_REVERSED
ml1m/weighted_ngcf/seed_0/kl_lam8.0,ml1m,weighted_ngcf,0,kl_lam8.0,kl,8.0,0.25712947138122766,0.16650558376754762,0.33281150124071696,0.0006291390728476821,0.0008343396640673972,0.749001472960588,0.7000269759913677,0.8999190720258968,0.8999190720258968,0.9996688741721854,0.2,0.19686486020770513,0.13961928375041963,0.4601117765798128,0.5080930242817666,0.1468240277613599,0.6656230024814339,0.6656230024814339,0.811308264934457,0.33932734632783007,"[0.42274710135928006, 0.33733769922916507, 0.1909591626463714, 0.04895603676518352]","[0.7540562913907285, 0.21153973509933774, 0.03377483443708609, 0.0006291390728476821]","[0.10008092797410305, 0.19989209603452926, 0.2999730240086323, 0.40005395198273536]","[0.4453151867978243, 0.33643721529642695, 0.1783664393383517, 0.039881158567397074]","[0.8934480013109903, 0.9436631548002167, 1.0075892106435251, 1.1552996332452679]",kl_projection,0.42274710135928006,0.7540562913907285,0.10008092797410305,0.33733769922916507,0.21153973509933774,0.19989209603452926,0.1909591626463714,0.03377483443708609,0.2999730240086323,0.04895603676518352,0.0006291390728476821,0.40005395198273536,0.749001472960588,0.7253555918014425,0.8999190720258968,1.0,1510,0.6301769278225083,0.7000269759913677,0.998674618952949,1509,0.8547312871689794,0.8999190720258968,1.0,1511,0.7855933735531669,0.8999190720258968,1.0,1510,0.4817793780856189,0.6685534660575929,0.25606230290325305,0.0216676015058061,0.0029304635761590037,0.0010671684779746116,0.0,B_ATTENUATED
ml1m/weighted_ngcf/seed_0/legacy_a0.1,ml1m,weighted_ngcf,0,legacy_a0.1,legacy,0.1,0.25712313514744345,0.16351643155249895,0.3408204631652664,0.00024834437086092715,0.0003176889190100985,0.7657839071239841,0.7999190720258968,0.8999190720258968,0.8999190720258968,1.0,0.2,0.19436939115897098,0.14501844209259776,0.44700111897656714,0.4942416482207893,0.13913481222516055,0.6816409263305327,0.6816409263305327,0.8365825061436818,0.35546009256400946,"[0.40759457457538717, 0.3393795684098124, 0.19965608530084467, 0.05336977171395584]","[0.7817218543046358, 0.19253311258278147, 0.025496688741721854, 0.00024834437086092715]","[0.10008092797410305, 0.19989209603452926, 0.2999730240086323, 0.40005395198273536]","[0.4453151867978243, 0.33643721529642695, 0.1783664393383517, 0.039881158567397074]","[0.8613276440041389, 0.9492686998229944, 1.053360203756986, 1.2593170304283612]",legacy_inverse_power,0.40759457457538717,0.7817218543046358,0.10008092797410305,0.3393795684098124,0.19253311258278147,0.19989209603452926,0.19965608530084467,0.025496688741721854,0.2999730240086323,0.05336977171395584,0.00024834437086092715,0.40005395198273536,0.7657839071239841,0.7436931561373954,0.8999190720258968,1.0,1510,0.6568104724767124,0.7999190720258968,1.0,1509,0.8605535309180388,0.8999190720258968,1.0,1511,0.8019435397860142,0.8999190720258968,1.0,1510,0.4817793780856189,0.6685534660575929,0.25606230290325305,0.034778259109051746,-0.013087460272939833,0.0010608322441904017,0.0,D_FAILED_REVERSED
ml1m/weighted_ngcf/seed_0/legacy_a0.2,ml1m,weighted_ngcf,0,legacy_a0.2,legacy,0.2,0.25772727851562593,0.16389187143372444,0.3401664896553326,0.00031456953642384106,0.00040308038271369954,0.7647908288775307,0.7999190720258968,0.8999190720258968,0.8999190720258968,1.0,0.2,0.19816095210546777,0.1410654594726274,0.40813316957885093,0.45436731049643325,0.11668616120437203,0.6803329793106652,0.6803329793106652,0.8352103229600977,0.3541032234683229,"[0.36925685587797447, 0.3388493377095088, 0.22120311837650497, 0.0706906880360118]","[0.7804139072847682, 0.19294701986754967, 0.02632450331125828, 0.00031456953642384106]","[0.10008092797410305, 0.19989209603452926, 0.2999730240086323, 0.40005395198273536]","[0.4453151867978243, 0.33643721529642695, 0.1783664393383517, 0.039881158567397074]","[0.7418853103257206, 0.9011110644636383, 1.1095677188589592, 1.5858793831269058]",legacy_inverse_power,0.36925685587797447,0.7804139072847682,0.10008092797410305,0.3388493377095088,0.19294701986754967,0.19989209603452926,0.22120311837650497,0.02632450331125828,0.2999730240086323,0.0706906880360118,0.00031456953642384106,0.40005395198273536,0.7647908288775307,0.7432962160366015,0.8999190720258968,1.0,1510,0.6523715722033235,0.7999190720258968,1.0,1509,0.861413888297258,0.8999190720258968,1.0,1511,0.8019432003530101,0.8999190720258968,1.0,1510,0.4817793780856189,0.6685534660575929,0.25606230290325305,0.07364620850676795,-0.011779513253072249,0.0016649756123728876,0.0,D_FAILED_REVERSED
ml1m/weighted_ngcf/seed_0/legacy_a0.4,ml1m,weighted_ngcf,0,legacy_a0.4,legacy,0.4,0.25571140662320074,0.16377391157390173,0.33778238369506763,0.0003642384105960265,0.0004695938013612166,0.7622923518598249,0.7000269759913677,0.8999190720258968,0.8999190720258968,1.0,0.2,0.19610947444426,0.1388349003943727,0.3183726014641878,0.3646076713130051,0.07278519673691078,0.6755647673901353,0.6755647673901353,0.8312107721714689,0.35235786931266466,"[0.29241709364256124, 0.3259285318302589, 0.26198864885245365, 0.11966572567472616]","[0.7756456953642384, 0.19745033112582783, 0.026539735099337748, 0.0003642384105960265]","[0.10008092797410305, 0.19989209603452926, 0.2999730240086323, 0.40005395198273536]","[0.4453151867978243, 0.33643721529642695, 0.1783664393383517, 0.039881158567397074]","[0.5503938136770907, 0.8120011504987914, 1.2311405227338743, 2.5150134178269754]",legacy_inverse_power,0.29241709364256124,0.7756456953642384,0.10008092797410305,0.3259285318302589,0.19745033112582783,0.19989209603452926,0.26198864885245365,0.026539735099337748,0.2999730240086323,0.11966572567472616,0.0003642384105960265,0.40005395198273536,0.7622923518598249,0.7388612558663848,0.8999190720258968,1.0,1510,0.6526373456053536,0.7999190720258968,1.0,1509,0.8596944589599835,0.8999190720258968,1.0,1511,0.7978392230914486,0.8999190720258968,1.0,1510,0.4817793780856189,0.6685534660575929,0.25606230290325305,0.1634067766214311,-0.007011301332542352,-0.0003508962800523041,0.0013703550896551992,D_FAILED_REVERSED
ml1m/weighted_ngcf/seed_0/legacy_a0.8,ml1m,weighted_ngcf,0,legacy_a0.8,legacy,0.8,0.256316669086303,0.164016346356533,0.3353446138234984,0.00023178807947019868,0.0003010817436930217,0.7602066834358481,0.7000269759913677,0.8999190720258968,0.8999190720258968,1.0,0.2,0.19617744281169142,0.1382186057211232,0.11317989635405634,0.13584112238230261,0.009052373421718031,0.6706892276469968,0.6706892276469968,0.8257236307258734,0.3488549749075736,"[0.1534113487662844, 0.25226686663261344, 0.3074477289724232, 0.28687405562867907]","[0.7698509933774834, 0.2008112582781457, 0.02910596026490066, 0.00023178807947019868]","[0.10008092797410305, 0.19989209603452926, 0.2999730240086323, 0.40005395198273536]","[0.4453151867978243, 0.33643721529642695, 0.1783664393383517, 0.039881158567397074]","[0.30293335013401207, 0.6593458684113609, 1.5157069867174373, 6.325292491849724]",legacy_inverse_power,0.1534113487662844,0.7698509933774834,0.10008092797410305,0.25226686663261344,0.2008112582781457,0.19989209603452926,0.3074477289724232,0.02910596026490066,0.2999730240086323,0.28687405562867907,0.00023178807947019868,0.40005395198273536,0.7602066834358481,0.741178082632285,0.8999190720258968,1.0,1510,0.6468730285314461,0.7999190720258968,1.0,1509,0.8548644353778612,0.8999190720258968,1.0,1511,0.7977734445482594,0.8999190720258968,1.0,1510,0.4817793780856189,0.6685534660575929,0.25606230290325305,0.36859948173156254,-0.002135761589403873,0.00025436618304996994,0.0,D_FAILED_REVERSED
ml1m/weighted_ngcf/seed_1/baseline,ml1m,weighted_ngcf,1,baseline,baseline,0.0,0.25426425500168914,0.16562540469473272,0.3327783886579355,0.0006456953642384106,0.0008599589865702645,0.7489850640545808,0.7000269759913677,0.8999190720258968,0.8999190720258968,1.0,0.2,0.1955260482244049,0.13173660049982933,0.48146154057259816,0.530977605729745,0.1608926009057936,0.665556777315871,0.665556777315871,0.8087483489107535,0.33837701215911087,"[0.44509419040205206, 0.3363403741791784, 0.17836892244392216, 0.04019651297484738]","[0.7508443708609271, 0.21468543046357616, 0.033824503311258275, 0.0006456953642384106]","[0.10008092797410305, 0.19989209603452926, 0.2999730240086323, 0.40005395198273536]","[0.44509419040205206, 0.3363403741791784, 0.17836892244392216, 0.04019651297484738]","[1.0, 1.0, 1.0, 1.0]",baseline,0.44509419040205206,0.7508443708609271,0.10008092797410305,0.3363403741791784,0.21468543046357616,0.19989209603452926,0.17836892244392216,0.033824503311258275,0.2999730240086323,0.04019651297484738,0.0006456953642384106,0.40005395198273536,0.7489850640545808,0.7246265611685071,0.8999190720258968,1.0,1510,0.6361391403400477,0.7999190720258968,1.0,1509,0.8502327594225388,0.8999190720258968,1.0,1511,0.7848000114335327,0.8999190720258968,1.0,1510,0.48146154057259816,0.665556777315871,0.25426425500168914,0.0,0.0,0.0,0.0,BASELINE
ml1m/weighted_ngcf/seed_1/kl_lam0.1,ml1m,weighted_ngcf,1,kl_lam0.1,kl,0.1,0.2528155562076502,0.16306267492117552,0.33250520984998844,0.0004966887417218543,0.0006693440428371168,0.7451457998738737,0.7000269759913677,0.8999190720258968,0.8999190720258968,1.0,0.2,0.19601691931758855,0.12867053625236383,0.0661861306200866,0.07348597327465338,0.003954979003177837,0.6650104196999769,0.6650104196999769,0.8017295473001219,0.33595020818489074,"[0.15574292426565703, 0.2104162303630619, 0.26753991716982745, 0.3663009282014536]","[0.7420529801324504, 0.22293046357615895, 0.034519867549668876, 0.0004966887417218543]","[0.10008092797410305, 0.19989209603452926, 0.2999730240086323, 0.40005395198273536]","[0.44509419040205206, 0.3363403741791784, 0.17836892244392216, 0.04019651297484738]","[0.12078156573033444, 0.21594566435350576, 0.517742308305502, 3.1455304616106576]",kl_projection,0.15574292426565703,0.7420529801324504,0.10008092797410305,0.2104162303630619,0.22293046357615895,0.19989209603452926,0.26753991716982745,0.034519867549668876,0.2999730240086323,0.3663009282014536,0.0004966887417218543,0.40005395198273536,0.7451457998738737,0.7224428993295303,0.8999190720258968,1.0,1510,0.6301118386345894,0.7001079039654707,1.0,1509,0.8473880509748044,0.8999190720258968,1.0,1511,0.7804965190252198,0.8999190720258968,1.0,1510,0.48146154057259816,0.665556777315871,0.25426425500168914,0.41527540995251155,0.0005463576158941663,-0.0014486987940389162,0.005697610912824896,B_ATTENUATED
ml1m/weighted_ngcf/seed_1/kl_lam0.5,ml1m,weighted_ngcf,1,kl_lam0.5,kl,0.5,0.2550550141902005,0.1652881534560578,0.33292739528045207,0.0005298013245033113,0.0007093141818494737,0.7474794955668264,0.7000269759913677,0.8999190720258968,0.8999190720258968,1.0,0.2,0.1981491853428069,0.12966193204106125,0.1720981497773575,0.18394859872032665,0.020395943526094983,0.665854790560904,0.665854790560904,0.8058005985383259,0.33783070039686963,"[0.2314491810897109, 0.24062199269627887, 0.22139582920643974, 0.3065329970075704]","[0.7469205298013245, 0.21890728476821192, 0.033642384105960266, 0.0005298013245033113]","[0.10008092797410305, 0.19989209603452926, 0.2999730240086323, 0.40005395198273536]","[0.44509419040205206, 0.3363403741791784, 0.17836892244392216, 0.04019651297484738]","[0.20588986692397282, 0.28326151012953976, 0.4914524410025998, 3.019396181943888]",kl_projection,0.2314491810897109,0.7469205298013245,0.10008092797410305,0.24062199269627887,0.21890728476821192,0.19989209603452926,0.22139582920643974,0.033642384105960266,0.2999730240086323,0.3065329970075704,0.0005298013245033113,0.40005395198273536,0.7474794955668264,0.723701088150751,0.8999190720258968,1.0,1510,0.6333582892537769,0.7000269759913677,1.0,1509,0.8483144111601694,0.8999190720258968,1.0,1511,0.7844018386549878,0.8999190720258968,1.0,1510,0.48146154057259816,0.665556777315871,0.25426425500168914,0.30936339079524067,-0.00029801324503297977,0.0007907591885113474,0.0,D_FAILED_REVERSED
ml1m/weighted_ngcf/seed_1/kl_lam2.0,ml1m,weighted_ngcf,1,kl_lam2.0,kl,2.0,0.2548503715479878,0.1656627889828933,0.3334075277307832,0.0005298013245033113,0.0007017082209494467,0.7516994427939268,0.7000269759913677,0.8999190720258968,0.8999190720258968,1.0,0.2,0.19991756739405708,0.12743062285578377,0.3714711922887127,0.40836676073983824,0.08938881913587846,0.6668150554615663,0.6668150554615663,0.8124935524534354,0.340774875028661,"[0.3559104242158896, 0.31553379208145554, 0.21156742045395374, 0.11698836324870128]","[0.7550165562913908, 0.21177152317880796, 0.03268211920529801, 0.0005298013245033113]","[0.10008092797410305, 0.19989209603452926, 0.2999730240086323, 0.40005395198273536]","[0.44509419040205206, 0.3363403741791784, 0.17836892244392216, 0.04019651297484738]","[0.5482263804605653, 0.643188130285293, 0.8132063281774135, 1.9953791610767282]",kl_projection,0.3559104242158896,0.7550165562913908,0.10008092797410305,0.31553379208145554,0.21177152317880796,0.19989209603452926,0.21156742045395374,0.03268211920529801,0.2999730240086323,0.11698836324870128,0.0005298013245033113,0.40005395198273536,0.7516994427939268,0.7250899944082879,0.8999190720258968,1.0,1510,0.6398501178881213,0.7999190720258968,1.0,1509,0.8530110187373343,0.8999190720258968,1.0,1511,0.7887054739824602,0.8999190720258968,1.0,1510,0.48146154057259816,0.665556777315871,0.25426425500168914,0.10999034828388543,-0.0012582781456952352,0.0005861165462986428,0.0,D_FAILED_REVERSED
ml1m/weighted_ngcf/seed_1/kl_lam8.0,ml1m,weighted_ngcf,1,kl_lam8.0,kl,8.0,0.25236048004303624,0.16344211338467501,0.33295222971753813,0.0005794701986754967,0.0007726610446367022,0.7481081656861817,0.7000269759913677,0.8999190720258968,0.8999190720258968,1.0,0.2,0.19266203744878924,0.13424325782494062,0.4597752383212047,0.5076825321020637,0.14649439512293103,0.6659044594350763,0.6659044594350763,0.8081912813258105,0.3385670444841883,"[0.42252378740977, 0.3372244749200671, 0.19094759625521154, 0.049304141414951375]","[0.7499668874172185, 0.21591059602649007, 0.033543046357615895, 0.0005794701986754967]","[0.10008092797410305, 0.19989209603452926, 0.2999730240086323, 0.40005395198273536]","[0.44509419040205206, 0.3363403741791784, 0.17836892244392216, 0.04019651297484738]","[0.8936567012209979, 0.9438686512439356, 1.0077817395470643, 1.1546929079880026]",kl_projection,0.42252378740977,0.7499668874172185,0.10008092797410305,0.3372244749200671,0.21591059602649007,0.19989209603452926,0.19094759625521154,0.033543046357615895,0.2999730240086323,0.049304141414951375,0.0005794701986754967,0.40005395198273536,0.7481081656861817,0.7225745993350687,0.8999190720258968,1.0,1510,0.6378614921387957,0.7999190720258968,1.0,1509,0.8482487832685295,0.8999190720258968,1.0,1511,0.7836084586704587,0.8999190720258968,1.0,1510,0.48146154057259816,0.665556777315871,0.25426425500168914,0.021686302251393452,-0.0003476821192052171,-0.001903774958652904,0.0074873873193078465,D_FAILED_REVERSED
ml1m/weighted_ngcf/seed_1/legacy_a0.1,ml1m,weighted_ngcf,1,legacy_a0.1,legacy,0.1,0.2539345994246053,0.16368990415032544,0.33339097143939245,0.0005463576158940398,0.00072746511474012,0.7484883485155165,0.7000269759913677,0.8999190720258968,0.8999190720258968,1.0,0.2,0.19501732036733035,0.13292411950944907,0.4466473815339384,0.49380635790623156,0.13879898916797923,0.6667819428787849,0.6667819428787849,0.8093477878802637,0.3396480743374365,"[0.4073668184814993, 0.33925358706107145, 0.19963618966744356, 0.053743404789985766]","[0.7510430463576159, 0.21571192052980132, 0.03269867549668874, 0.0005463576158940398]","[0.10008092797410305, 0.19989209603452926, 0.2999730240086323, 0.40005395198273536]","[0.44509419040205206, 0.3363403741791784, 0.17836892244392216, 0.04019651297484738]","[0.8613704007490167, 0.9492960281901206, 1.0533587373463045, 1.2583255509645215]",legacy_inverse_power,0.4073668184814993,0.7510430463576159,0.10008092797410305,0.33925358706107145,0.21571192052980132,0.19989209603452926,0.19963618966744356,0.03269867549668874,0.2999730240086323,0.053743404789985766,0.0005463576158940398,0.40005395198273536,0.7484883485155165,0.7229719145986562,0.8999190720258968,1.0,1510,0.6370665137848389,0.7999190720258968,1.0,1509,0.8485125088439653,0.8999190720258968,1.0,1511,0.7852624263743017,0.8999190720258968,1.0,1510,0.48146154057259816,0.665556777315871,0.25426425500168914,0.03481415903865975,-0.0012251655629138547,-0.00032965557708386495,0.0012965077497097458,D_FAILED_REVERSED
ml1m/weighted_ngcf/seed_1/legacy_a0.2,ml1m,weighted_ngcf,1,legacy_a0.2,legacy,0.2,0.25213050186146,0.1626911855515755,0.33404494494932624,0.00038079470198675497,0.0005108953997194327,0.7473971116037852,0.7000269759913677,0.8999190720258968,0.8999190720258968,1.0,0.2,0.19446260420468603,0.1303899800480886,0.40774953863844265,0.4538801090272616,0.11636177324842066,0.6680898898986525,0.6680898898986525,0.8054044043402135,0.33963048345623204,"[0.36902734457332587, 0.3386952180737491, 0.2211558985007155, 0.07112153885220952]","[0.7453476821192053, 0.22271523178807948, 0.03155629139072848, 0.00038079470198675497]","[0.10008092797410305, 0.19989209603452926, 0.2999730240086323, 0.40005395198273536]","[0.44509419040205206, 0.3363403741791784, 0.17836892244392216, 0.04019651297484738]","[0.7419589672865217, 0.9011629491375381, 1.1095646295438009, 1.5833831922101667]",legacy_inverse_power,0.36902734457332587,0.7453476821192053,0.10008092797410305,0.3386952180737491,0.22271523178807948,0.19989209603452926,0.2211558985007155,0.03155629139072848,0.2999730240086323,0.07112153885220952,0.00038079470198675497,0.40005395198273536,0.7473971116037852,0.7247603692316487,0.8999190720258968,1.0,1510,0.6372665186830639,0.7999190720258968,1.0,1509,0.8445443780052297,0.8999190720258968,1.0,1511,0.782879910389687,0.8999190720258968,1.0,1510,0.48146154057259816,0.665556777315871,0.25426425500168914,0.0737120019341555,-0.0025331125827814382,-0.002133753140229122,0.008391872228422147,D_FAILED_REVERSED
ml1m/weighted_ngcf/seed_1/legacy_a0.4,ml1m,weighted_ngcf,1,legacy_a0.4,legacy,0.4,0.25482290358261955,0.16466231353699887,0.33285289196919376,0.0004966887417218543,0.0006622224184353892,0.7491841102478398,0.7000269759913677,0.8999190720258968,0.8999190720258968,1.0,0.2,0.1967235518864341,0.13206295074869262,0.31796619407557913,0.36404360316651296,0.07252642201516642,0.6657057839383875,0.6657057839383875,0.8081875152756839,0.3386007774431722,"[0.292205632649423, 0.3257335854347885, 0.2618793643050215, 0.12018141761076699]","[0.7500331125827815, 0.21564569536423842, 0.033824503311258275, 0.0004966887417218543]","[0.10008092797410305, 0.19989209603452926, 0.2999730240086323, 0.40005395198273536]","[0.44509419040205206, 0.3363403741791784, 0.17836892244392216, 0.04019651297484738]","[0.5505031091368817, 0.8120946608982652, 1.231133667134672, 2.5071023333736573]",legacy_inverse_power,0.292205632649423,0.7500331125827815,0.10008092797410305,0.3257335854347885,0.21564569536423842,0.19989209603452926,0.2618793643050215,0.033824503311258275,0.2999730240086323,0.12018141761076699,0.0004966887417218543,0.40005395198273536,0.7491841102478398,0.7244293148634138,0.8999190720258968,1.0,1510,0.6367364735246466,0.7001079039654707,1.0,1509,0.8502324023611043,0.8999190720258968,1.0,1511,0.7851968622098516,0.8999190720258968,1.0,1510,0.48146154057259816,0.665556777315871,0.25426425500168914,0.16349534649701902,-0.00014900662251648988,0.0005586485809304098,0.0,D_FAILED_REVERSED
ml1m/weighted_ngcf/seed_1/legacy_a0.8,ml1m,weighted_ngcf,1,legacy_a0.8,legacy,0.8,0.2536474052931933,0.16226013956725946,0.3368926270685315,0.00019867549668874172,0.00025905617201296043,0.7604724103494909,0.7000269759913677,0.8999190720258968,0.8999190720258968,1.0,0.2,0.1930481664133178,0.13663559715113394,0.1128492315670116,0.1354803489052939,0.009007592570296145,0.673785254137063,0.673785254137063,0.8244059506339796,0.35089027637887893,"[0.15333120524646301, 0.2521455947386272, 0.30731847959918607, 0.2872047204157238]","[0.7669205298013245, 0.20683774834437085, 0.026043046357615895, 0.00019867549668874172]","[0.10008092797410305, 0.19989209603452926, 0.2999730240086323, 0.40005395198273536]","[0.44509419040205206, 0.3363403741791784, 0.17836892244392216, 0.04019651297484738]","[0.3030536731693735, 0.6594977382594683, 1.5156901063524655, 6.285562110007637]",legacy_inverse_power,0.15333120524646301,0.7669205298013245,0.10008092797410305,0.2521455947386272,0.20683774834437085,0.19989209603452926,0.30731847959918607,0.026043046357615895,0.2999730240086323,0.2872047204157238,0.00019867549668874172,0.40005395198273536,0.7604724103494909,0.7380015792567131,0.8999190720258968,1.0,1510,0.6503849486481882,0.7999190720258968,1.0,1509,0.8583047937104341,0.8999190720258968,1.0,1511,0.7950606245209975,0.8999190720258968,1.0,1510,0.48146154057259816,0.665556777315871,0.25426425500168914,0.36861230900558656,-0.008228476821191988,-0.000616849708495848,0.002426018193126478,D_FAILED_REVERSED
ml1m/weighted_ngcf/seed_2/baseline,ml1m,weighted_ngcf,2,baseline,baseline,0.0,0.25193924283045216,0.16260400373799663,0.33198368667118056,0.0009602649006622517,0.0012920184446753684,0.7430603502948601,0.7000269759913677,0.8999190720258968,0.8999190720258968,1.0,0.2,0.18980380651324757,0.13803806929143486,0.48169743560179323,0.5312470823677544,0.16111459180636958,0.6639673733423611,0.6639673733423611,0.8021883042166034,0.33446604832145044,"[0.4452642831336296, 0.336406176476796, 0.17832919275479456, 0.040000347634779866]","[0.7432284768211921, 0.22071192052980132, 0.035099337748344374, 0.0009602649006622517]","[0.10008092797410305, 0.19989209603452926, 0.2999730240086323, 0.40005395198273536]","[0.4452642831336296, 0.336406176476796, 0.17832919275479456, 0.040000347634779866]","[1.0, 1.0, 1.0, 1.0]",baseline,0.4452642831336296,0.7432284768211921,0.10008092797410305,0.336406176476796,0.22071192052980132,0.19989209603452926,0.17832919275479456,0.035099337748344374,0.2999730240086323,0.040000347634779866,0.0009602649006622517,0.40005395198273536,0.7430603502948601,0.7217154765371401,0.8999190720258968,1.0,1510,0.625737169465895,0.7000269759913677,1.0,1509,0.846727219525119,0.8999190720258968,1.0,1511,0.7779151846247568,0.8999190720258968,1.0,1510,0.48169743560179323,0.6639673733423611,0.25193924283045216,0.0,0.0,0.0,0.0,BASELINE
ml1m/weighted_ngcf/seed_2/kl_lam0.1,ml1m,weighted_ngcf,2,kl_lam0.1,kl,0.1,0.25564043422023597,0.16260657332259257,0.3368098456115779,0.00026490066225165563,0.00034627537549190764,0.7595291170990268,0.7000269759913677,0.8999190720258968,0.8999190720258968,1.0,0.2,0.19170933966784434,0.14419599912740247,0.06623176776263379,0.07353439097120631,0.0039596926967133544,0.6736196912231558,0.6736196912231558,0.8228047022370708,0.3500442796508601,"[0.15577755919896452, 0.2104272325723016, 0.267520198705716, 0.3662750095230179]","[0.765, 0.20859271523178807, 0.026142384105960266, 0.00026490066225165563]","[0.10008092797410305, 0.19989209603452926, 0.2999730240086323, 0.40005395198273536]","[0.4452642831336296, 0.336406176476796, 0.17832919275479456, 0.040000347634779866]","[0.12030424080736675, 0.2150957771745106, 0.5158554655111651, 3.1487445165069574]",kl_projection,0.15577755919896452,0.765,0.10008092797410305,0.2104272325723016,0.20859271523178807,0.19989209603452926,0.267520198705716,0.026142384105960266,0.2999730240086323,0.3662750095230179,0.00026490066225165563,0.40005395198273536,0.7595291170990268,0.7388629887611947,0.8999190720258968,1.0,1510,0.6500542111953761,0.7999190720258968,1.0,1509,0.8578406852580224,0.8999190720258968,1.0,1511,0.7912209762450493,0.8999190720258968,1.0,1510,0.48169743560179323,0.6639673733423611,0.25193924283045216,0.41546566783915945,-0.00965231788079468,0.003701191389783809,0.0,D_FAILED_REVERSED
ml1m/weighted_ngcf/seed_2/kl_lam0.5,ml1m,weighted_ngcf,2,kl_lam0.5,kl,0.5,0.25620411328112913,0.16422199259999032,0.33382971316124677,0.000347682119205298,0.000461944566651388,0.7504422097445856,0.7000269759913677,0.8999190720258968,0.8999190720258968,1.0,0.2,0.19236861465990385,0.14381495117290904,0.17209268849837514,0.1839486774024104,0.020398269214235685,0.6676594263224935,0.6676594263224935,0.8109481131799006,0.34125355903389654,"[0.23146774480672003, 0.2405979677002874, 0.22133294654237382, 0.3066013409506187]","[0.7526490066225165, 0.21498344370860928, 0.03201986754966887, 0.000347682119205298]","[0.10008092797410305, 0.19989209603452926, 0.2999730240086323, 0.40005395198273536]","[0.4452642831336296, 0.336406176476796, 0.17832919275479456, 0.040000347634779866]","[0.20504302706783523, 0.2820982406995325, 0.4895488177281929, 3.023309914504439]",kl_projection,0.23146774480672003,0.7526490066225165,0.10008092797410305,0.2405979677002874,0.21498344370860928,0.19989209603452926,0.22133294654237382,0.03201986754966887,0.2999730240086323,0.3066013409506187,0.000347682119205298,0.40005395198273536,0.7504422097445856,0.7285340067207733,0.8999190720258968,1.0,1510,0.6334240398808479,0.7001079039654707,1.0,1509,0.8540041494109288,0.8999190720258968,1.0,1511,0.7856605634230567,0.8999190720258968,1.0,1510,0.48169743560179323,0.6639673733423611,0.25193924283045216,0.3096047471034181,-0.003692052980132421,0.004264870450676972,0.0,D_FAILED_REVERSED
ml1m/weighted_ngcf/seed_2/kl_lam2.0,ml1m,weighted_ngcf,2,kl_lam2.0,kl,2.0,0.25308033699405114,0.1605952991734004,0.33354825620760437,0.0006622516556291391,0.0008852691218118478,0.7480424586025721,0.7000269759913677,0.8999190720258968,0.8999190720258968,1.0,0.2,0.186174966673893,0.14721498610318845,0.3716097905816235,0.4085183879170596,0.08945849460990385,0.6670965124152087,0.6670965124152087,0.8071223202810567,0.3388888659235418,"[0.35601109179845536, 0.31557172279180046, 0.21152913281194627, 0.11688805259779786]","[0.7480794701986755, 0.21899006622516556, 0.0322682119205298, 0.0006622516556291391]","[0.10008092797410305, 0.19989209603452926, 0.2999730240086323, 0.40005395198273536]","[0.4452642831336296, 0.336406176476796, 0.17832919275479456, 0.040000347634779866]","[0.5470781787926374, 0.641856351289983, 0.8116176229381972, 1.9994478469791828]",kl_projection,0.35601109179845536,0.7480794701986755,0.10008092797410305,0.31557172279180046,0.21899006622516556,0.19989209603452926,0.21152913281194627,0.0322682119205298,0.2999730240086323,0.11688805259779786,0.0006622516556291391,0.40005395198273536,0.7480424586025721,0.7246278831707329,0.8999190720258968,1.0,1510,0.6338879947542513,0.7000269759913677,1.0,1509,0.851953277797188,0.8999190720258968,1.0,1511,0.781556264593386,0.8999190720258968,1.0,1510,0.48169743560179323,0.6639673733423611,0.25193924283045216,0.11008764502016971,-0.00312913907284762,0.0011410941635989769,0.0,D_FAILED_REVERSED
ml1m/weighted_ngcf/seed_2/kl_lam8.0,ml1m,weighted_ngcf,2,kl_lam8.0,kl,8.0,0.2540348097993447,0.16302880570265535,0.33496381912151163,0.0004470198675496689,0.0005915344842687818,0.752328604197893,0.7000269759913677,0.8999190720258968,0.8999190720258968,1.0,0.2,0.1931038684706414,0.13833981421552125,0.4600216625567528,0.5079669008911211,0.14671188194065224,0.6699276382430233,0.6699276382430233,0.8141216992225503,0.34378548230562267,"[0.422693347945462, 0.3373013386199232, 0.190917419823843, 0.04908789361077185]","[0.7556953642384105, 0.21420529801324503, 0.029652317880794702, 0.0004470198675496689]","[0.10008092797410305, 0.19989209603452926, 0.2999730240086323, 0.40005395198273536]","[0.4452642831336296, 0.336406176476796, 0.17832919275479456, 0.040000347634779866]","[0.8935205272575216, 0.9437372218819847, 1.0076740934320665, 1.1550681574284274]",kl_projection,0.422693347945462,0.7556953642384105,0.10008092797410305,0.3373013386199232,0.21420529801324503,0.19989209603452926,0.190917419823843,0.029652317880794702,0.2999730240086323,0.04908789361077185,0.0004470198675496689,0.40005395198273536,0.752328604197893,0.7301228568825401,0.8999190720258968,1.0,1510,0.639651274977596,0.7999190720258968,1.0,1509,0.8530770036904083,0.8999190720258968,1.0,1511,0.7863219396988336,0.8999190720258968,1.0,1510,0.48169743560179323,0.6639673733423611,0.25193924283045216,0.021675773045040425,-0.005960264900662149,0.002095566968892515,0.0,D_FAILED_REVERSED
ml1m/weighted_ngcf/seed_2/legacy_a0.1,ml1m,weighted_ngcf,2,legacy_a0.1,legacy,0.1,0.2524101996215769,0.1618611085924761,0.3315449449493262,0.0008774834437086093,0.001190422712365305,0.7401810383791538,0.7000269759913677,0.8999190720258968,0.8999190720258968,1.0,0.2,0.18897451110006092,0.14147502236931847,0.44690419833997747,0.49410481341998846,0.1390194557725104,0.6630898898986524,0.6630898898986524,0.7971753886708943,0.33235535405197847,"[0.4075380135323312, 0.3393392088162786, 0.1996113970018601, 0.05351138064953015]","[0.7371192052980132, 0.22594370860927152, 0.03605960264900662, 0.0008774834437086093]","[0.10008092797410305, 0.19989209603452926, 0.2999730240086323, 0.40005395198273536]","[0.4452642831336296, 0.336406176476796, 0.17832919275479456, 0.040000347634779866]","[0.8613374903985798, 0.9492774579726865, 1.0533822026123054, 1.2589412875748898]",legacy_inverse_power,0.4075380135323312,0.7371192052980132,0.10008092797410305,0.3393392088162786,0.22594370860927152,0.19989209603452926,0.1996113970018601,0.03605960264900662,0.2999730240086323,0.05351138064953015,0.0008774834437086093,0.40005395198273536,0.7401810383791538,0.7179425715087083,0.8999190720258968,1.0,1510,0.622823798151653,0.7000269759913677,1.0,1509,0.8442130249941219,0.8999190720258968,1.0,1511,0.7755981434801171,0.8999190720258968,1.0,1510,0.48169743560179323,0.6639673733423611,0.25193924283045216,0.03479323726181577,0.0008774834437087486,0.00047095679112474365,0.0,B_ATTENUATED
ml1m/weighted_ngcf/seed_2/legacy_a0.2,ml1m,weighted_ngcf,2,legacy_a0.2,legacy,0.2,0.25266841241337146,0.16146385899617305,0.3331674615056176,0.0006125827814569537,0.0008244574178873881,0.7454774705809842,0.7000269759913677,0.8999190720258968,0.8999190720258968,1.0,0.2,0.186965903755166,0.14517570253160925,0.40802254480354516,0.454206560313863,0.1165726031620303,0.6663349230112352,0.6663349230112352,0.8029291517804807,0.33704077424149204,"[0.3691960511691128, 0.33879951764306465, 0.22114996907953893, 0.07085446210828363]","[0.7430132450331126, 0.22329470198675497, 0.0330794701986755, 0.0006125827814569537]","[0.10008092797410305, 0.19989209603452926, 0.2999730240086323, 0.40005395198273536]","[0.4452642831336296, 0.336406176476796, 0.17832919275479456, 0.040000347634779866]","[0.7419022723661235, 0.9011276922150855, 1.109614064780352, 1.5849331655607215]",legacy_inverse_power,0.3691960511691128,0.7430132450331126,0.10008092797410305,0.33879951764306465,0.22329470198675497,0.19989209603452926,0.22114996907953893,0.0330794701986755,0.2999730240086323,0.07085446210828363,0.0006125827814569537,0.40005395198273536,0.7454774705809842,0.7230397118749743,0.8999190720258968,1.0,1510,0.6308402440317183,0.7000269759913677,1.0,1509,0.8481165634193775,0.8999190720258968,1.0,1511,0.7797694713956236,0.8999190720258968,1.0,1510,0.48169743560179323,0.6639673733423611,0.25193924283045216,0.07367489079824807,-0.0023675496688740916,0.0007291695829192979,0.0,D_FAILED_REVERSED
ml1m/weighted_ngcf/seed_2/legacy_a0.4,ml1m,weighted_ngcf,2,legacy_a0.4,legacy,0.4,0.25403003978714145,0.1634198567748362,0.33282805753210765,0.0005960264900662252,0.0008030157703364079,0.7448981075716784,0.7000269759913677,0.8999190720258968,0.8999190720258968,1.0,0.2,0.191004121764965,0.14057889718243177,0.3182457720082206,0.36440821824765196,0.07269192172376931,0.6656561150642154,0.6656561150642154,0.8020862993017088,0.33631232961632784,"[0.29235507655727505, 0.32586371945957787, 0.2619182298044432, 0.11986297417870395]","[0.7422350993377483, 0.22339403973509933, 0.03377483443708609, 0.0005960264900662252]","[0.10008092797410305, 0.19989209603452926, 0.2999730240086323, 0.40005395198273536]","[0.4452642831336296, 0.336406176476796, 0.17832919275479456, 0.040000347634779866]","[0.5504189817420176, 0.8120311176768858, 1.2312433727583756, 2.5120131392943295]",legacy_inverse_power,0.29235507655727505,0.7422350993377483,0.10008092797410305,0.32586371945957787,0.22339403973509933,0.19989209603452926,0.2619182298044432,0.03377483443708609,0.2999730240086323,0.11986297417870395,0.0005960264900662252,0.40005395198273536,0.7448981075716784,0.7213833324103138,0.8999190720258968,1.0,1510,0.6311057850362085,0.7000269759913677,1.0,1509,0.8487779126081426,0.8999190720258968,1.0,1511,0.7781812465051798,0.8999190720258968,1.0,1510,0.48169743560179323,0.6639673733423611,0.25193924283045216,0.16345166359357266,-0.0016887417218542922,0.0020907969566892892,0.0,D_FAILED_REVERSED
ml1m/weighted_ngcf/seed_2/legacy_a0.8,ml1m,weighted_ngcf,2,legacy_a0.8,legacy,0.8,0.2522913618826588,0.16207270057271023,0.3309240840221739,0.0005463576158940398,0.0007471641723448475,0.7383107937908772,0.7000269759913677,0.8999190720258968,0.8999190720258968,1.0,0.2,0.18954822399509122,0.14079334224140802,0.11305175586805549,0.13570429108039328,0.009035621050122896,0.6618481680443478,0.6618481680443478,0.7922970132587908,0.3305827496281786,"[0.15338479335483698, 0.25222431190853695, 0.30738869862194623, 0.2870021961146799]","[0.7312417218543046, 0.2305794701986755, 0.037632450331125826, 0.0005463576158940398]","[0.10008092797410305, 0.19989209603452926, 0.2999730240086323, 0.40005395198273536]","[0.4452642831336296, 0.336406176476796, 0.17832919275479456, 0.040000347634779866]","[0.3029610554619196, 0.6593945360755724, 1.51596024296142, 6.310210011987352]",legacy_inverse_power,0.15338479335483698,0.7312417218543046,0.10008092797410305,0.25222431190853695,0.2305794701986755,0.19989209603452926,0.30738869862194623,0.037632450331125826,0.2999730240086323,0.2870021961146799,0.0005463576158940398,0.40005395198273536,0.7383107937908772,0.7167514832329028,0.8999190720258968,1.0,1510,0.6185837407887894,0.7000269759913677,1.0,1509,0.8438162226220913,0.8999190720258968,1.0,1511,0.7739425679357292,0.8999190720258968,1.0,1510,0.48169743560179323,0.6639673733423611,0.25193924283045216,0.36864567973373774,0.002119205298013349,0.0003521190522066675,0.0,B_ATTENUATED
