dataset,model,model_raw,seed,label,family,user_group,F_out,OutputGain,l_exp_mean,l_exp_median,l_exp_p75,l_exp_p90,l_exp_p95,l_exp_std,n_users,delta_l_exp_mean,delta_l_exp_median,delta_l_exp_p75,delta_l_exp_p90,delta_l_exp_p95,delta_l_exp_std
lastfm,bpr,weighted_bpr,0,baseline,baseline,niche,0.8717261430658088,0.0,0.8397986790408258,0.9000170135541314,0.9000170135541314,0.9000170135541314,0.9000170135541314,0.1311223713000332,465,0.0,0.0,0.0,0.0,0.0,0.0
lastfm,bpr,weighted_bpr,0,baseline,baseline,semi_niche,0.8717261430658088,0.0,0.9000170135541318,0.9000170135541314,0.9000170135541314,0.9000170135541314,0.9000170135541314,3.3306690738754696e-16,473,0.0,0.0,0.0,0.0,0.0,0.0
lastfm,bpr,weighted_bpr,0,baseline,baseline,semi_mainstream,0.8717261430658088,0.0,0.9000170135541318,0.9000170135541314,0.9000170135541314,0.9000170135541314,0.9000170135541314,3.3306690738754696e-16,473,0.0,0.0,0.0,0.0,0.0,0.0
lastfm,bpr,weighted_bpr,0,baseline,baseline,mainstream,0.8717261430658088,0.0,0.9000170135541318,0.9000170135541314,0.9000170135541314,0.9000170135541314,0.9000170135541314,3.3306690738754696e-16,473,0.0,0.0,0.0,0.0,0.0,0.0
lastfm,bpr,weighted_bpr,0,kl_lam0.1,kl,niche,0.7866942959320508,0.085031847133758,0.6232309410080925,0.6999943288152894,0.9000170135541314,0.9000170135541314,0.9000170135541314,0.23750878695079652,465,0.21656773803273333,0.200022684738842,0.0,0.0,0.0,-0.10638641565076332
lastfm,bpr,weighted_bpr,0,kl_lam0.1,kl,semi_niche,0.7866942959320508,0.085031847133758,0.8767605761300197,0.9000170135541314,0.9000170135541314,0.9000170135541314,0.9000170135541314,0.07996268288357711,473,0.023256437424112097,0.0,0.0,0.0,0.0,-0.07996268288357677
lastfm,bpr,weighted_bpr,0,kl_lam0.1,kl,semi_mainstream,0.7866942959320508,0.085031847133758,0.8989599311017004,0.9000170135541314,0.9000170135541314,0.9000170135541314,0.9000170135541314,0.013753451135129461,473,0.0010570824524314126,0.0,0.0,0.0,0.0,-0.013753451135129128
lastfm,bpr,weighted_bpr,0,kl_lam0.1,kl,mainstream,0.7866942959320508,0.085031847133758,0.899171371571826,0.9000170135541314,0.9000170135541314,0.9000170135541314,0.9000170135541314,0.018372046455859686,473,0.0008456419823057448,0.0,0.0,0.0,0.0,-0.018372046455859353
lastfm,bpr,weighted_bpr,0,kl_lam0.5,kl,niche,0.8366942959320507,0.035031847133758,0.717860853519397,0.8000170135541314,0.9000170135541314,0.9000170135541314,0.9000170135541314,0.2246282153692433,465,0.12193782552142884,0.10000000000000009,0.0,0.0,0.0,-0.09350584406921009
lastfm,bpr,weighted_bpr,0,kl_lam0.5,kl,semi_niche,0.8366942959320507,0.035031847133758,0.8974800156682965,0.9000170135541314,0.9000170135541314,0.9000170135541314,0.9000170135541314,0.019342009321746605,473,0.0025369978858352793,0.0,0.0,0.0,0.0,-0.019342009321746272
lastfm,bpr,weighted_bpr,0,kl_lam0.5,kl,semi_mainstream,0.8366942959320507,0.035031847133758,0.9000170135541318,0.9000170135541314,0.9000170135541314,0.9000170135541314,0.9000170135541314,3.3306690738754696e-16,473,0.0,0.0,0.0,0.0,0.0,0.0
lastfm,bpr,weighted_bpr,0,kl_lam0.5,kl,mainstream,0.8366942959320507,0.035031847133758,0.9000170135541318,0.9000170135541314,0.9000170135541314,0.9000170135541314,0.9000170135541314,3.3306690738754696e-16,473,0.0,0.0,0.0,0.0,0.0,0.0
lastfm,bpr,weighted_bpr,0,kl_lam2.0,kl,niche,0.8600488606878895,0.0116772823779192,0.8002277498995347,0.9000170135541314,0.9000170135541314,0.9000170135541314,0.9000170135541314,0.1637657806040301,465,0.03957092914129112,0.0,0.0,0.0,0.0,-0.032643409303996895
lastfm,bpr,weighted_bpr,0,kl_lam2.0,kl,semi_niche,0.8600488606878895,0.0116772823779192,0.8998055970636454,0.9000170135541314,0.9000170135541314,0.9000170135541314,0.9000170135541314,0.00459314185674428,473,0.00021141649048639355,0.0,0.0,0.0,0.0,-0.004593141856743947
lastfm,bpr,weighted_bpr,0,kl_lam2.0,kl,semi_mainstream,0.8600488606878895,0.0116772823779192,0.9000170135541318,0.9000170135541314,0.9000170135541314,0.9000170135541314,0.9000170135541314,3.3306690738754696e-16,473,0.0,0.0,0.0,0.0,0.0,0.0
lastfm,bpr,weighted_bpr,0,kl_lam2.0,kl,mainstream,0.8600488606878895,0.0116772823779192,0.9000170135541318,0.9000170135541314,0.9000170135541314,0.9000170135541314,0.9000170135541314,3.3306690738754696e-16,473,0.0,0.0,0.0,0.0,0.0,0.0
lastfm,bpr,weighted_bpr,0,kl_lam8.0,kl,niche,0.8685945082462758,0.0031316348195329,0.8333466636664271,0.9000170135541314,0.9000170135541314,0.9000170135541314,0.9000170135541314,0.13531482432313438,465,0.006452015374398767,0.0,0.0,0.0,0.0,-0.0041924530231011725
lastfm,bpr,weighted_bpr,0,kl_lam8.0,kl,semi_niche,0.8685945082462758,0.0031316348195329,0.9000170135541318,0.9000170135541314,0.9000170135541314,0.9000170135541314,0.9000170135541314,3.3306690738754696e-16,473,0.0,0.0,0.0,0.0,0.0,0.0
lastfm,bpr,weighted_bpr,0,kl_lam8.0,kl,semi_mainstream,0.8685945082462758,0.0031316348195329,0.9000170135541318,0.9000170135541314,0.9000170135541314,0.9000170135541314,0.9000170135541314,3.3306690738754696e-16,473,0.0,0.0,0.0,0.0,0.0,0.0
lastfm,bpr,weighted_bpr,0,kl_lam8.0,kl,mainstream,0.8685945082462758,0.0031316348195329,0.9000170135541318,0.9000170135541314,0.9000170135541314,0.9000170135541314,0.9000170135541314,3.3306690738754696e-16,473,0.0,0.0,0.0,0.0,0.0,0.0
lastfm,bpr,weighted_bpr,0,legacy_a0.1,legacy,niche,0.8660467375456389,0.0056794055201698,0.8258195380240738,0.9000170135541314,0.9000170135541314,0.9000170135541314,0.9000170135541314,0.13858923395328565,465,0.013979141016752017,0.0,0.0,0.0,0.0,-0.007466862653252443
lastfm,bpr,weighted_bpr,0,legacy_a0.1,legacy,semi_niche,0.8660467375456389,0.0056794055201698,0.8998055970636454,0.9000170135541314,0.9000170135541314,0.9000170135541314,0.9000170135541314,0.00459314185674428,473,0.00021141649048639355,0.0,0.0,0.0,0.0,-0.004593141856743947
lastfm,bpr,weighted_bpr,0,legacy_a0.1,legacy,semi_mainstream,0.8660467375456389,0.0056794055201698,0.9000170135541318,0.9000170135541314,0.9000170135541314,0.9000170135541314,0.9000170135541314,3.3306690738754696e-16,473,0.0,0.0,0.0,0.0,0.0,0.0
lastfm,bpr,weighted_bpr,0,legacy_a0.1,legacy,mainstream,0.8660467375456389,0.0056794055201698,0.9000170135541318,0.9000170135541314,0.9000170135541314,0.9000170135541314,0.9000170135541314,3.3306690738754696e-16,473,0.0,0.0,0.0,0.0,0.0,0.0
lastfm,bpr,weighted_bpr,0,legacy_a0.2,legacy,niche,0.8604734891379955,0.0112526539278132,0.8068941726442784,0.9000170135541314,0.9000170135541314,0.9000170135541314,0.9000170135541314,0.15546665457232658,465,0.032904506396547406,0.0,0.0,0.0,0.0,-0.024344283272293377
lastfm,bpr,weighted_bpr,0,legacy_a0.2,legacy,semi_niche,0.8604734891379955,0.0112526539278132,0.8998055970636454,0.9000170135541314,0.9000170135541314,0.9000170135541314,0.9000170135541314,0.00459314185674428,473,0.00021141649048639355,0.0,0.0,0.0,0.0,-0.004593141856743947
lastfm,bpr,weighted_bpr,0,legacy_a0.2,legacy,semi_mainstream,0.8604734891379955,0.0112526539278132,0.9000170135541318,0.9000170135541314,0.9000170135541314,0.9000170135541314,0.9000170135541314,3.3306690738754696e-16,473,0.0,0.0,0.0,0.0,0.0,0.0
lastfm,bpr,weighted_bpr,0,legacy_a0.2,legacy,mainstream,0.8604734891379955,0.0112526539278132,0.9000170135541318,0.9000170135541314,0.9000170135541314,0.9000170135541314,0.9000170135541314,3.3306690738754696e-16,473,0.0,0.0,0.0,0.0,0.0,0.0
lastfm,bpr,weighted_bpr,0,legacy_a0.4,legacy,niche,0.8461422789469126,0.0255838641188961,0.7664622844873583,0.8000170135541314,0.9000170135541314,0.9000170135541314,0.9000170135541314,0.17669457796106094,465,0.07333639455346752,0.10000000000000009,0.0,0.0,0.0,-0.04557220666102774
lastfm,bpr,weighted_bpr,0,legacy_a0.4,legacy,semi_niche,0.8461422789469126,0.0255838641188961,0.8983256816302415,0.9000170135541314,0.9000170135541314,0.9000170135541314,0.9000170135541314,0.015837903425224557,473,0.0016913319238902602,0.0,0.0,0.0,0.0,-0.015837903425224224
lastfm,bpr,weighted_bpr,0,legacy_a0.4,legacy,semi_mainstream,0.8461422789469126,0.0255838641188961,0.9000170135541318,0.9000170135541314,0.9000170135541314,0.9000170135541314,0.9000170135541314,3.3306690738754696e-16,473,0.0,0.0,0.0,0.0,0.0,0.0
lastfm,bpr,weighted_bpr,0,legacy_a0.4,legacy,mainstream,0.8461422789469126,0.0255838641188961,0.9000170135541318,0.9000170135541314,0.9000170135541314,0.9000170135541314,0.9000170135541314,3.3306690738754696e-16,473,0.0,0.0,0.0,0.0,0.0,0.0
lastfm,bpr,weighted_bpr,0,legacy_a0.8,legacy,niche,0.7601550178004158,0.1115711252653929,0.6408605809366479,0.6999943288152894,0.8000170135541314,0.9000170135541314,0.9000170135541314,0.18805818571403224,465,0.19893809810417795,0.200022684738842,0.10000000000000009,0.0,0.0,-0.05693581441399903
lastfm,bpr,weighted_bpr,0,legacy_a0.8,legacy,semi_niche,0.7601550178004158,0.1115711252653929,0.8634402821252531,0.9000170135541314,0.9000170135541314,0.9000170135541314,0.9000170135541314,0.09442891990236597,473,0.03657673142887863,0.0,0.0,0.0,0.0,-0.09442891990236564
lastfm,bpr,weighted_bpr,0,legacy_a0.8,legacy,semi_mainstream,0.7601550178004158,0.1115711252653929,0.8974799677090178,0.9000170135541314,0.9000170135541314,0.9000170135541314,0.9000170135541314,0.021417256179282074,473,0.002537045845113939,0.0,0.0,0.0,0.0,-0.02141725617928174
lastfm,bpr,weighted_bpr,0,legacy_a0.8,legacy,mainstream,0.7601550178004158,0.1115711252653929,0.8989599550813397,0.9000170135541314,0.9000170135541314,0.9000170135541314,0.9000170135541314,0.022965188312603965,473,0.0010570584727920274,0.0,0.0,0.0,0.0,-0.02296518831260363
lastfm,bpr,weighted_bpr,1,baseline,baseline,niche,0.8705053362717535,0.0,0.8335617418220603,0.9000170135541314,0.9000170135541314,0.9000170135541314,0.9000170135541314,0.14721535296703528,465,0.0,0.0,0.0,0.0,0.0,0.0
lastfm,bpr,weighted_bpr,1,baseline,baseline,semi_niche,0.8705053362717535,0.0,0.9000170135541318,0.9000170135541314,0.9000170135541314,0.9000170135541314,0.9000170135541314,3.3306690738754696e-16,473,0.0,0.0,0.0,0.0,0.0,0.0
lastfm,bpr,weighted_bpr,1,baseline,baseline,semi_mainstream,0.8705053362717535,0.0,0.9000170135541318,0.9000170135541314,0.9000170135541314,0.9000170135541314,0.9000170135541314,3.3306690738754696e-16,473,0.0,0.0,0.0,0.0,0.0,0.0
lastfm,bpr,weighted_bpr,1,baseline,baseline,mainstream,0.8705053362717535,0.0,0.9000170135541318,0.9000170135541314,0.9000170135541314,0.9000170135541314,0.9000170135541314,3.3306690738754696e-16,473,0.0,0.0,0.0,0.0,0.0,0.0
lastfm,bpr,weighted_bpr,1,kl_lam0.1,kl,niche,0.7803248691804583,0.0901804670912952,0.6038762486515692,0.6000170135541314,0.8000170135541314,0.9000170135541314,0.9000170135541314,0.2451007839090857,465,0.22968549317049114,0.30000000000000004,0.10000000000000009,0.0,0.0,-0.09788543094205043
lastfm,bpr,weighted_bpr,1,kl_lam0.1,kl,semi_niche,0.7803248691804583,0.0901804670912952,0.8828916423643015,0.9000170135541314,0.9000170135541314,0.9000170135541314,0.9000170135541314,0.06990597498692033,473,0.017125371189830263,0.0,0.0,0.0,0.0,-0.06990597498692
lastfm,bpr,weighted_bpr,1,kl_lam0.1,kl,semi_mainstream,0.7803248691804583,0.0901804670912952,0.8993827640826728,0.9000170135541314,0.9000170135541314,0.9000170135541314,0.9000170135541314,0.007938682179923296,473,0.0006342494714589586,0.0,0.0,0.0,0.0,-0.007938682179922963
lastfm,bpr,weighted_bpr,1,kl_lam0.1,kl,mainstream,0.7803248691804583,0.0901804670912952,0.9000170135541318,0.9000170135541314,0.9000170135541314,0.9000170135541314,0.9000170135541314,3.3306690738754696e-16,473,0.0,0.0,0.0,0.0,0.0,0.0
lastfm,bpr,weighted_bpr,1,kl_lam0.5,kl,niche,0.8306964190743013,0.0398089171974522,0.7144190298127471,0.8000170135541314,0.9000170135541314,0.9000170135541314,0.9000170135541314,0.2312885110782238,465,0.11914271200931326,0.10000000000000009,0.0,0.0,0.0,-0.08407315811118851
lastfm,bpr,weighted_bpr,1,kl_lam0.5,kl,semi_niche,0.8306964190743013,0.0398089171974522,0.8970571347280453,0.9000170135541314,0.9000170135541314,0.9000170135541314,0.9000170135541314,0.024150239488493545,473,0.002959878826086504,0.0,0.0,0.0,0.0,-0.02415023948849321
lastfm,bpr,weighted_bpr,1,kl_lam0.5,kl,semi_mainstream,0.8306964190743013,0.0398089171974522,0.9000170135541318,0.9000170135541314,0.9000170135541314,0.9000170135541314,0.9000170135541314,3.3306690738754696e-16,473,0.0,0.0,0.0,0.0,0.0,0.0
lastfm,bpr,weighted_bpr,1,kl_lam0.5,kl,mainstream,0.8306964190743013,0.0398089171974522,0.9000170135541318,0.9000170135541314,0.9000170135541314,0.9000170135541314,0.9000170135541314,3.3306690738754696e-16,473,0.0,0.0,0.0,0.0,0.0,0.0
lastfm,bpr,weighted_bpr,1,kl_lam2.0,kl,niche,0.8564395188619871,0.0140658174097664,0.7963560869801186,0.9000170135541314,0.9000170135541314,0.9000170135541314,0.9000170135541314,0.17891550922346666,465,0.037205654841941715,0.0,0.0,0.0,0.0,-0.03170015625643138
lastfm,bpr,weighted_bpr,1,kl_lam2.0,kl,semi_niche,0.8564395188619871,0.0140658174097664,0.8995941805731591,0.9000170135541314,0.9000170135541314,0.9000170135541314,0.9000170135541314,0.009186283713488548,473,0.0004228329809726761,0.0,0.0,0.0,0.0,-0.009186283713488215
lastfm,bpr,weighted_bpr,1,kl_lam2.0,kl,semi_mainstream,0.8564395188619871,0.0140658174097664,0.9000170135541318,0.9000170135541314,0.9000170135541314,0.9000170135541314,0.9000170135541314,3.3306690738754696e-16,473,0.0,0.0,0.0,0.0,0.0,0.0
lastfm,bpr,weighted_bpr,1,kl_lam2.0,kl,mainstream,0.8564395188619871,0.0140658174097664,0.9000170135541318,0.9000170135541314,0.9000170135541314,0.9000170135541314,0.9000170135541314,3.3306690738754696e-16,473,0.0,0.0,0.0,0.0,0.0,0.0
lastfm,bpr,weighted_bpr,1,kl_lam8.0,kl,niche,0.8671613872271675,0.003343949044586,0.8238840785452984,0.9000170135541314,0.9000170135541314,0.9000170135541314,0.9000170135541314,0.15468324615739767,465,0.009677663276761894,0.0,0.0,0.0,0.0,-0.007467893190362396
lastfm,bpr,weighted_bpr,1,kl_lam8.0,kl,semi_niche,0.8671613872271675,0.003343949044586,0.9000170135541318,0.9000170135541314,0.9000170135541314,0.9000170135541314,0.9000170135541314,3.3306690738754696e-16,473,0.0,0.0,0.0,0.0,0.0,0.0
lastfm,bpr,weighted_bpr,1,kl_lam8.0,kl,semi_mainstream,0.8671613872271675,0.003343949044586,0.9000170135541318,0.9000170135541314,0.9000170135541314,0.9000170135541314,0.9000170135541314,3.3306690738754696e-16,473,0.0,0.0,0.0,0.0,0.0,0.0
lastfm,bpr,weighted_bpr,1,kl_lam8.0,kl,mainstream,0.8671613872271675,0.003343949044586,0.9000170135541318,0.9000170135541314,0.9000170135541314,0.9000170135541314,0.9000170135541314,3.3306690738754696e-16,473,0.0,0.0,0.0,0.0,0.0,0.0
lastfm,bpr,weighted_bpr,1,legacy_a0.1,legacy,niche,0.8645074594140041,0.0059978768577494,0.8180771634807416,0.9000170135541314,0.9000170135541314,0.9000170135541314,0.9000170135541314,0.15868633830750764,465,0.015484578341318778,0.0,0.0,0.0,0.0,-0.011470985340472362
lastfm,bpr,weighted_bpr,1,legacy_a0.1,legacy,semi_niche,0.8645074594140041,0.0059978768577494,0.9000170135541318,0.9000170135541314,0.9000170135541314,0.9000170135541314,0.9000170135541314,3.3306690738754696e-16,473,0.0,0.0,0.0,0.0,0.0,0.0
lastfm,bpr,weighted_bpr,1,legacy_a0.1,legacy,semi_mainstream,0.8645074594140041,0.0059978768577494,0.9000170135541318,0.9000170135541314,0.9000170135541314,0.9000170135541314,0.9000170135541314,3.3306690738754696e-16,473,0.0,0.0,0.0,0.0,0.0,0.0
lastfm,bpr,weighted_bpr,1,legacy_a0.1,legacy,mainstream,0.8645074594140041,0.0059978768577494,0.9000170135541318,0.9000170135541314,0.9000170135541314,0.9000170135541314,0.9000170135541314,3.3306690738754696e-16,473,0.0,0.0,0.0,0.0,0.0,0.0
lastfm,bpr,weighted_bpr,1,legacy_a0.2,legacy,niche,0.857607247099779,0.0128980891719745,0.8021622092984257,0.9000170135541314,0.9000170135541314,0.9000170135541314,0.9000170135541314,0.1644746803898528,465,0.03139953252363459,0.0,0.0,0.0,0.0,-0.017259327422817522
lastfm,bpr,weighted_bpr,1,legacy_a0.2,legacy,semi_niche,0.857607247099779,0.0128980891719745,0.8995941326138803,0.9000170135541314,0.9000170135541314,0.9000170135541314,0.9000170135541314,0.009187325655723399,473,0.0004228809402514466,0.0,0.0,0.0,0.0,-0.009187325655723066
lastfm,bpr,weighted_bpr,1,legacy_a0.2,legacy,semi_mainstream,0.857607247099779,0.0128980891719745,0.9000170135541318,0.9000170135541314,0.9000170135541314,0.9000170135541314,0.9000170135541314,3.3306690738754696e-16,473,0.0,0.0,0.0,0.0,0.0,0.0
lastfm,bpr,weighted_bpr,1,legacy_a0.2,legacy,mainstream,0.857607247099779,0.0128980891719745,0.9000170135541318,0.9000170135541314,0.9000170135541314,0.9000170135541314,0.9000170135541314,3.3306690738754696e-16,473,0.0,0.0,0.0,0.0,0.0,0.0
lastfm,bpr,weighted_bpr,1,legacy_a0.4,legacy,niche,0.8415244445520083,0.0289808917197452,0.763450775641225,0.9000170135541314,0.9000170135541314,0.9000170135541314,0.9000170135541314,0.19232559070305633,465,0.07011096618083534,0.0,0.0,0.0,0.0,-0.04511023773602105
lastfm,bpr,weighted_bpr,1,legacy_a0.4,legacy,semi_niche,0.8415244445520083,0.0289808917197452,0.8979027527307115,0.9000170135541314,0.9000170135541314,0.9000170135541314,0.9000170135541314,0.018271142699553305,473,0.0021142608234202553,0.0,0.0,0.0,0.0,-0.018271142699552972
lastfm,bpr,weighted_bpr,1,legacy_a0.4,legacy,semi_mainstream,0.8415244445520083,0.0289808917197452,0.8998055970636454,0.9000170135541314,0.9000170135541314,0.9000170135541314,0.9000170135541314,0.00459314185674428,473,0.00021141649048639355,0.0,0.0,0.0,0.0,-0.004593141856743947
lastfm,bpr,weighted_bpr,1,legacy_a0.4,legacy,mainstream,0.8415244445520083,0.0289808917197452,0.9000170135541318,0.9000170135541314,0.9000170135541314,0.9000170135541314,0.9000170135541314,3.3306690738754696e-16,473,0.0,0.0,0.0,0.0,0.0,0.0
lastfm,bpr,weighted_bpr,1,legacy_a0.8,legacy,niche,0.7526178628110316,0.1178874734607219,0.6204298879971509,0.6000170135541314,0.7000170135541315,0.9000170135541314,0.9000170135541314,0.19442359017407046,465,0.2131318538249094,0.30000000000000004,0.19999999999999996,0.0,0.0,-0.04720823720703518
lastfm,bpr,weighted_bpr,1,legacy_a0.8,legacy,semi_niche,0.7526178628110316,0.1178874734607219,0.8632293092580953,0.9000170135541314,0.9000170135541314,0.9000170135541314,0.9000170135541314,0.0898693082453167,473,0.036787704296036505,0.0,0.0,0.0,0.0,-0.08986930824531637
lastfm,bpr,weighted_bpr,1,legacy_a0.8,legacy,semi_mainstream,0.7526178628110316,0.1178874734607219,0.8968457661968379,0.9000170135541314,0.9000170135541314,0.9000170135541314,0.9000170135541314,0.02083069418478411,473,0.003171247357293905,0.0,0.0,0.0,0.0,-0.020830694184783775
lastfm,bpr,weighted_bpr,1,legacy_a0.8,legacy,mainstream,0.7526178628110316,0.1178874734607219,0.9000170135541318,0.9000170135541314,0.9000170135541314,0.9000170135541314,0.9000170135541314,3.3306690738754696e-16,473,0.0,0.0,0.0,0.0,0.0,0.0
lastfm,bpr,weighted_bpr,2,baseline,baseline,niche,0.8697622364840677,0.0,0.8279706732671941,0.9000170135541314,0.9000170135541314,0.9000170135541314,0.9000170135541314,0.15252310174076597,465,0.0,0.0,0.0,0.0,0.0,0.0
lastfm,bpr,weighted_bpr,2,baseline,baseline,semi_niche,0.8697622364840677,0.0,0.8993827640826728,0.9000170135541314,0.9000170135541314,0.9000170135541314,0.9000170135541314,0.007938682179923296,473,0.0,0.0,0.0,0.0,0.0,0.0
lastfm,bpr,weighted_bpr,2,baseline,baseline,semi_mainstream,0.8697622364840677,0.0,0.9000170135541318,0.9000170135541314,0.9000170135541314,0.9000170135541314,0.9000170135541314,3.3306690738754696e-16,473,0.0,0.0,0.0,0.0,0.0,0.0
lastfm,bpr,weighted_bpr,2,baseline,baseline,mainstream,0.8697622364840677,0.0,0.9000170135541318,0.9000170135541314,0.9000170135541314,0.9000170135541314,0.9000170135541314,3.3306690738754696e-16,473,0.0,0.0,0.0,0.0,0.0,0.0
lastfm,bpr,weighted_bpr,2,kl_lam0.1,kl,niche,0.7746454636602885,0.0951167728237791,0.6010799033337418,0.6000170135541314,0.8000170135541314,0.9000170135541314,0.9000170135541314,0.24358915699853995,465,0.22689076993345225,0.30000000000000004,0.10000000000000009,0.0,0.0,-0.09106605525777398
lastfm,bpr,weighted_bpr,2,kl_lam0.1,kl,semi_niche,0.7746454636602885,0.0951167728237791,0.871897721082983,0.9000170135541314,0.9000170135541314,0.9000170135541314,0.9000170135541314,0.09943129062357131,473,0.02748504299968979,0.0,0.0,0.0,0.0,-0.09149260844364801
lastfm,bpr,weighted_bpr,2,kl_lam0.1,kl,semi_mainstream,0.7746454636602885,0.0951167728237791,0.8987484666519354,0.9000170135541314,0.9000170135541314,0.9000170135541314,0.9000170135541314,0.012943846644076589,473,0.0012685469021963547,0.0,0.0,0.0,0.0,-0.012943846644076256
lastfm,bpr,weighted_bpr,2,kl_lam0.1,kl,mainstream,0.7746454636602885,0.0951167728237791,0.9000170135541318,0.9000170135541314,0.9000170135541314,0.9000170135541314,0.9000170135541314,3.3306690738754696e-16,473,0.0,0.0,0.0,0.0,0.0,0.0
lastfm,bpr,weighted_bpr,2,kl_lam0.5,kl,niche,0.8303779477367217,0.039384288747346,0.709042783295495,0.8000170135541314,0.9000170135541314,0.9000170135541314,0.9000170135541314,0.22606219167769556,465,0.11892788997169912,0.10000000000000009,0.0,0.0,0.0,-0.07353908993692959
lastfm,bpr,weighted_bpr,2,kl_lam0.5,kl,semi_niche,0.8303779477367217,0.039384288747346,0.8945200409236528,0.9000170135541314,0.9000170135541314,0.9000170135541314,0.9000170135541314,0.03694873295823385,473,0.004862723159020033,0.0,0.0,0.0,0.0,-0.029010050778310557
lastfm,bpr,weighted_bpr,2,kl_lam0.5,kl,semi_mainstream,0.8303779477367217,0.039384288747346,0.9000170135541318,0.9000170135541314,0.9000170135541314,0.9000170135541314,0.9000170135541314,3.3306690738754696e-16,473,0.0,0.0,0.0,0.0,0.0,0.0
lastfm,bpr,weighted_bpr,2,kl_lam0.5,kl,mainstream,0.8303779477367217,0.039384288747346,0.9000170135541318,0.9000170135541314,0.9000170135541314,0.9000170135541314,0.9000170135541314,3.3306690738754696e-16,473,0.0,0.0,0.0,0.0,0.0,0.0
lastfm,bpr,weighted_bpr,2,kl_lam2.0,kl,niche,0.8575541685435157,0.0122080679405519,0.8010872575797214,0.9000170135541314,0.9000170135541314,0.9000170135541314,0.9000170135541314,0.16778506826294068,465,0.026883415687472656,0.0,0.0,0.0,0.0,-0.015261966522174708
lastfm,bpr,weighted_bpr,2,kl_lam2.0,kl,semi_niche,0.8575541685435157,0.0122080679405519,0.8985370501614491,0.9000170135541314,0.9000170135541314,0.9000170135541314,0.9000170135541314,0.013715091490522037,473,0.0008457139212236786,0.0,0.0,0.0,0.0,-0.005776409310598741
lastfm,bpr,weighted_bpr,2,kl_lam2.0,kl,semi_mainstream,0.8575541685435157,0.0122080679405519,0.9000170135541318,0.9000170135541314,0.9000170135541314,0.9000170135541314,0.9000170135541314,3.3306690738754696e-16,473,0.0,0.0,0.0,0.0,0.0,0.0
lastfm,bpr,weighted_bpr,2,kl_lam2.0,kl,mainstream,0.8575541685435157,0.0122080679405519,0.9000170135541318,0.9000170135541314,0.9000170135541314,0.9000170135541314,0.9000170135541314,3.3306690738754696e-16,473,0.0,0.0,0.0,0.0,0.0,0.0
lastfm,bpr,weighted_bpr,2,kl_lam8.0,kl,niche,0.8656221090955327,0.0041401273885349,0.8182924611661055,0.9000170135541314,0.9000170135541314,0.9000170135541314,0.9000170135541314,0.16114979595324094,465,0.009678212101088546,0.0,0.0,0.0,0.0,-0.008626694212474972
lastfm,bpr,weighted_bpr,2,kl_lam8.0,kl,semi_niche,0.8656221090955327,0.0041401273885349,0.8991713475921865,0.9000170135541314,0.9000170135541314,0.9000170135541314,0.9000170135541314,0.009157043478946188,473,0.00021141649048628253,0.0,0.0,0.0,0.0,-0.0012183612990228927
lastfm,bpr,weighted_bpr,2,kl_lam8.0,kl,semi_mainstream,0.8656221090955327,0.0041401273885349,0.9000170135541318,0.9000170135541314,0.9000170135541314,0.9000170135541314,0.9000170135541314,3.3306690738754696e-16,473,0.0,0.0,0.0,0.0,0.0,0.0
lastfm,bpr,weighted_bpr,2,kl_lam8.0,kl,mainstream,0.8656221090955327,0.0041401273885349,0.9000170135541318,0.9000170135541314,0.9000170135541314,0.9000170135541314,0.9000170135541314,3.3306690738754696e-16,473,0.0,0.0,0.0,0.0,0.0,0.0
lastfm,bpr,weighted_bpr,2,legacy_a0.1,legacy,niche,0.8633397311762122,0.0064225053078554,0.8142062445231907,0.9000170135541314,0.9000170135541314,0.9000170135541314,0.9000170135541314,0.16189320437590835,465,0.01376442874400341,0.0,0.0,0.0,0.0,-0.009370102635142374
lastfm,bpr,weighted_bpr,2,legacy_a0.1,legacy,semi_niche,0.8633397311762122,0.0064225053078554,0.8989599311017004,0.9000170135541314,0.9000170135541314,0.9000170135541314,0.9000170135541314,0.0121191633386609,473,0.00042283298097245403,0.0,0.0,0.0,0.0,-0.0041804811587376044
lastfm,bpr,weighted_bpr,2,legacy_a0.1,legacy,semi_mainstream,0.8633397311762122,0.0064225053078554,0.9000170135541318,0.9000170135541314,0.9000170135541314,0.9000170135541314,0.9000170135541314,3.3306690738754696e-16,473,0.0,0.0,0.0,0.0,0.0,0.0
lastfm,bpr,weighted_bpr,2,legacy_a0.1,legacy,mainstream,0.8633397311762122,0.0064225053078554,0.9000170135541318,0.9000170135541314,0.9000170135541314,0.9000170135541314,0.9000170135541314,3.3306690738754696e-16,473,0.0,0.0,0.0,0.0,0.0,0.0
lastfm,bpr,weighted_bpr,2,legacy_a0.2,legacy,niche,0.8573949328747259,0.0123673036093417,0.8023777387096165,0.9000170135541314,0.9000170135541314,0.9000170135541314,0.9000170135541314,0.162563152998419,465,0.025592934557577607,0.0,0.0,0.0,0.0,-0.010040051257653032
lastfm,bpr,weighted_bpr,2,legacy_a0.2,legacy,semi_niche,0.8573949328747259,0.0123673036093417,0.8985370501614491,0.9000170135541314,0.9000170135541314,0.9000170135541314,0.9000170135541314,0.013715091490522035,473,0.0008457139212236786,0.0,0.0,0.0,0.0,-0.005776409310598739
lastfm,bpr,weighted_bpr,2,legacy_a0.2,legacy,semi_mainstream,0.8573949328747259,0.0123673036093417,0.9000170135541318,0.9000170135541314,0.9000170135541314,0.9000170135541314,0.9000170135541314,3.3306690738754696e-16,473,0.0,0.0,0.0,0.0,0.0,0.0
lastfm,bpr,weighted_bpr,2,legacy_a0.2,legacy,mainstream,0.8573949328747259,0.0123673036093417,0.9000170135541318,0.9000170135541314,0.9000170135541314,0.9000170135541314,0.9000170135541314,3.3306690738754696e-16,473,0.0,0.0,0.0,0.0,0.0,0.0
lastfm,bpr,weighted_bpr,2,legacy_a0.4,legacy,niche,0.8406751876517959,0.0290870488322717,0.7673215238534298,0.8000170135541314,0.9000170135541314,0.9000170135541314,0.9000170135541314,0.16953041581059158,465,0.060649149413764314,0.10000000000000009,0.0,0.0,0.0,-0.017007314069825613
lastfm,bpr,weighted_bpr,2,legacy_a0.4,legacy,semi_niche,0.8406751876517959,0.0290870488322717,0.8955771233760841,0.9000170135541314,0.9000170135541314,0.9000170135541314,0.9000170135541314,0.029106214530755143,473,0.003805640706588731,0.0,0.0,0.0,0.0,-0.021167532350831846
lastfm,bpr,weighted_bpr,2,legacy_a0.4,legacy,semi_mainstream,0.8406751876517959,0.0290870488322717,0.9000170135541318,0.9000170135541314,0.9000170135541314,0.9000170135541314,0.9000170135541314,3.3306690738754696e-16,473,0.0,0.0,0.0,0.0,0.0,0.0
lastfm,bpr,weighted_bpr,2,legacy_a0.4,legacy,mainstream,0.8406751876517959,0.0290870488322717,0.9000170135541318,0.9000170135541314,0.9000170135541314,0.9000170135541314,0.9000170135541314,3.3306690738754696e-16,473,0.0,0.0,0.0,0.0,0.0,0.0
lastfm,bpr,weighted_bpr,2,legacy_a0.8,legacy,niche,0.7461422789469127,0.123619957537155,0.6260204565120749,0.6999773152611581,0.7000170135541315,0.9000170135541314,0.9000170135541314,0.19163528095959045,465,0.20195021675511915,0.2000396982929733,0.19999999999999996,0.0,0.0,-0.03911217921882448
lastfm,bpr,weighted_bpr,2,legacy_a0.8,legacy,semi_niche,0.7461422789469127,0.123619957537155,0.8513894942082577,0.9000170135541314,0.9000170135541314,0.9000170135541314,0.9000170135541314,0.10627347689120437,473,0.0479932698744151,0.0,0.0,0.0,0.0,-0.09833479471128106
lastfm,bpr,weighted_bpr,2,legacy_a0.8,legacy,semi_mainstream,0.7461422789469127,0.123619957537155,0.8964228852565865,0.9000170135541314,0.9000170135541314,0.9000170135541314,0.9000170135541314,0.022707766354176463,473,0.0035941282975452404,0.0,0.0,0.0,0.0,-0.02270776635417613
lastfm,bpr,weighted_bpr,2,legacy_a0.8,legacy,mainstream,0.7461422789469127,0.123619957537155,0.8998055970636454,0.9000170135541314,0.9000170135541314,0.9000170135541314,0.9000170135541314,0.00459314185674428,473,0.00021141649048639355,0.0,0.0,0.0,0.0,-0.004593141856743947
lastfm,itemknn,weighted_itemknn,0,baseline,baseline,niche,0.5819172258683565,0.0,0.47053557326835255,0.49997164407644756,0.5999943288152896,0.6999943288152894,0.7000124766063631,0.17650097613776372,465,0.0,0.0,0.0,0.0,0.0,0.0
lastfm,itemknn,weighted_itemknn,0,baseline,baseline,semi_niche,0.5819172258683565,0.0,0.6668184497906517,0.6999943288152894,0.9000170135541314,0.9000170135541314,0.9000170135541314,0.21215453665775724,473,0.0,0.0,0.0,0.0,0.0,0.0
lastfm,itemknn,weighted_itemknn,0,baseline,baseline,semi_mainstream,0.5819172258683565,0.0,0.8579443765887262,0.9000170135541314,0.9000170135541314,0.9000170135541314,0.9000170135541314,0.1093215328884867,473,0.0,0.0,0.0,0.0,0.0,0.0
lastfm,itemknn,weighted_itemknn,0,baseline,baseline,mainstream,0.5819172258683565,0.0,0.8966342777674333,0.9000170135541314,0.9000170135541314,0.9000170135541314,0.9000170135541314,0.039409286783222024,473,0.0,0.0,0.0,0.0,0.0,0.0
lastfm,itemknn,weighted_itemknn,0,kl_lam0.1,kl,niche,0.2166836802207981,0.3652335456475584,0.47010864892256643,0.4999943288152895,0.600011342369421,0.600011342369421,0.6999943288152894,0.15222036027599578,465,0.00042692434578611715,-2.268473884192712e-05,-1.7013554131417585e-05,0.09998298644586845,1.8147791073674924e-05,0.02428061586176794
lastfm,itemknn,weighted_itemknn,0,kl_lam0.1,kl,semi_niche,0.2166836802207981,0.3652335456475584,0.45222134789792684,0.4999716440764475,0.5999943288152896,0.600011342369421,0.6999943288152894,0.153603794933735,473,0.2145971018927249,0.20002268473884194,0.30002268473884186,0.30000567118471044,0.200022684738842,0.05855074172402225
lastfm,itemknn,weighted_itemknn,0,kl_lam0.1,kl,semi_mainstream,0.2166836802207981,0.3652335456475584,0.5122705013627029,0.500011342369421,0.6000170135541314,0.9000170135541314,0.9000170135541314,0.21065352730309997,473,0.34567387522602333,0.4000056711847104,0.30000000000000004,0.0,0.0,-0.10133199441461327
lastfm,itemknn,weighted_itemknn,0,kl_lam0.1,kl,mainstream,0.2166836802207981,0.3652335456475584,0.8053012388241393,0.9000170135541314,0.9000170135541314,0.9000170135541314,0.9000170135541314,0.17470689985617072,473,0.09133303894329403,0.0,0.0,0.0,0.0,-0.13529761307294869
lastfm,itemknn,weighted_itemknn,0,kl_lam0.5,kl,niche,0.350919349010607,0.2309978768577494,0.462150964497774,0.4999943288152895,0.600011342369421,0.600011342369421,0.6999943288152894,0.15858129642959548,465,0.008384608770578561,-2.268473884192712e-05,-1.7013554131417585e-05,0.09998298644586845,1.8147791073674924e-05,0.01791967970816824
lastfm,itemknn,weighted_itemknn,0,kl_lam0.5,kl,semi_niche,0.350919349010607,0.2309978768577494,0.49218328501635833,0.49999432881528955,0.600011342369421,0.6999943288152894,0.8000170135541314,0.17497233169332796,473,0.17463516477429342,0.1999999999999999,0.30000567118471044,0.200022684738842,0.10000000000000009,0.03718220496442928
lastfm,itemknn,weighted_itemknn,0,kl_lam0.5,kl,semi_mainstream,0.350919349010607,0.2309978768577494,0.6488511294829786,0.6999943288152894,0.9000170135541314,0.9000170135541314,0.9000170135541314,0.23091961834412614,473,0.20909324710574761,0.200022684738842,0.0,0.0,0.0,-0.12159808545563944
lastfm,itemknn,weighted_itemknn,0,kl_lam0.5,kl,mainstream,0.350919349010607,0.2309978768577494,0.8710528344593174,0.9000170135541314,0.9000170135541314,0.9000170135541314,0.9000170135541314,0.10045597251843348,473,0.02558144330811596,0.0,0.0,0.0,0.0,-0.06104668573521146
lastfm,itemknn,weighted_itemknn,0,kl_lam2.0,kl,niche,0.4984777354224967,0.0834394904458598,0.4636543894664757,0.49997164407644756,0.600011342369421,0.6999943288152894,0.6999943288152894,0.1599426746976533,465,0.006881183801876856,0.0,-1.7013554131417585e-05,0.0,1.8147791073674924e-05,0.016558301440110418
lastfm,itemknn,weighted_itemknn,0,kl_lam2.0,kl,semi_niche,0.4984777354224967,0.0834394904458598,0.5693536492035343,0.5999943288152895,0.7000170135541315,0.9000170135541314,0.9000170135541314,0.21083657991862387,473,0.09746480058711748,0.09999999999999998,0.19999999999999996,0.0,0.0,0.0013179567391333746
lastfm,itemknn,weighted_itemknn,0,kl_lam2.0,kl,semi_mainstream,0.4984777354224967,0.0834394904458598,0.8021300514159437,0.9000170135541314,0.9000170135541314,0.9000170135541314,0.9000170135541314,0.17017646235204914,473,0.05581432517278251,0.0,0.0,0.0,0.0,-0.06085492946356244
lastfm,itemknn,weighted_itemknn,0,kl_lam2.0,kl,mainstream,0.4984777354224967,0.0834394904458598,0.8964227773482093,0.9000170135541314,0.9000170135541314,0.9000170135541314,0.9000170135541314,0.03689740029033345,473,0.00021150041922401996,0.0,0.0,0.0,0.0,0.002511886492888575
lastfm,itemknn,weighted_itemknn,0,kl_lam8.0,kl,niche,0.5603142534692058,0.0216029723991506,0.46386887001339744,0.49997164407644756,0.5999943288152896,0.6999943288152894,0.6999943288152894,0.1740886050976099,465,0.006666703254955109,0.0,0.0,0.0,1.8147791073674924e-05,0.002412371040153821
lastfm,itemknn,weighted_itemknn,0,kl_lam8.0,kl,semi_niche,0.5603142534692058,0.0216029723991506,0.6403909328667216,0.6999943288152894,0.8000170135541314,0.9000170135541314,0.9000170135541314,0.21359375603249453,473,0.026427516923930194,0.0,0.10000000000000009,0.0,0.0,-0.0014392193747372883
lastfm,itemknn,weighted_itemknn,0,kl_lam8.0,kl,semi_mainstream,0.5603142534692058,0.0216029723991506,0.8475848846261618,0.9000170135541314,0.9000170135541314,0.9000170135541314,0.9000170135541314,0.1257521826120844,473,0.010359491962564471,0.0,0.0,0.0,0.0,-0.0164306497235977
lastfm,itemknn,weighted_itemknn,0,kl_lam8.0,kl,mainstream,0.5603142534692058,0.0216029723991506,0.8968456103291819,0.9000170135541314,0.9000170135541314,0.9000170135541314,0.9000170135541314,0.03577306650930749,473,-0.0002113325617485451,0.0,0.0,0.0,0.0,0.0036362202739145325
lastfm,itemknn,weighted_itemknn,0,legacy_a0.1,legacy,niche,0.5458768861655965,0.0360403397027599,0.4599978412909812,0.49997164407644756,0.5999943288152896,0.6999943288152894,0.6999943288152894,0.16972862235934974,465,0.010537731977371345,0.0,0.0,0.0,1.8147791073674924e-05,0.006772353778413981
lastfm,itemknn,weighted_itemknn,0,legacy_a0.1,legacy,semi_niche,0.5458768861655965,0.0360403397027599,0.6236887543524544,0.6000170135541314,0.8000170135541314,0.9000170135541314,0.9000170135541314,0.21387074323275343,473,0.043129695438197335,0.09997731526115805,0.10000000000000009,0.0,0.0,-0.0017162065749961875
lastfm,itemknn,weighted_itemknn,0,legacy_a0.1,legacy,semi_mainstream,0.5458768861655965,0.0360403397027599,0.8397623905494324,0.9000170135541314,0.9000170135541314,0.9000170135541314,0.9000170135541314,0.13556657959843718,473,0.018181986039293885,0.0,0.0,0.0,0.0,-0.02624504670995048
lastfm,itemknn,weighted_itemknn,0,legacy_a0.1,legacy,mainstream,0.5458768861655965,0.0360403397027599,0.8968456103291819,0.9000170135541314,0.9000170135541314,0.9000170135541314,0.9000170135541314,0.03577306650930749,473,-0.0002113325617485451,0.0,0.0,0.0,0.0,0.0036362202739145325
lastfm,itemknn,weighted_itemknn,0,legacy_a0.2,legacy,niche,0.502883255592348,0.0790339702760084,0.45225597898368713,0.49997164407644756,0.5999943288152896,0.6999943288152894,0.6999943288152894,0.16290187312135887,465,0.018279594284665412,0.0,0.0,0.0,1.8147791073674924e-05,0.013599103016404851
lastfm,itemknn,weighted_itemknn,0,legacy_a0.2,legacy,semi_niche,0.502883255592348,0.0790339702760084,0.5733699750216085,0.5999943288152896,0.7000170135541315,0.9000170135541314,0.9000170135541314,0.2108313430476735,473,0.09344847476904328,0.09999999999999987,0.19999999999999996,0.0,0.0,0.0013231936100837338
lastfm,itemknn,weighted_itemknn,0,legacy_a0.2,legacy,semi_mainstream,0.502883255592348,0.0790339702760084,0.8067812022168217,0.9000170135541314,0.9000170135541314,0.9000170135541314,0.9000170135541314,0.16805407663908783,473,0.05116317437190454,0.0,0.0,0.0,0.0,-0.058732543750601135
lastfm,itemknn,weighted_itemknn,0,legacy_a0.2,legacy,mainstream,0.502883255592348,0.0790339702760084,0.8955771113862643,0.9000170135541314,0.9000170135541314,0.9000170135541314,0.9000170135541314,0.04114486514089685,473,0.001057166381169039,0.0,0.0,0.0,0.0,-0.0017355783576748288
lastfm,itemknn,weighted_itemknn,0,legacy_a0.4,legacy,niche,0.3757070347855539,0.2062101910828025,0.4425791450414637,0.49997164407644756,0.5999943288152896,0.600011342369421,0.6999943288152894,0.16314532559291672,465,0.027956428226888874,0.0,0.0,0.09998298644586845,1.8147791073674924e-05,0.013355650544846998
lastfm,itemknn,weighted_itemknn,0,legacy_a0.4,legacy,semi_niche,0.3757070347855539,0.2062101910828025,0.47928716685236894,0.4999943288152895,0.600011342369421,0.6999943288152894,0.8000170135541314,0.18170399282050606,473,0.1875312829382828,0.19999999999999996,0.30000567118471044,0.200022684738842,0.10000000000000009,0.03045054383725118
lastfm,itemknn,weighted_itemknn,0,legacy_a0.4,legacy,semi_mainstream,0.3757070347855539,0.2062101910828025,0.6706277234126048,0.7000170135541315,0.9000170135541314,0.9000170135541314,0.9000170135541314,0.22157345720972382,473,0.18731665317612145,0.19999999999999996,0.0,0.0,0.0,-0.11225192432123712
lastfm,itemknn,weighted_itemknn,0,legacy_a0.4,legacy,mainstream,0.3757070347855539,0.2062101910828025,0.8799324229782978,0.9000170135541314,0.9000170135541314,0.9000170135541314,0.9000170135541314,0.08576472022906963,473,0.01670185478913555,0.0,0.0,0.0,0.0,-0.0463554334458476
lastfm,itemknn,weighted_itemknn,0,legacy_a0.8,legacy,niche,0.13733123860721,0.4445859872611464,0.46430172166191325,0.4999943288152895,0.600011342369421,0.600011342369421,0.6999943288152894,0.1551092395622458,465,0.0062338516064393,-2.268473884192712e-05,-1.7013554131417585e-05,0.09998298644586845,1.8147791073674924e-05,0.021391736575517933
lastfm,itemknn,weighted_itemknn,0,legacy_a0.8,legacy,semi_niche,0.13733123860721,0.4445859872611464,0.4456656741893593,0.4999716440764475,0.5999943288152896,0.600011342369421,0.6999943288152894,0.1596340221564019,473,0.22115277560129243,0.20002268473884194,0.30002268473884186,0.30000567118471044,0.200022684738842,0.052520514501355337
lastfm,itemknn,weighted_itemknn,0,legacy_a0.8,legacy,semi_mainstream,0.13733123860721,0.4445859872611464,0.4471503256015382,0.4000283559235524,0.6000113423694209,0.6999943288152894,0.7000170135541315,0.19035262780810652,473,0.410794050987188,0.49998865763057904,0.30000567118471055,0.200022684738842,0.19999999999999996,-0.08103109491961982
lastfm,itemknn,weighted_itemknn,0,legacy_a0.8,legacy,mainstream,0.13733123860721,0.4445859872611464,0.7439889218862048,0.9000170135541314,0.9000170135541314,0.9000170135541314,0.9000170135541314,0.2084165995437845,473,0.15264535588122852,0.0,0.0,0.0,0.0,-0.16900731276056247
lastfm,itemknn,weighted_itemknn,1,baseline,baseline,niche,0.5865881388195242,0.0,0.4604287049758242,0.49997164407644756,0.5999943288152896,0.6999943288152894,0.7000170135541315,0.17726598217411074,465,0.0,0.0,0.0,0.0,0.0,0.0
lastfm,itemknn,weighted_itemknn,1,baseline,baseline,semi_niche,0.5865881388195242,0.0,0.6761208832804242,0.7000170135541315,0.9000170135541314,0.9000170135541314,0.9000170135541314,0.20706673368906314,473,0.0,0.0,0.0,0.0,0.0,0.0
lastfm,itemknn,weighted_itemknn,1,baseline,baseline,semi_mainstream,0.5865881388195242,0.0,0.8484302868120738,0.9000170135541314,0.9000170135541314,0.9000170135541314,0.9000170135541314,0.12559850581872065,473,0.0,0.0,0.0,0.0,0.0,0.0
lastfm,itemknn,weighted_itemknn,1,baseline,baseline,mainstream,0.5865881388195242,0.0,0.8993827640826728,0.9000170135541314,0.9000170135541314,0.9000170135541314,0.9000170135541314,0.0079386821799233,473,0.0,0.0,0.0,0.0,0.0,0.0
lastfm,itemknn,weighted_itemknn,1,kl_lam0.1,kl,niche,0.2268747630233458,0.3597133757961783,0.46236655488944545,0.4999943288152895,0.600011342369421,0.600011342369421,0.6999943288152894,0.15924195577837416,465,-0.0019378499136212257,-2.268473884192712e-05,-1.7013554131417585e-05,0.09998298644586845,2.2684738842038144e-05,0.01802402639573658
lastfm,itemknn,weighted_itemknn,1,kl_lam0.1,kl,semi_niche,0.2268747630233458,0.3597133757961783,0.44313005513278786,0.4999716440764475,0.5999943288152896,0.600011342369421,0.6999943288152894,0.16386036102162085,473,0.23299082814763633,0.20004536947768398,0.30002268473884186,0.30000567118471044,0.200022684738842,0.04320637266744229
lastfm,itemknn,weighted_itemknn,1,kl_lam0.1,kl,semi_mainstream,0.2268747630233458,0.3597133757961783,0.5355252122527804,0.5000283559235524,0.6000170135541314,0.9000170135541314,0.9000170135541314,0.1983228538893162,473,0.3129050745592934,0.399988657630579,0.30000000000000004,0.0,0.0,-0.07272434807059555
lastfm,itemknn,weighted_itemknn,1,kl_lam0.1,kl,mainstream,0.2268747630233458,0.3597133757961783,0.8107986191084875,0.9000170135541314,0.9000170135541314,0.9000170135541314,0.9000170135541314,0.18111235036985526,473,0.08858414497418532,0.0,0.0,0.0,0.0,-0.17317366818993196
lastfm,itemknn,weighted_itemknn,1,kl_lam0.5,kl,niche,0.3616412173757874,0.2249469214437367,0.4580657967191282,0.49997164407644756,0.600011342369421,0.600011342369421,0.6999943288152894,0.15761811719792876,465,0.0023629082566959947,0.0,-1.7013554131417585e-05,0.09998298644586845,2.2684738842038144e-05,0.019647864976181983
lastfm,itemknn,weighted_itemknn,1,kl_lam0.5,kl,semi_niche,0.3616412173757874,0.2249469214437367,0.49006838873249503,0.49999432881528955,0.600011342369421,0.7000170135541315,0.8000170135541314,0.18848229812175044,473,0.18605249454792916,0.20002268473884194,0.30000567118471044,0.19999999999999996,0.10000000000000009,0.018584435567312707
lastfm,itemknn,weighted_itemknn,1,kl_lam0.5,kl,semi_mainstream,0.3616412173757874,0.2249469214437367,0.6767582740846403,0.7000170135541315,0.9000170135541314,0.9000170135541314,0.9000170135541314,0.2173473546756906,473,0.1716720127274335,0.19999999999999996,0.0,0.0,0.0,-0.09174884885696996
lastfm,itemknn,weighted_itemknn,1,kl_lam0.5,kl,mainstream,0.3616412173757874,0.2249469214437367,0.8742242976333656,0.9000170135541314,0.9000170135541314,0.9000170135541314,0.9000170135541314,0.10183567136425982,473,0.025158466449307193,0.0,0.0,0.0,0.0,-0.09389698918433652
lastfm,itemknn,weighted_itemknn,1,kl_lam2.0,kl,niche,0.5044756122802461,0.0821125265392781,0.4513969347551543,0.49997164407644756,0.5999943288152896,0.6999773152611581,0.6999943288152894,0.1650111115117502,465,0.009031770220669921,0.0,0.0,1.7013554131306563e-05,2.2684738842038144e-05,0.012254870662360529
lastfm,itemknn,weighted_itemknn,1,kl_lam2.0,kl,semi_niche,0.5044756122802461,0.0821125265392781,0.5788676190819898,0.5999943288152896,0.7000170135541315,0.9000170135541314,0.9000170135541314,0.21205223436156156,473,0.09725326419843439,0.1000226847388419,0.19999999999999996,0.0,0.0,-0.004985500672498422
lastfm,itemknn,weighted_itemknn,1,kl_lam2.0,kl,semi_mainstream,0.5044756122802461,0.0821125265392781,0.8076267482805699,0.9000170135541314,0.9000170135541314,0.9000170135541314,0.9000170135541314,0.1597623400361748,473,0.04080353853150387,0.0,0.0,0.0,0.0,-0.03416383421745414
lastfm,itemknn,weighted_itemknn,1,kl_lam2.0,kl,mainstream,0.5044756122802461,0.0821125265392781,0.8962115047355593,0.9000170135541314,0.9000170135541314,0.9000170135541314,0.9000170135541314,0.03419740398396483,473,0.0031712593471134864,0.0,0.0,0.0,0.0,-0.026258721804041527
lastfm,itemknn,weighted_itemknn,1,kl_lam8.0,kl,niche,0.565675187651796,0.0209129511677281,0.4582779478116849,0.49997164407644756,0.5999943288152896,0.6999943288152894,0.6999943288152894,0.17221163394688796,465,0.0021507571641393164,0.0,0.0,0.0,2.2684738842038144e-05,0.005054348227222782
lastfm,itemknn,weighted_itemknn,1,kl_lam8.0,kl,semi_niche,0.565675187651796,0.0209129511677281,0.6545562094137111,0.6999943288152894,0.9000170135541314,0.9000170135541314,0.9000170135541314,0.209162347443143,473,0.021564673866713124,2.2684738842038144e-05,0.0,0.0,0.0,-0.0020956137540798503
lastfm,itemknn,weighted_itemknn,1,kl_lam8.0,kl,semi_mainstream,0.565675187651796,0.0209129511677281,0.8401851156220277,0.9000170135541314,0.9000170135541314,0.9000170135541314,0.9000170135541314,0.13622085744192897,473,0.008245171190046086,0.0,0.0,0.0,0.0,-0.01062235162320832
lastfm,itemknn,weighted_itemknn,1,kl_lam8.0,kl,mainstream,0.565675187651796,0.0209129511677281,0.898748514611214,0.9000170135541314,0.9000170135541314,0.9000170135541314,0.9000170135541314,0.014484729922165448,473,0.0006342494714588476,0.0,0.0,0.0,0.0,-0.006546047742242149
lastfm,itemknn,weighted_itemknn,1,legacy_a0.1,legacy,niche,0.5506008776730273,0.0359872611464968,0.4531167672539697,0.49997164407644756,0.5999943288152896,0.6999943288152894,0.6999943288152894,0.1694881641086086,465,0.007311937721854511,0.0,0.0,0.0,2.2684738842038144e-05,0.007777818065502151
lastfm,itemknn,weighted_itemknn,1,legacy_a0.1,legacy,semi_niche,0.5506008776730273,0.0359872611464968,0.6365852681804933,0.6999943288152894,0.8000170135541314,0.9000170135541314,0.9000170135541314,0.2117968346938498,473,0.039535615099930865,2.2684738842038144e-05,0.10000000000000009,0.0,0.0,-0.004730101004786658
lastfm,itemknn,weighted_itemknn,1,legacy_a0.1,legacy,semi_mainstream,0.5506008776730273,0.0359872611464968,0.8317282162061838,0.9000170135541314,0.9000170135541314,0.9000170135541314,0.9000170135541314,0.14959164616645884,473,0.016702070605890018,0.0,0.0,0.0,0.0,-0.023993140347738195
lastfm,itemknn,weighted_itemknn,1,legacy_a0.1,legacy,mainstream,0.5506008776730273,0.0359872611464968,0.8985370981207278,0.9000170135541314,0.9000170135541314,0.9000170135541314,0.9000170135541314,0.015177878305114221,473,0.0008456659619450191,0.0,0.0,0.0,0.0,-0.007239196125190922
lastfm,itemknn,weighted_itemknn,1,legacy_a0.2,legacy,niche,0.5080318755498852,0.078556263269639,0.44924566535497656,0.49997164407644756,0.5999943288152896,0.6999875233936369,0.6999943288152894,0.16396954622206825,465,0.011183039620847657,0.0,0.0,6.80542165254483e-06,2.2684738842038144e-05,0.013296435952042496
lastfm,itemknn,weighted_itemknn,1,legacy_a0.2,legacy,semi_niche,0.5080318755498852,0.078556263269639,0.5824613157460263,0.5999943288152896,0.8000170135541314,0.9000170135541314,0.9000170135541314,0.21559102491644339,473,0.09365956753439786,0.1000226847388419,0.10000000000000009,0.0,0.0,-0.008524291227380243
lastfm,itemknn,weighted_itemknn,1,legacy_a0.2,legacy,semi_mainstream,0.5080318755498852,0.078556263269639,0.8118548742633606,0.9000170135541314,0.9000170135541314,0.9000170135541314,0.9000170135541314,0.15750445591993847,473,0.036575412548713215,0.0,0.0,0.0,0.0,-0.03190595010121783
lastfm,itemknn,weighted_itemknn,1,legacy_a0.2,legacy,mainstream,0.5080318755498852,0.078556263269639,0.8970571706975043,0.9000170135541314,0.9000170135541314,0.9000170135541314,0.9000170135541314,0.029651316668809765,473,0.0023255933851684674,0.0,0.0,0.0,0.0,-0.021712634488886468
lastfm,itemknn,weighted_itemknn,1,legacy_a0.4,legacy,niche,0.3861104318131548,0.2004777070063694,0.4374181474251907,0.4999716440764475,0.500011342369421,0.600011342369421,0.6999943288152894,0.1624321827875136,465,0.023010557550633526,5.551115123125783e-17,0.09998298644586856,0.09998298644586845,2.2684738842038144e-05,0.014833799386597152
lastfm,itemknn,weighted_itemknn,1,legacy_a0.4,legacy,semi_niche,0.3861104318131548,0.2004777070063694,0.46956168456486963,0.49997164407644756,0.600011342369421,0.7000170135541315,0.8000170135541315,0.19713381296851495,473,0.20655919871555456,0.20004536947768392,0.30000567118471044,0.19999999999999996,0.09999999999999998,0.009932920720548188
lastfm,itemknn,weighted_itemknn,1,legacy_a0.4,legacy,semi_mainstream,0.3861104318131548,0.2004777070063694,0.6953637765246284,0.7000170135541315,0.9000170135541314,0.9000170135541314,0.9000170135541314,0.21873140925299464,473,0.15306651028744533,0.19999999999999996,0.0,0.0,0.0,-0.093132903434274
lastfm,itemknn,weighted_itemknn,1,legacy_a0.4,legacy,mainstream,0.3861104318131548,0.2004777070063694,0.8845835737791757,0.9000170135541314,0.9000170135541314,0.9000170135541314,0.9000170135541314,0.07635067942658479,473,0.014799190303497078,0.0,0.0,0.0,0.0,-0.06841199724666149
lastfm,itemknn,weighted_itemknn,1,legacy_a0.8,legacy,niche,0.1492739137664456,0.4373142250530785,0.44365631644966763,0.49997164407644756,0.5999943288152896,0.600011342369421,0.6999943288152894,0.1618691414565097,465,0.01677238852615659,0.0,0.0,0.09998298644586845,2.2684738842038144e-05,0.015396840717601029
lastfm,itemknn,weighted_itemknn,1,legacy_a0.8,legacy,semi_niche,0.1492739137664456,0.4373142250530785,0.42727278722182566,0.40001134236942104,0.500011342369421,0.600011342369421,0.6999943288152894,0.15672330032984286,473,0.24884809605859853,0.30000567118471044,0.4000056711847104,0.30000567118471044,0.200022684738842,0.050343433359220285
lastfm,itemknn,weighted_itemknn,1,legacy_a0.8,legacy,semi_mainstream,0.1492739137664456,0.4373142250530785,0.4655427449661042,0.4999716440764475,0.600011342369421,0.6999943288152894,0.7400170135541292,0.18477143847927635,473,0.38288754184596957,0.40004536947768393,0.30000567118471044,0.200022684738842,0.16000000000000225,-0.059172932660555705
lastfm,itemknn,weighted_itemknn,1,legacy_a0.8,legacy,mainstream,0.1492739137664456,0.4373142250530785,0.7522354719055144,0.9000170135541314,0.9000170135541314,0.9000170135541314,0.9000170135541314,0.21111044962515776,473,0.14714729217715838,0.0,0.0,0.0,0.0,-0.20317176744523446
lastfm,itemknn,weighted_itemknn,2,baseline,baseline,niche,0.5829257184373586,0.0,0.45892493851643024,0.4999716440764475,0.5999943288152895,0.6999943288152894,0.799977315261158,0.17588652890788142,465,0.0,0.0,0.0,0.0,0.0,0.0
lastfm,itemknn,weighted_itemknn,2,baseline,baseline,semi_niche,0.5829257184373586,0.0,0.6532871589390881,0.7000170135541315,0.9000170135541314,0.9000170135541314,0.9000170135541314,0.2216519078274129,473,0.0,0.0,0.0,0.0,0.0,0.0
lastfm,itemknn,weighted_itemknn,2,baseline,baseline,semi_mainstream,0.5829257184373586,0.0,0.8511791927710022,0.9000170135541314,0.9000170135541314,0.9000170135541314,0.9000170135541314,0.1214956504481442,473,0.0,0.0,0.0,0.0,0.0,0.0
lastfm,itemknn,weighted_itemknn,2,baseline,baseline,mainstream,0.5829257184373586,0.0,0.8987485146112141,0.9000170135541314,0.9000170135541314,0.9000170135541314,0.9000170135541314,0.01448472992216545,473,0.0,0.0,0.0,0.0,0.0,0.0
lastfm,itemknn,weighted_itemknn,2,kl_lam0.1,kl,niche,0.2056964190743013,0.3772292993630573,0.48279623555296186,0.4999943288152895,0.600011342369421,0.600011342369421,0.6999943288152894,0.13664599789437554,465,-0.023871297036531625,-2.2684738841982632e-05,-1.7013554131528608e-05,0.09998298644586845,0.09998298644586856,0.039240531013505886
lastfm,itemknn,weighted_itemknn,2,kl_lam0.1,kl,semi_niche,0.2056964190743013,0.3772292993630573,0.45898656768511,0.49997164407644756,0.600011342369421,0.6999943288152894,0.6999943288152894,0.16194059963983962,473,0.19430059125397808,0.20004536947768392,0.30000567118471044,0.200022684738842,0.200022684738842,0.05971130818757328
lastfm,itemknn,weighted_itemknn,2,kl_lam0.1,kl,semi_mainstream,0.2056964190743013,0.3772292993630573,0.5014862100887378,0.500011342369421,0.600011342369421,0.8000170135541314,0.9000170135541314,0.19631649515401847,473,0.34969298268226434,0.4000056711847104,0.30000567118471044,0.10000000000000009,0.0,-0.07482084470587427
lastfm,itemknn,weighted_itemknn,2,kl_lam0.1,kl,mainstream,0.2056964190743013,0.3772292993630573,0.8031870259599979,0.9000170135541314,0.9000170135541314,0.9000170135541314,0.9000170135541314,0.18058856590679087,473,0.09556148865121616,0.0,0.0,0.0,0.0,-0.16610383598462541
lastfm,itemknn,weighted_itemknn,2,kl_lam0.5,kl,niche,0.3459299647218596,0.2369957537154989,0.47204403522476496,0.4999943288152895,0.600011342369421,0.600011342369421,0.6999943288152894,0.1387859796844404,465,-0.013119096708334721,-2.2684738841982632e-05,-1.7013554131528608e-05,0.09998298644586845,0.09998298644586856,0.037100549223441026
lastfm,itemknn,weighted_itemknn,2,kl_lam0.5,kl,semi_niche,0.3459299647218596,0.2369957537154989,0.49302880710046715,0.500011342369421,0.600011342369421,0.6999943288152894,0.8000170135541314,0.1741606327994387,473,0.16025835183862092,0.20000567118471047,0.30000567118471044,0.200022684738842,0.10000000000000009,0.047491275027974206
lastfm,itemknn,weighted_itemknn,2,kl_lam0.5,kl,semi_mainstream,0.3459299647218596,0.2369957537154989,0.6317256503847712,0.6000170135541314,0.9000170135541314,0.9000170135541314,0.9000170135541314,0.2351950502813646,473,0.21945354238623094,0.30000000000000004,0.0,0.0,0.0,-0.11369939983322039
lastfm,itemknn,weighted_itemknn,2,kl_lam0.5,kl,mainstream,0.3459299647218596,0.2369957537154989,0.8708415618466675,0.9000170135541314,0.9000170135541314,0.9000170135541314,0.9000170135541314,0.10582752874888197,473,0.027906952764546578,0.0,0.0,0.0,0.0,-0.09134279882671653
lastfm,itemknn,weighted_itemknn,2,kl_lam2.0,kl,niche,0.4976284785222843,0.0852972399150743,0.4608596540333405,0.49997164407644756,0.5999943288152896,0.6999943288152894,0.6999943288152894,0.15772286306271208,465,-0.001934715516910268,-5.551115123125783e-17,-1.1102230246251565e-16,0.0,0.09998298644586856,0.018163665845169347
lastfm,itemknn,weighted_itemknn,2,kl_lam2.0,kl,semi_niche,0.4976284785222843,0.0852972399150743,0.5672385011334576,0.5999943288152895,0.7000170135541315,0.9000170135541314,0.9000170135541314,0.20033040613722536,473,0.08604865780563042,0.10002268473884202,0.19999999999999996,0.0,0.0,0.02132150169018754
lastfm,itemknn,weighted_itemknn,2,kl_lam2.0,kl,semi_mainstream,0.4976284785222843,0.0852972399150743,0.7924045331589855,0.9000170135541314,0.9000170135541314,0.9000170135541314,0.9000170135541314,0.17199784428667655,473,0.058774659612016666,0.0,0.0,0.0,0.0,-0.050502193838532355
lastfm,itemknn,weighted_itemknn,2,kl_lam2.0,kl,mainstream,0.4976284785222843,0.0852972399150743,0.8966342897572532,0.9000170135541314,0.9000170135541314,0.9000170135541314,0.9000170135541314,0.03031213797257723,473,0.0021142248539608444,0.0,0.0,0.0,0.0,-0.01582740805041178
lastfm,itemknn,weighted_itemknn,2,kl_lam8.0,kl,niche,0.5628620241698427,0.0200636942675159,0.4509678638964454,0.4999716440764475,0.5999943288152895,0.6999943288152894,0.7000170135541315,0.17290560154533996,465,0.00795707461998485,0.0,0.0,0.0,0.09996030170702652,0.0029809273625414634
lastfm,itemknn,weighted_itemknn,2,kl_lam8.0,kl,semi_niche,0.5628620241698427,0.0200636942675159,0.6344703119475317,0.6999943288152894,0.8000170135541314,0.9000170135541314,0.9000170135541314,0.21737030173432906,473,0.01881684699155639,2.2684738842038144e-05,0.10000000000000009,0.0,0.0,0.0042816060930838395
lastfm,itemknn,weighted_itemknn,2,kl_lam8.0,kl,semi_mainstream,0.5628620241698427,0.0200636942675159,0.8433565068571579,0.9000170135541314,0.9000170135541314,0.9000170135541314,0.9000170135541314,0.12760376084581354,473,0.007822685913844274,0.0,0.0,0.0,0.0,-0.006108110397669342
lastfm,itemknn,weighted_itemknn,2,kl_lam8.0,kl,mainstream,0.5628620241698427,0.0200636942675159,0.8981142651397553,0.9000170135541314,0.9000170135541314,0.9000170135541314,0.9000170135541314,0.019951713720767907,473,0.0006342494714587366,0.0,0.0,0.0,0.0,-0.005466983798602457
lastfm,itemknn,weighted_itemknn,2,legacy_a0.1,legacy,niche,0.5482123426411802,0.0347133757961783,0.4496775657079925,0.4999716440764475,0.5999943288152895,0.6999943288152894,0.6999943288152894,0.1722848300202732,465,0.009247372808437737,0.0,0.0,0.0,0.09998298644586856,0.0036016988876082234
lastfm,itemknn,weighted_itemknn,2,legacy_a0.1,legacy,semi_niche,0.5482123426411802,0.0347133757961783,0.6196706900105259,0.6000170135541314,0.8000170135541314,0.9000170135541314,0.9000170135541314,0.2097414174909066,473,0.03361646892856218,0.10000000000000009,0.10000000000000009,0.0,0.0,0.01191049033650629
lastfm,itemknn,weighted_itemknn,2,legacy_a0.1,legacy,semi_mainstream,0.5482123426411802,0.0347133757961783,0.8340540733673852,0.9000170135541314,0.9000170135541314,0.9000170135541314,0.9000170135541314,0.13902583408397828,473,0.01712511940361694,0.0,0.0,0.0,0.0,-0.017530183635834085
lastfm,itemknn,weighted_itemknn,2,legacy_a0.1,legacy,mainstream,0.5482123426411802,0.0347133757961783,0.8979028486492691,0.9000170135541314,0.9000170135541314,0.9000170135541314,0.9000170135541314,0.02045393086249104,473,0.0008456659619450191,0.0,0.0,0.0,0.0,-0.005969200940325589
lastfm,itemknn,weighted_itemknn,2,legacy_a0.2,legacy,niche,0.500919349010607,0.0820063694267516,0.45204187651574607,0.49997164407644756,0.5999943288152895,0.6999943288152894,0.6999943288152894,0.16118098662587718,465,0.00688306200068417,-5.551115123125783e-17,0.0,0.0,0.09998298644586856,0.014705542282004241
lastfm,itemknn,weighted_itemknn,2,legacy_a0.2,legacy,semi_niche,0.500919349010607,0.0820063694267516,0.5701978044481991,0.5999943288152895,0.7000170135541315,0.9000170135541314,0.9000170135541314,0.20005424177907555,473,0.08308935449088894,0.10002268473884202,0.19999999999999996,0.0,0.0,0.02159766604833735
lastfm,itemknn,weighted_itemknn,2,legacy_a0.2,legacy,semi_mainstream,0.500919349010607,0.0820063694267516,0.793672996132444,0.9000170135541314,0.9000170135541314,0.9000170135541314,0.9000170135541314,0.17131055867437622,473,0.05750619663855816,0.0,0.0,0.0,0.0,-0.049814908226232024
lastfm,itemknn,weighted_itemknn,2,legacy_a0.2,legacy,mainstream,0.500919349010607,0.0820063694267516,0.8970571227382257,0.9000170135541314,0.9000170135541314,0.9000170135541314,0.9000170135541314,0.02742944371881128,473,0.0016913918729883903,0.0,0.0,0.0,0.0,-0.01294471379664583
lastfm,itemknn,weighted_itemknn,2,legacy_a0.4,legacy,niche,0.3691252938089084,0.2138004246284501,0.4593545094150814,0.49997164407644756,0.5999943288152896,0.600011342369421,0.6999943288152894,0.14665892223520327,465,-0.00042957089865114373,-5.551115123125783e-17,-1.1102230246251565e-16,0.09998298644586845,0.09998298644586856,0.029227606672678152
lastfm,itemknn,weighted_itemknn,2,legacy_a0.4,legacy,semi_niche,0.3691252938089084,0.2138004246284501,0.4873202381322067,0.500011342369421,0.600011342369421,0.6999943288152894,0.8000170135541314,0.17181914502226137,473,0.16596692080688136,0.20000567118471047,0.30000567118471044,0.200022684738842,0.10000000000000009,0.04983276280515153
lastfm,itemknn,weighted_itemknn,2,legacy_a0.4,legacy,semi_mainstream,0.3691252938089084,0.2138004246284501,0.6541367935313483,0.6999773152611581,0.9000170135541314,0.9000170135541314,0.9000170135541314,0.22438472834942885,473,0.19704239923965383,0.2000396982929733,0.0,0.0,0.0,-0.10288907790128465
lastfm,itemknn,weighted_itemknn,2,legacy_a0.4,legacy,mainstream,0.3691252938089084,0.2138004246284501,0.8833150148871597,0.9000170135541314,0.9000170135541314,0.9000170135541314,0.9000170135541314,0.07691296358922885,473,0.01543349972405439,0.0,0.0,0.0,0.0,-0.0624282336670634
lastfm,itemknn,weighted_itemknn,2,legacy_a0.8,legacy,niche,0.1349427035753628,0.4479830148619957,0.4705375856242176,0.4999943288152895,0.600011342369421,0.600011342369421,0.6999943288152894,0.14131816005298192,465,-0.011612647107787366,-2.2684738841982632e-05,-1.7013554131528608e-05,0.09998298644586845,0.09998298644586856,0.0345683688548995
lastfm,itemknn,weighted_itemknn,2,legacy_a0.8,legacy,semi_niche,0.1349427035753628,0.4479830148619957,0.44968295919300844,0.4999716440764475,0.5999943288152896,0.6999943288152894,0.6999943288152894,0.16296923876288746,473,0.20360419974607963,0.20004536947768398,0.30002268473884186,0.200022684738842,0.200022684738842,0.05868266906452543
lastfm,itemknn,weighted_itemknn,2,legacy_a0.8,legacy,semi_mainstream,0.1349427035753628,0.4479830148619957,0.4479941930905307,0.49997164407644756,0.5999943288152896,0.6999943288152894,0.6999943288152894,0.17641326223934148,473,0.4031849996804715,0.4000453694776839,0.30002268473884186,0.200022684738842,0.200022684738842,-0.05491761179119728
lastfm,itemknn,weighted_itemknn,2,legacy_a0.8,legacy,mainstream,0.1349427035753628,0.4479830148619957,0.7482174315432254,0.9000170135541314,0.9000170135541314,0.9000170135541314,0.9000170135541314,0.21694397581771716,473,0.15053108306798868,0.0,0.0,0.0,0.0,-0.2024592458955517
lastfm,lightgcn,weighted_lightgcn,0,baseline,baseline,niche,0.8710361218343863,0.0,0.8389387688894663,0.9000170135541314,0.9000170135541314,0.9000170135541314,0.9000170135541314,0.1410110539141776,465,0.0,0.0,0.0,0.0,0.0,0.0
lastfm,lightgcn,weighted_lightgcn,0,baseline,baseline,semi_niche,0.8710361218343863,0.0,0.8995941805731591,0.9000170135541314,0.9000170135541314,0.9000170135541314,0.9000170135541314,0.009186283713488551,473,0.0,0.0,0.0,0.0,0.0,0.0
lastfm,lightgcn,weighted_lightgcn,0,baseline,baseline,semi_mainstream,0.8710361218343863,0.0,0.9000170135541318,0.9000170135541314,0.9000170135541314,0.9000170135541314,0.9000170135541314,3.3306690738754696e-16,473,0.0,0.0,0.0,0.0,0.0,0.0
lastfm,lightgcn,weighted_lightgcn,0,baseline,baseline,mainstream,0.8710361218343863,0.0,0.9000170135541318,0.9000170135541314,0.9000170135541314,0.9000170135541314,0.9000170135541314,3.3306690738754696e-16,473,0.0,0.0,0.0,0.0,0.0,0.0
lastfm,lightgcn,weighted_lightgcn,0,kl_lam0.1,kl,niche,0.8170021515583776,0.0540339702760086,0.6939910687987881,0.8000170135541315,0.9000170135541314,0.9000170135541314,0.9000170135541314,0.24628048525411558,465,0.14494770009067814,0.09999999999999998,0.0,0.0,0.0,-0.10526943133993799
lastfm,lightgcn,weighted_lightgcn,0,kl_lam0.1,kl,semi_niche,0.8170021515583776,0.0540339702760086,0.893674327002429,0.9000170135541314,0.9000170135541314,0.9000170135541314,0.9000170135541314,0.051222787695569365,473,0.005919853570730105,0.0,0.0,0.0,0.0,-0.042036503982080815
lastfm,lightgcn,weighted_lightgcn,0,kl_lam0.1,kl,semi_mainstream,0.8170021515583776,0.0540339702760086,0.9000170135541318,0.9000170135541314,0.9000170135541314,0.9000170135541314,0.9000170135541314,3.3306690738754696e-16,473,0.0,0.0,0.0,0.0,0.0,0.0
lastfm,lightgcn,weighted_lightgcn,0,kl_lam0.1,kl,mainstream,0.8170021515583776,0.0540339702760086,0.9000170135541318,0.9000170135541314,0.9000170135541314,0.9000170135541314,0.9000170135541314,3.3306690738754696e-16,473,0.0,0.0,0.0,0.0,0.0,0.0
lastfm,lightgcn,weighted_lightgcn,0,kl_lam0.5,kl,niche,0.8418959944458512,0.0291401273885351,0.7550681914226076,0.9000170135541314,0.9000170135541314,0.9000170135541314,0.9000170135541314,0.22865285398474303,465,0.08387057746685866,0.0,0.0,0.0,0.0,-0.08764180007056543
lastfm,lightgcn,weighted_lightgcn,0,kl_lam0.5,kl,semi_niche,0.8418959944458512,0.0291401273885351,0.896845754207018,0.9000170135541314,0.9000170135541314,0.9000170135541314,0.9000170135541314,0.04374751612910122,473,0.0027484263661411434,0.0,0.0,0.0,0.0,-0.034561232415612674
lastfm,lightgcn,weighted_lightgcn,0,kl_lam0.5,kl,semi_mainstream,0.8418959944458512,0.0291401273885351,0.9000170135541318,0.9000170135541314,0.9000170135541314,0.9000170135541314,0.9000170135541314,3.3306690738754696e-16,473,0.0,0.0,0.0,0.0,0.0,0.0
lastfm,lightgcn,weighted_lightgcn,0,kl_lam0.5,kl,mainstream,0.8418959944458512,0.0291401273885351,0.9000170135541318,0.9000170135541314,0.9000170135541314,0.9000170135541314,0.9000170135541314,3.3306690738754696e-16,473,0.0,0.0,0.0,0.0,0.0,0.0
lastfm,lightgcn,weighted_lightgcn,0,kl_lam2.0,kl,niche,0.8599427035753628,0.0110934182590234,0.8148518204807824,0.9000170135541314,0.9000170135541314,0.9000170135541314,0.9000170135541314,0.15922133462250385,465,0.02408694840868386,0.0,0.0,0.0,0.0,-0.018210280708326254
lastfm,lightgcn,weighted_lightgcn,0,kl_lam2.0,kl,semi_niche,0.8599427035753628,0.0110934182590234,0.8989598351831428,0.9000170135541314,0.9000170135541314,0.9000170135541314,0.9000170135541314,0.013754838600595124,473,0.0006343453900162777,0.0,0.0,0.0,0.0,-0.004568554887106573
lastfm,lightgcn,weighted_lightgcn,0,kl_lam2.0,kl,semi_mainstream,0.8599427035753628,0.0110934182590234,0.9000170135541318,0.9000170135541314,0.9000170135541314,0.9000170135541314,0.9000170135541314,3.3306690738754696e-16,473,0.0,0.0,0.0,0.0,0.0,0.0
lastfm,lightgcn,weighted_lightgcn,0,kl_lam2.0,kl,mainstream,0.8599427035753628,0.0110934182590234,0.9000170135541318,0.9000170135541314,0.9000170135541314,0.9000170135541314,0.9000170135541314,3.3306690738754696e-16,473,0.0,0.0,0.0,0.0,0.0,0.0
lastfm,lightgcn,weighted_lightgcn,0,kl_lam8.0,kl,niche,0.8671613872271675,0.0038747346072187,0.8316263555198616,0.9000170135541314,0.9000170135541314,0.9000170135541314,0.9000170135541314,0.14477310228601714,465,0.007312413369604642,0.0,0.0,0.0,0.0,-0.003762048371839549
lastfm,lightgcn,weighted_lightgcn,0,kl_lam8.0,kl,semi_niche,0.8671613872271675,0.0038747346072187,0.8989599311017004,0.9000170135541314,0.9000170135541314,0.9000170135541314,0.9000170135541314,0.013753451135129461,473,0.0006342494714587366,0.0,0.0,0.0,0.0,-0.00456716742164091
lastfm,lightgcn,weighted_lightgcn,0,kl_lam8.0,kl,semi_mainstream,0.8671613872271675,0.0038747346072187,0.9000170135541318,0.9000170135541314,0.9000170135541314,0.9000170135541314,0.9000170135541314,3.3306690738754696e-16,473,0.0,0.0,0.0,0.0,0.0,0.0
lastfm,lightgcn,weighted_lightgcn,0,kl_lam8.0,kl,mainstream,0.8671613872271675,0.0038747346072187,0.9000170135541318,0.9000170135541314,0.9000170135541314,0.9000170135541314,0.9000170135541314,3.3306690738754696e-16,473,0.0,0.0,0.0,0.0,0.0,0.0
lastfm,lightgcn,weighted_lightgcn,0,legacy_a0.1,legacy,niche,0.86493208786411,0.0061040339702762,0.8275399071511201,0.9000170135541314,0.9000170135541314,0.9000170135541314,0.9000170135541314,0.14538374873567522,465,0.011398861738346144,0.0,0.0,0.0,0.0,-0.00437269482149763
lastfm,lightgcn,weighted_lightgcn,0,legacy_a0.1,legacy,semi_niche,0.86493208786411,0.0061040339702762,0.8987484666519353,0.9000170135541314,0.9000170135541314,0.9000170135541314,0.9000170135541314,0.015877964672459617,473,0.0008457139212237896,0.0,0.0,0.0,0.0,-0.006691680958971066
lastfm,lightgcn,weighted_lightgcn,0,legacy_a0.1,legacy,semi_mainstream,0.86493208786411,0.0061040339702762,0.9000170135541318,0.9000170135541314,0.9000170135541314,0.9000170135541314,0.9000170135541314,3.3306690738754696e-16,473,0.0,0.0,0.0,0.0,0.0,0.0
lastfm,lightgcn,weighted_lightgcn,0,legacy_a0.1,legacy,mainstream,0.86493208786411,0.0061040339702762,0.9000170135541318,0.9000170135541314,0.9000170135541314,0.9000170135541314,0.9000170135541314,3.3306690738754696e-16,473,0.0,0.0,0.0,0.0,0.0,0.0
lastfm,lightgcn,weighted_lightgcn,0,legacy_a0.2,legacy,niche,0.8578195613248321,0.0132165605095542,0.8165714212537709,0.9000170135541314,0.9000170135541314,0.9000170135541314,0.9000170135541314,0.15354856883233953,465,0.022367347635695367,0.0,0.0,0.0,0.0,-0.012537514918161935
lastfm,lightgcn,weighted_lightgcn,0,legacy_a0.2,legacy,semi_niche,0.8578195613248321,0.0132165605095542,0.8987483707333779,0.9000170135541314,0.9000170135541314,0.9000170135541314,0.9000170135541314,0.0158791652291666,473,0.0008458098397812197,0.0,0.0,0.0,0.0,-0.006692881515678048
lastfm,lightgcn,weighted_lightgcn,0,legacy_a0.2,legacy,semi_mainstream,0.8578195613248321,0.0132165605095542,0.9000170135541318,0.9000170135541314,0.9000170135541314,0.9000170135541314,0.9000170135541314,3.3306690738754696e-16,473,0.0,0.0,0.0,0.0,0.0,0.0
lastfm,lightgcn,weighted_lightgcn,0,legacy_a0.2,legacy,mainstream,0.8578195613248321,0.0132165605095542,0.9000170135541318,0.9000170135541314,0.9000170135541314,0.9000170135541314,0.9000170135541314,3.3306690738754696e-16,473,0.0,0.0,0.0,0.0,0.0,0.0
lastfm,lightgcn,weighted_lightgcn,0,legacy_a0.4,legacy,niche,0.8442845294776983,0.026751592356688,0.7963548917626957,0.9000170135541314,0.9000170135541314,0.9000170135541314,0.9000170135541314,0.16697742333792004,465,0.042583877126770586,0.0,0.0,0.0,0.0,-0.025966369423742447
lastfm,lightgcn,weighted_lightgcn,0,legacy_a0.4,legacy,semi_niche,0.8442845294776983,0.026751592356688,0.8983255377524053,0.9000170135541314,0.9000170135541314,0.9000170135541314,0.9000170135541314,0.017122486697067382,473,0.0012686428207537848,0.0,0.0,0.0,0.0,-0.007936202983578831
lastfm,lightgcn,weighted_lightgcn,0,legacy_a0.4,legacy,semi_mainstream,0.8442845294776983,0.026751592356688,0.9000170135541318,0.9000170135541314,0.9000170135541314,0.9000170135541314,0.9000170135541314,3.3306690738754696e-16,473,0.0,0.0,0.0,0.0,0.0,0.0
lastfm,lightgcn,weighted_lightgcn,0,legacy_a0.4,legacy,mainstream,0.8442845294776983,0.026751592356688,0.9000170135541318,0.9000170135541314,0.9000170135541314,0.9000170135541314,0.9000170135541314,3.3306690738754696e-16,473,0.0,0.0,0.0,0.0,0.0,0.0
lastfm,lightgcn,weighted_lightgcn,0,legacy_a0.8,legacy,niche,0.8032017269299276,0.0678343949044586,0.687319133418584,0.799977315261158,0.9000170135541314,0.9000170135541314,0.9000170135541314,0.23735454656572777,465,0.1516196354708823,0.10003969829297343,0.0,0.0,0.0,-0.09634349265155018
lastfm,lightgcn,weighted_lightgcn,0,legacy_a0.8,legacy,semi_niche,0.8032017269299276,0.0678343949044586,0.8873315805016279,0.9000170135541314,0.9000170135541314,0.9000170135541314,0.9000170135541314,0.05786987181583362,473,0.012262600071531238,0.0,0.0,0.0,0.0,-0.04868358810234507
lastfm,lightgcn,weighted_lightgcn,0,legacy_a0.8,legacy,semi_mainstream,0.8032017269299276,0.0678343949044586,0.8995941326138803,0.9000170135541314,0.9000170135541314,0.9000170135541314,0.9000170135541314,0.009187325655723399,473,0.0004228809402514466,0.0,0.0,0.0,0.0,-0.009187325655723066
lastfm,lightgcn,weighted_lightgcn,0,legacy_a0.8,legacy,mainstream,0.8032017269299276,0.0678343949044586,0.9000170135541318,0.9000170135541314,0.9000170135541314,0.9000170135541314,0.9000170135541314,3.3306690738754696e-16,473,0.0,0.0,0.0,0.0,0.0,0.0
lastfm,lightgcn,weighted_lightgcn,1,baseline,baseline,niche,0.8720976929596516,0.0,0.8378637317980887,0.9000170135541314,0.9000170135541314,0.9000170135541314,0.9000170135541314,0.14453810157825528,465,0.0,0.0,0.0,0.0,0.0,0.0
lastfm,lightgcn,weighted_lightgcn,1,baseline,baseline,semi_niche,0.8720976929596516,0.0,0.9000170135541318,0.9000170135541314,0.9000170135541314,0.9000170135541314,0.9000170135541314,3.3306690738754696e-16,473,0.0,0.0,0.0,0.0,0.0,0.0
lastfm,lightgcn,weighted_lightgcn,1,baseline,baseline,semi_mainstream,0.8720976929596516,0.0,0.9000170135541318,0.9000170135541314,0.9000170135541314,0.9000170135541314,0.9000170135541314,3.3306690738754696e-16,473,0.0,0.0,0.0,0.0,0.0,0.0
lastfm,lightgcn,weighted_lightgcn,1,baseline,baseline,mainstream,0.8720976929596516,0.0,0.9000170135541318,0.9000170135541314,0.9000170135541314,0.9000170135541314,0.9000170135541314,3.3306690738754696e-16,473,0.0,0.0,0.0,0.0,0.0,0.0
lastfm,lightgcn,weighted_lightgcn,1,kl_lam0.1,kl,niche,0.8163652088832185,0.055732484076433,0.7017324310661401,0.9000170135541314,0.9000170135541314,0.9000170135541314,0.9000170135541314,0.24327397424756947,465,0.13613130073194857,0.0,0.0,0.0,0.0,-0.09873587266931419
lastfm,lightgcn,weighted_lightgcn,1,kl_lam0.1,kl,semi_niche,0.8163652088832185,0.055732484076433,0.8919831269665555,0.9000170135541314,0.9000170135541314,0.9000170135541314,0.9000170135541314,0.05139663533035318,473,0.008033886587576311,0.0,0.0,0.0,0.0,-0.051396635330352845
lastfm,lightgcn,weighted_lightgcn,1,kl_lam0.1,kl,semi_mainstream,0.8163652088832185,0.055732484076433,0.8995941805731591,0.9000170135541314,0.9000170135541314,0.9000170135541314,0.9000170135541314,0.009186283713488551,473,0.0004228329809726761,0.0,0.0,0.0,0.0,-0.009186283713488218
lastfm,lightgcn,weighted_lightgcn,1,kl_lam0.1,kl,mainstream,0.8163652088832185,0.055732484076433,0.9000170135541318,0.9000170135541314,0.9000170135541314,0.9000170135541314,0.9000170135541314,3.3306690738754696e-16,473,0.0,0.0,0.0,0.0,0.0,0.0
lastfm,lightgcn,weighted_lightgcn,1,kl_lam0.5,kl,niche,0.8446560793715412,0.0274416135881103,0.7580786148161834,0.9000170135541314,0.9000170135541314,0.9000170135541314,0.9000170135541314,0.2280022124251383,465,0.07978511698190527,0.0,0.0,0.0,0.0,-0.08346411084688302
lastfm,lightgcn,weighted_lightgcn,1,kl_lam0.5,kl,semi_niche,0.8446560793715412,0.0274416135881103,0.8991713475921866,0.9000170135541314,0.9000170135541314,0.9000170135541314,0.9000170135541314,0.014515555089870508,473,0.0008456659619451301,0.0,0.0,0.0,0.0,-0.014515555089870175
lastfm,lightgcn,weighted_lightgcn,1,kl_lam0.5,kl,semi_mainstream,0.8446560793715412,0.0274416135881103,0.9000170135541318,0.9000170135541314,0.9000170135541314,0.9000170135541314,0.9000170135541314,3.3306690738754696e-16,473,0.0,0.0,0.0,0.0,0.0,0.0
lastfm,lightgcn,weighted_lightgcn,1,kl_lam0.5,kl,mainstream,0.8446560793715412,0.0274416135881103,0.9000170135541318,0.9000170135541314,0.9000170135541314,0.9000170135541314,0.9000170135541314,3.3306690738754696e-16,473,0.0,0.0,0.0,0.0,0.0,0.0
lastfm,lightgcn,weighted_lightgcn,1,kl_lam2.0,kl,niche,0.8636051239575284,0.0084925690021231,0.8204435720170332,0.9000170135541314,0.9000170135541314,0.9000170135541314,0.9000170135541314,0.15832918796488252,465,0.01742015978105549,0.0,0.0,0.0,0.0,-0.013791086386627238
lastfm,lightgcn,weighted_lightgcn,1,kl_lam2.0,kl,semi_niche,0.8636051239575284,0.0084925690021231,0.8998055970636454,0.9000170135541314,0.9000170135541314,0.9000170135541314,0.9000170135541314,0.00459314185674428,473,0.00021141649048639355,0.0,0.0,0.0,0.0,-0.004593141856743947
lastfm,lightgcn,weighted_lightgcn,1,kl_lam2.0,kl,semi_mainstream,0.8636051239575284,0.0084925690021231,0.9000170135541318,0.9000170135541314,0.9000170135541314,0.9000170135541314,0.9000170135541314,3.3306690738754696e-16,473,0.0,0.0,0.0,0.0,0.0,0.0
lastfm,lightgcn,weighted_lightgcn,1,kl_lam2.0,kl,mainstream,0.8636051239575284,0.0084925690021231,0.9000170135541318,0.9000170135541314,0.9000170135541314,0.9000170135541314,0.9000170135541314,3.3306690738754696e-16,473,0.0,0.0,0.0,0.0,0.0,0.0
lastfm,lightgcn,weighted_lightgcn,1,kl_lam8.0,kl,niche,0.8698683935965943,0.0022292993630572,0.8346375716596874,0.9000170135541314,0.9000170135541314,0.9000170135541314,0.9000170135541314,0.1480570641868162,465,0.0032261601384012684,0.0,0.0,0.0,0.0,-0.0035189626085609105
lastfm,lightgcn,weighted_lightgcn,1,kl_lam8.0,kl,semi_niche,0.8698683935965943,0.0022292993630572,0.9000170135541318,0.9000170135541314,0.9000170135541314,0.9000170135541314,0.9000170135541314,3.3306690738754696e-16,473,0.0,0.0,0.0,0.0,0.0,0.0
lastfm,lightgcn,weighted_lightgcn,1,kl_lam8.0,kl,semi_mainstream,0.8698683935965943,0.0022292993630572,0.9000170135541318,0.9000170135541314,0.9000170135541314,0.9000170135541314,0.9000170135541314,3.3306690738754696e-16,473,0.0,0.0,0.0,0.0,0.0,0.0
lastfm,lightgcn,weighted_lightgcn,1,kl_lam8.0,kl,mainstream,0.8698683935965943,0.0022292993630572,0.9000170135541318,0.9000170135541314,0.9000170135541314,0.9000170135541314,0.9000170135541314,3.3306690738754696e-16,473,0.0,0.0,0.0,0.0,0.0,0.0
lastfm,lightgcn,weighted_lightgcn,1,legacy_a0.1,legacy,niche,0.8679044870148533,0.0041932059447982,0.8318415190481678,0.9000170135541314,0.9000170135541314,0.9000170135541314,0.9000170135541314,0.14817661365041143,465,0.006022212749920874,0.0,0.0,0.0,0.0,-0.0036385120721561526
lastfm,lightgcn,weighted_lightgcn,1,legacy_a0.1,legacy,semi_niche,0.8679044870148533,0.0041932059447982,0.9000170135541318,0.9000170135541314,0.9000170135541314,0.9000170135541314,0.9000170135541314,3.3306690738754696e-16,473,0.0,0.0,0.0,0.0,0.0,0.0
lastfm,lightgcn,weighted_lightgcn,1,legacy_a0.1,legacy,semi_mainstream,0.8679044870148533,0.0041932059447982,0.9000170135541318,0.9000170135541314,0.9000170135541314,0.9000170135541314,0.9000170135541314,3.3306690738754696e-16,473,0.0,0.0,0.0,0.0,0.0,0.0
lastfm,lightgcn,weighted_lightgcn,1,legacy_a0.1,legacy,mainstream,0.8679044870148533,0.0041932059447982,0.9000170135541318,0.9000170135541314,0.9000170135541314,0.9000170135541314,0.9000170135541314,3.3306690738754696e-16,473,0.0,0.0,0.0,0.0,0.0,0.0
lastfm,lightgcn,weighted_lightgcn,1,legacy_a0.2,legacy,niche,0.8614819817069976,0.0106157112526539,0.8208729233859534,0.9000170135541314,0.9000170135541314,0.9000170135541314,0.9000170135541314,0.15288226757440038,465,0.016990808412135294,0.0,0.0,0.0,0.0,-0.008344165996145098
lastfm,lightgcn,weighted_lightgcn,1,legacy_a0.2,legacy,semi_niche,0.8614819817069976,0.0106157112526539,0.8995941805731591,0.9000170135541314,0.9000170135541314,0.9000170135541314,0.9000170135541314,0.006488798838572017,473,0.0004228329809726761,0.0,0.0,0.0,0.0,-0.006488798838571684
lastfm,lightgcn,weighted_lightgcn,1,legacy_a0.2,legacy,semi_mainstream,0.8614819817069976,0.0106157112526539,0.9000170135541318,0.9000170135541314,0.9000170135541314,0.9000170135541314,0.9000170135541314,3.3306690738754696e-16,473,0.0,0.0,0.0,0.0,0.0,0.0
lastfm,lightgcn,weighted_lightgcn,1,legacy_a0.2,legacy,mainstream,0.8614819817069976,0.0106157112526539,0.9000170135541318,0.9000170135541314,0.9000170135541314,0.9000170135541314,0.9000170135541314,3.3306690738754696e-16,473,0.0,0.0,0.0,0.0,0.0,0.0
lastfm,lightgcn,weighted_lightgcn,1,legacy_a0.4,legacy,niche,0.8495923851040252,0.0225053078556263,0.7987209710043913,0.9000170135541314,0.9000170135541314,0.9000170135541314,0.9000170135541314,0.17127149401463787,465,0.039142760793697384,0.0,0.0,0.0,0.0,-0.02673339243638259
lastfm,lightgcn,weighted_lightgcn,1,legacy_a0.4,legacy,semi_niche,0.8495923851040252,0.0225053078556263,0.8989598831424216,0.9000170135541314,0.9000170135541314,0.9000170135541314,0.9000170135541314,0.013754144885441187,473,0.0010571304117101832,0.0,0.0,0.0,0.0,-0.013754144885440854
lastfm,lightgcn,weighted_lightgcn,1,legacy_a0.4,legacy,semi_mainstream,0.8495923851040252,0.0225053078556263,0.9000170135541318,0.9000170135541314,0.9000170135541314,0.9000170135541314,0.9000170135541314,3.3306690738754696e-16,473,0.0,0.0,0.0,0.0,0.0,0.0
lastfm,lightgcn,weighted_lightgcn,1,legacy_a0.4,legacy,mainstream,0.8495923851040252,0.0225053078556263,0.9000170135541318,0.9000170135541314,0.9000170135541314,0.9000170135541314,0.9000170135541314,3.3306690738754696e-16,473,0.0,0.0,0.0,0.0,0.0,0.0
lastfm,lightgcn,weighted_lightgcn,1,legacy_a0.8,legacy,niche,0.8034140411549806,0.0686836518046709,0.6946312296896886,0.8000170135541314,0.9000170135541314,0.9000170135541314,0.9000170135541314,0.22537063929964682,465,0.1432325021084001,0.10000000000000009,0.0,0.0,0.0,-0.08083253772139154
lastfm,lightgcn,weighted_lightgcn,1,legacy_a0.8,legacy,semi_niche,0.8034140411549806,0.0686836518046709,0.8854287481585137,0.9000170135541314,0.9000170135541314,0.9000170135541314,0.9000170135541314,0.05497401736117309,473,0.014588265395618083,0.0,0.0,0.0,0.0,-0.05497401736117276
lastfm,lightgcn,weighted_lightgcn,1,legacy_a0.8,legacy,semi_mainstream,0.8034140411549806,0.0686836518046709,0.899382716123394,0.9000170135541314,0.9000170135541314,0.9000170135541314,0.9000170135541314,0.010262801606380531,473,0.0006342974307377292,0.0,0.0,0.0,0.0,-0.010262801606380198
lastfm,lightgcn,weighted_lightgcn,1,legacy_a0.8,legacy,mainstream,0.8034140411549806,0.0686836518046709,0.9000170135541318,0.9000170135541314,0.9000170135541314,0.9000170135541314,0.9000170135541314,3.3306690738754696e-16,473,0.0,0.0,0.0,0.0,0.0,0.0
lastfm,lightgcn,weighted_lightgcn,2,baseline,baseline,niche,0.8692845294776983,0.0,0.834637522875303,0.9000170135541314,0.9000170135541314,0.9000170135541314,0.9000170135541314,0.13482912836183597,465,0.0,0.0,0.0,0.0,0.0,0.0
lastfm,lightgcn,weighted_lightgcn,2,baseline,baseline,semi_niche,0.8692845294776983,0.0,0.8998055970636454,0.9000170135541314,0.9000170135541314,0.9000170135541314,0.9000170135541314,0.004593141856744279,473,0.0,0.0,0.0,0.0,0.0,0.0
lastfm,lightgcn,weighted_lightgcn,2,baseline,baseline,semi_mainstream,0.8692845294776983,0.0,0.9000170135541318,0.9000170135541314,0.9000170135541314,0.9000170135541314,0.9000170135541314,3.3306690738754696e-16,473,0.0,0.0,0.0,0.0,0.0,0.0
lastfm,lightgcn,weighted_lightgcn,2,baseline,baseline,mainstream,0.8692845294776983,0.0,0.9000170135541318,0.9000170135541314,0.9000170135541314,0.9000170135541314,0.9000170135541314,3.3306690738754696e-16,473,0.0,0.0,0.0,0.0,0.0,0.0
lastfm,lightgcn,weighted_lightgcn,2,kl_lam0.1,kl,niche,0.8118004530445773,0.057484076433121,0.6849590302640028,0.8000170135541314,0.9000170135541314,0.9000170135541314,0.9000170135541314,0.24893571209405946,465,0.14967849261130017,0.10000000000000009,0.0,0.0,0.0,-0.11410658373222349
lastfm,lightgcn,weighted_lightgcn,2,kl_lam0.1,kl,semi_niche,0.8118004530445773,0.057484076433121,0.8860634532431204,0.9000170135541314,0.9000170135541314,0.9000170135541314,0.9000170135541314,0.077322335759801,473,0.013742143820524966,0.0,0.0,0.0,0.0,-0.07272919390305672
lastfm,lightgcn,weighted_lightgcn,2,kl_lam0.1,kl,semi_mainstream,0.8118004530445773,0.057484076433121,0.8993827640826729,0.9000170135541314,0.9000170135541314,0.9000170135541314,0.9000170135541314,0.013779425570232833,473,0.0006342494714588476,0.0,0.0,0.0,0.0,-0.0137794255702325
lastfm,lightgcn,weighted_lightgcn,2,kl_lam0.1,kl,mainstream,0.8118004530445773,0.057484076433121,0.9000170135541318,0.9000170135541314,0.9000170135541314,0.9000170135541314,0.9000170135541314,3.3306690738754696e-16,473,0.0,0.0,0.0,0.0,0.0,0.0
lastfm,lightgcn,weighted_lightgcn,2,kl_lam0.5,kl,niche,0.8409405804331124,0.0283439490445859,0.7533474320204846,0.9000170135541314,0.9000170135541314,0.9000170135541314,0.9000170135541314,0.2210342456256314,465,0.08129009085481842,0.0,0.0,0.0,0.0,-0.08620511726379543
lastfm,lightgcn,weighted_lightgcn,2,kl_lam0.5,kl,semi_niche,0.8409405804331124,0.0283439490445859,0.8957887077240458,0.9000170135541314,0.9000170135541314,0.9000170135541314,0.9000170135541314,0.04090751249345371,473,0.004016889339599539,0.0,0.0,0.0,0.0,-0.03631437063670943
lastfm,lightgcn,weighted_lightgcn,2,kl_lam0.5,kl,semi_mainstream,0.8409405804331124,0.0283439490445859,0.8998055970636454,0.9000170135541314,0.9000170135541314,0.9000170135541314,0.9000170135541314,0.004593141856744281,473,0.00021141649048639355,0.0,0.0,0.0,0.0,-0.004593141856743948
lastfm,lightgcn,weighted_lightgcn,2,kl_lam0.5,kl,mainstream,0.8409405804331124,0.0283439490445859,0.9000170135541318,0.9000170135541314,0.9000170135541314,0.9000170135541314,0.9000170135541314,3.3306690738754696e-16,473,0.0,0.0,0.0,0.0,0.0,0.0
lastfm,lightgcn,weighted_lightgcn,2,kl_lam2.0,kl,niche,0.8592526823439403,0.010031847133758,0.8081852025985004,0.9000170135541314,0.9000170135541314,0.9000170135541314,0.9000170135541314,0.16454399666601036,465,0.026452320276802666,0.0,0.0,0.0,0.0,-0.029714868304174386
lastfm,lightgcn,weighted_lightgcn,2,kl_lam2.0,kl,semi_niche,0.8592526823439403,0.010031847133758,0.8991712996329079,0.9000170135541314,0.9000170135541314,0.9000170135541314,0.9000170135541314,0.011231822962219494,473,0.0006342974307375071,0.0,0.0,0.0,0.0,-0.006638681105475215
lastfm,lightgcn,weighted_lightgcn,2,kl_lam2.0,kl,semi_mainstream,0.8592526823439403,0.010031847133758,0.9000170135541318,0.9000170135541314,0.9000170135541314,0.9000170135541314,0.9000170135541314,3.3306690738754696e-16,473,0.0,0.0,0.0,0.0,0.0,0.0
lastfm,lightgcn,weighted_lightgcn,2,kl_lam2.0,kl,mainstream,0.8592526823439403,0.010031847133758,0.9000170135541318,0.9000170135541314,0.9000170135541314,0.9000170135541314,0.9000170135541314,3.3306690738754696e-16,473,0.0,0.0,0.0,0.0,0.0,0.0
lastfm,lightgcn,weighted_lightgcn,2,kl_lam8.0,kl,niche,0.8660998161019021,0.0031847133757961,0.8288306565951306,0.9000170135541314,0.9000170135541314,0.9000170135541314,0.9000170135541314,0.13579341787818833,465,0.005806866280172462,0.0,0.0,0.0,0.0,-0.0009642895163523568
lastfm,lightgcn,weighted_lightgcn,2,kl_lam8.0,kl,semi_niche,0.8660998161019021,0.0031847133757961,0.8995941805731591,0.9000170135541314,0.9000170135541314,0.9000170135541314,0.9000170135541314,0.009186283713488548,473,0.00021141649048628253,0.0,0.0,0.0,0.0,-0.004593141856744269
lastfm,lightgcn,weighted_lightgcn,2,kl_lam8.0,kl,semi_mainstream,0.8660998161019021,0.0031847133757961,0.9000170135541318,0.9000170135541314,0.9000170135541314,0.9000170135541314,0.9000170135541314,3.3306690738754696e-16,473,0.0,0.0,0.0,0.0,0.0,0.0
lastfm,lightgcn,weighted_lightgcn,2,kl_lam8.0,kl,mainstream,0.8660998161019021,0.0031847133757961,0.9000170135541318,0.9000170135541314,0.9000170135541314,0.9000170135541314,0.9000170135541314,3.3306690738754696e-16,473,0.0,0.0,0.0,0.0,0.0,0.0
lastfm,lightgcn,weighted_lightgcn,2,legacy_a0.1,legacy,niche,0.8638705167388447,0.0054140127388535,0.8245293496004864,0.9000170135541314,0.9000170135541314,0.9000170135541314,0.9000170135541314,0.13835627602354014,465,0.010108173274816612,0.0,0.0,0.0,0.0,-0.003527147661704172
lastfm,lightgcn,weighted_lightgcn,2,legacy_a0.1,legacy,semi_niche,0.8638705167388447,0.0054140127388535,0.8991713475921865,0.9000170135541314,0.9000170135541314,0.9000170135541314,0.9000170135541314,0.011230972503419387,473,0.0006342494714588476,0.0,0.0,0.0,0.0,-0.0066378306466751075
lastfm,lightgcn,weighted_lightgcn,2,legacy_a0.1,legacy,semi_mainstream,0.8638705167388447,0.0054140127388535,0.9000170135541318,0.9000170135541314,0.9000170135541314,0.9000170135541314,0.9000170135541314,3.3306690738754696e-16,473,0.0,0.0,0.0,0.0,0.0,0.0
lastfm,lightgcn,weighted_lightgcn,2,legacy_a0.1,legacy,mainstream,0.8638705167388447,0.0054140127388535,0.9000170135541318,0.9000170135541314,0.9000170135541314,0.9000170135541314,0.9000170135541314,3.3306690738754696e-16,473,0.0,0.0,0.0,0.0,0.0,0.0
lastfm,lightgcn,weighted_lightgcn,2,legacy_a0.2,legacy,niche,0.8573949328747259,0.0118895966029723,0.8139908614651536,0.9000170135541314,0.9000170135541314,0.9000170135541314,0.9000170135541314,0.14532130517953668,465,0.02064666141014937,0.0,0.0,0.0,0.0,-0.010492176817700705
lastfm,lightgcn,weighted_lightgcn,2,legacy_a0.2,legacy,semi_niche,0.8573949328747259,0.0118895966029723,0.8983256336709627,0.9000170135541314,0.9000170135541314,0.9000170135541314,0.9000170135541314,0.017121375691544507,473,0.0014799633926826372,0.0,0.0,0.0,0.0,-0.012528233834800229
lastfm,lightgcn,weighted_lightgcn,2,legacy_a0.2,legacy,semi_mainstream,0.8573949328747259,0.0118895966029723,0.9000170135541318,0.9000170135541314,0.9000170135541314,0.9000170135541314,0.9000170135541314,3.3306690738754696e-16,473,0.0,0.0,0.0,0.0,0.0,0.0
lastfm,lightgcn,weighted_lightgcn,2,legacy_a0.2,legacy,mainstream,0.8573949328747259,0.0118895966029723,0.9000170135541318,0.9000170135541314,0.9000170135541314,0.9000170135541314,0.9000170135541314,3.3306690738754696e-16,473,0.0,0.0,0.0,0.0,0.0,0.0
lastfm,lightgcn,weighted_lightgcn,2,legacy_a0.4,legacy,niche,0.844231450921435,0.0250530785562632,0.7926991607256434,0.9000170135541314,0.9000170135541314,0.9000170135541314,0.9000170135541314,0.1684606730823628,465,0.041938362149659625,0.0,0.0,0.0,0.0,-0.03363154472052682
lastfm,lightgcn,weighted_lightgcn,2,legacy_a0.4,legacy,semi_niche,0.844231450921435,0.0250530785562632,0.8966341099099578,0.9000170135541314,0.9000170135541314,0.9000170135541314,0.9000170135541314,0.024957991874151247,473,0.0031714871536875355,0.0,0.0,0.0,0.0,-0.02036485001740697
lastfm,lightgcn,weighted_lightgcn,2,legacy_a0.4,legacy,semi_mainstream,0.844231450921435,0.0250530785562632,0.8998055970636454,0.9000170135541314,0.9000170135541314,0.9000170135541314,0.9000170135541314,0.004593141856744281,473,0.00021141649048639355,0.0,0.0,0.0,0.0,-0.004593141856743948
lastfm,lightgcn,weighted_lightgcn,2,legacy_a0.4,legacy,mainstream,0.844231450921435,0.0250530785562632,0.9000170135541318,0.9000170135541314,0.9000170135541314,0.9000170135541314,0.9000170135541314,3.3306690738754696e-16,473,0.0,0.0,0.0,0.0,0.0,0.0
lastfm,lightgcn,weighted_lightgcn,2,legacy_a0.8,legacy,niche,0.7969384572908618,0.0723460721868365,0.6782873266096254,0.7000170135541315,0.9000170135541314,0.9000170135541314,0.9000170135541314,0.2268625300821633,465,0.1563501962656776,0.19999999999999996,0.0,0.0,0.0,-0.09203340172032734
lastfm,lightgcn,weighted_lightgcn,2,legacy_a0.8,legacy,semi_niche,0.7969384572908618,0.0723460721868365,0.8820459284430777,0.9000170135541314,0.9000170135541314,0.9000170135541314,0.9000170135541314,0.07523658713793734,473,0.01775966862056766,0.0,0.0,0.0,0.0,-0.07064344528119305
lastfm,lightgcn,weighted_lightgcn,2,legacy_a0.8,legacy,semi_mainstream,0.7969384572908618,0.0723460721868365,0.899382716123394,0.9000170135541314,0.9000170135541314,0.9000170135541314,0.9000170135541314,0.01026280160638053,473,0.0006342974307377292,0.0,0.0,0.0,0.0,-0.010262801606380196
lastfm,lightgcn,weighted_lightgcn,2,legacy_a0.8,legacy,mainstream,0.7969384572908618,0.0723460721868365,0.9000170135541318,0.9000170135541314,0.9000170135541314,0.9000170135541314,0.9000170135541314,3.3306690738754696e-16,473,0.0,0.0,0.0,0.0,0.0,0.0
lastfm,neumf,weighted_neumf,0,baseline,baseline,niche,0.8795286908365094,0.0,0.8432407222772064,0.9000170135541314,0.9000170135541314,0.9000170135541314,0.9000170135541314,0.09839036563152324,465,0.0,0.0,0.0,0.0,0.0,0.0
lastfm,neumf,weighted_neumf,0,baseline,baseline,semi_niche,0.8795286908365094,0.0,0.8957886357851277,0.9000170135541314,0.9000170135541314,0.9000170135541314,0.9000170135541314,0.023960512924467083,473,0.0,0.0,0.0,0.0,0.0,0.0
lastfm,neumf,weighted_neumf,0,baseline,baseline,semi_mainstream,0.8795286908365094,0.0,0.8993827640826728,0.9000170135541314,0.9000170135541314,0.9000170135541314,0.9000170135541314,0.007938682179923297,473,0.0,0.0,0.0,0.0,0.0,0.0
lastfm,neumf,weighted_neumf,0,baseline,baseline,mainstream,0.8795286908365094,0.0,0.9000170135541318,0.9000170135541314,0.9000170135541314,0.9000170135541314,0.9000170135541314,3.3306690738754696e-16,473,0.0,0.0,0.0,0.0,0.0,0.0
lastfm,neumf,weighted_neumf,0,kl_lam0.1,kl,niche,0.8672675443396941,0.0122611464968153,0.8088316322828226,0.8000170135541314,0.9000170135541314,0.9000170135541314,0.9000170135541314,0.11353736104402368,465,0.034409089994383746,0.10000000000000009,0.0,0.0,0.0,-0.015146995412500433
lastfm,neumf,weighted_neumf,0,kl_lam0.1,kl,semi_niche,0.8672675443396941,0.0122611464968153,0.8854290359141861,0.9000170135541314,0.9000170135541314,0.9000170135541314,0.9000170135541314,0.043847387451076796,473,0.010359599870941594,0.0,0.0,0.0,0.0,-0.019886874526609713
lastfm,neumf,weighted_neumf,0,kl_lam0.1,kl,semi_mainstream,0.8672675443396941,0.0122611464968153,0.8962115167253789,0.9000170135541314,0.9000170135541314,0.9000170135541314,0.9000170135541314,0.021228152839004182,473,0.003171247357293905,0.0,0.0,0.0,0.0,-0.013289470659080885
lastfm,neumf,weighted_neumf,0,kl_lam0.1,kl,mainstream,0.8672675443396941,0.0122611464968153,0.8991713475921865,0.9000170135541314,0.9000170135541314,0.9000170135541314,0.9000170135541314,0.011230972503419387,473,0.0008456659619452411,0.0,0.0,0.0,0.0,-0.011230972503419053
lastfm,neumf,weighted_neumf,0,kl_lam0.5,kl,niche,0.8758662704543437,0.0036624203821656,0.8296925181218744,0.9000170135541314,0.9000170135541314,0.9000170135541314,0.9000170135541314,0.09936100233948095,465,0.013548204155331978,0.0,0.0,0.0,0.0,-0.0009706367079577033
lastfm,neumf,weighted_neumf,0,kl_lam0.5,kl,semi_niche,0.8758662704543437,0.0036624203821656,0.8900804385012774,0.9000170135541314,0.9000170135541314,0.9000170135541314,0.9000170135541314,0.03450949243592509,473,0.0057081972838503026,0.0,0.0,0.0,0.0,-0.010548979511458008
lastfm,neumf,weighted_neumf,0,kl_lam0.5,kl,semi_mainstream,0.8758662704543437,0.0036624203821656,0.8985370981207278,0.9000170135541314,0.9000170135541314,0.9000170135541314,0.9000170135541314,0.01207482478756334,473,0.0008456659619450191,0.0,0.0,0.0,0.0,-0.004136142607640043
lastfm,neumf,weighted_neumf,0,kl_lam0.5,kl,mainstream,0.8758662704543437,0.0036624203821656,0.8998055970636454,0.9000170135541314,0.9000170135541314,0.9000170135541314,0.9000170135541314,0.00459314185674428,473,0.00021141649048639355,0.0,0.0,0.0,0.0,-0.004593141856743947
lastfm,neumf,weighted_neumf,0,kl_lam2.0,kl,niche,0.8839342110063608,-0.0044055201698514,0.8499083646315652,0.9000170135541314,0.9000170135541314,0.9000170135541314,0.9000170135541314,0.09231428805028997,465,-0.006667642354358794,0.0,0.0,0.0,0.0,0.006076077581233269
lastfm,neumf,weighted_neumf,0,kl_lam2.0,kl,semi_niche,0.8839342110063608,-0.0044055201698514,0.8945201368422102,0.9000170135541314,0.9000170135541314,0.9000170135541314,0.9000170135541314,0.027035215866789423,473,0.0012684989429174731,0.0,0.0,0.0,0.0,-0.0030747029423223403
lastfm,neumf,weighted_neumf,0,kl_lam2.0,kl,semi_mainstream,0.8839342110063608,-0.0044055201698514,0.8989599311017004,0.9000170135541314,0.9000170135541314,0.9000170135541314,0.9000170135541314,0.010226965431245525,473,0.00042283298097245403,0.0,0.0,0.0,0.0,-0.0022882832513222272
lastfm,neumf,weighted_neumf,0,kl_lam2.0,kl,mainstream,0.8839342110063608,-0.0044055201698514,0.9000170135541318,0.9000170135541314,0.9000170135541314,0.9000170135541314,0.9000170135541314,3.3306690738754696e-16,473,0.0,0.0,0.0,0.0,0.0,0.0
lastfm,neumf,weighted_neumf,0,kl_lam8.0,kl,niche,0.8836157396687812,-0.0040870488322717,0.853993934881384,0.9000170135541314,0.9000170135541314,0.9000170135541314,0.9000170135541314,0.08469317004818752,465,-0.010753212604177609,0.0,0.0,0.0,0.0,0.013697195583335722
lastfm,neumf,weighted_neumf,0,kl_lam8.0,kl,semi_niche,0.8836157396687812,-0.0040870488322717,0.8949429698231828,0.9000170135541314,0.9000170135541314,0.9000170135541314,0.9000170135541314,0.02632658984124478,473,0.0008456659619449081,0.0,0.0,0.0,0.0,-0.002366076916777697
lastfm,neumf,weighted_neumf,0,kl_lam8.0,kl,semi_mainstream,0.8836157396687812,-0.0040870488322717,0.8991713475921866,0.9000170135541314,0.9000170135541314,0.9000170135541314,0.9000170135541314,0.009157043478946188,473,0.0002114164904861715,0.0,0.0,0.0,0.0,-0.001218361299022891
lastfm,neumf,weighted_neumf,0,kl_lam8.0,kl,mainstream,0.8836157396687812,-0.0040870488322717,0.9000170135541318,0.9000170135541314,0.9000170135541314,0.9000170135541314,0.9000170135541314,3.3306690738754696e-16,473,0.0,0.0,0.0,0.0,0.0,0.0
lastfm,neumf,weighted_neumf,0,legacy_a0.1,legacy,niche,0.8822356972059361,-0.0027070063694266,0.8490475641651865,0.9000170135541314,0.9000170135541314,0.9000170135541314,0.9000170135541314,0.08947065201944378,465,-0.005806841887980085,0.0,0.0,0.0,0.0,0.008919713612079466
lastfm,neumf,weighted_neumf,0,legacy_a0.1,legacy,semi_niche,0.8822356972059361,-0.0027070063694266,0.8936744708802651,0.9000170135541314,0.9000170135541314,0.9000170135541314,0.9000170135541314,0.029115985253326124,473,0.0021141649048626032,0.0,0.0,0.0,0.0,-0.005155472328859042
lastfm,neumf,weighted_neumf,0,legacy_a0.1,legacy,semi_mainstream,0.8822356972059361,-0.0027070063694266,0.8991713475921866,0.9000170135541314,0.9000170135541314,0.9000170135541314,0.9000170135541314,0.009157043478946188,473,0.0002114164904861715,0.0,0.0,0.0,0.0,-0.001218361299022891
lastfm,neumf,weighted_neumf,0,legacy_a0.1,legacy,mainstream,0.8822356972059361,-0.0027070063694266,0.8998055970636454,0.9000170135541314,0.9000170135541314,0.9000170135541314,0.9000170135541314,0.004593141856744281,473,0.00021141649048639355,0.0,0.0,0.0,0.0,-0.004593141856743948
lastfm,neumf,weighted_neumf,0,legacy_a0.2,legacy,niche,0.8815987545307769,-0.0020700636942674,0.8481872515426537,0.9000170135541314,0.9000170135541314,0.9000170135541314,0.9000170135541314,0.09136062176799409,465,-0.004946529265447364,0.0,0.0,0.0,0.0,0.007029743863529156
lastfm,neumf,weighted_neumf,0,legacy_a0.2,legacy,semi_niche,0.8815987545307769,-0.0020700636942674,0.8924060198966264,0.9000170135541314,0.9000170135541314,0.9000170135541314,0.9000170135541314,0.03355599979539364,473,0.003382615888501306,0.0,0.0,0.0,0.0,-0.00959548687092656
lastfm,neumf,weighted_neumf,0,legacy_a0.2,legacy,semi_mainstream,0.8815987545307769,-0.0020700636942674,0.8991713475921865,0.9000170135541314,0.9000170135541314,0.9000170135541314,0.9000170135541314,0.009157043478946188,473,0.00021141649048628253,0.0,0.0,0.0,0.0,-0.001218361299022891
lastfm,neumf,weighted_neumf,0,legacy_a0.2,legacy,mainstream,0.8815987545307769,-0.0020700636942674,0.9000170135541318,0.9000170135541314,0.9000170135541314,0.9000170135541314,0.9000170135541314,3.3306690738754696e-16,473,0.0,0.0,0.0,0.0,0.0,0.0
lastfm,neumf,weighted_neumf,0,legacy_a0.4,legacy,niche,0.8749639349978682,0.0045647558386412,0.8316278922279767,0.9000170135541314,0.9000170135541314,0.9000170135541314,0.9000170135541314,0.1119295619971042,465,0.011612830049229639,0.0,0.0,0.0,0.0,-0.013539196365580958
lastfm,neumf,weighted_neumf,0,legacy_a0.4,legacy,semi_niche,0.8749639349978682,0.0045647558386412,0.8911374250351514,0.9000170135541314,0.9000170135541314,0.9000170135541314,0.9000170135541314,0.03569673397447616,473,0.00465121074997632,0.0,0.0,0.0,0.0,-0.011736221050009078
lastfm,neumf,weighted_neumf,0,legacy_a0.4,legacy,semi_mainstream,0.8749639349978682,0.0045647558386412,0.898748514611214,0.9000170135541314,0.9000170135541314,0.9000170135541314,0.9000170135541314,0.011191103820605544,473,0.0006342494714588476,0.0,0.0,0.0,0.0,-0.003252421640682247
lastfm,neumf,weighted_neumf,0,legacy_a0.4,legacy,mainstream,0.8749639349978682,0.0045647558386412,0.9000170135541318,0.9000170135541314,0.9000170135541314,0.9000170135541314,0.9000170135541314,3.3306690738754696e-16,473,0.0,0.0,0.0,0.0,0.0,0.0
lastfm,neumf,weighted_neumf,0,legacy_a0.8,legacy,niche,0.8684883511337493,0.01104033970276,0.8144230179361889,0.9000170135541314,0.9000170135541314,0.9000170135541314,0.9000170135541314,0.10689990827803066,465,0.02881770434101749,0.0,0.0,0.0,0.0,-0.008509542646507412
lastfm,neumf,weighted_neumf,0,legacy_a0.8,legacy,semi_niche,0.8684883511337493,0.01104033970276,0.882469300965936,0.9000170135541314,0.9000170135541314,0.9000170135541314,0.9000170135541314,0.04515382568037405,473,0.013319334819191675,0.0,0.0,0.0,0.0,-0.021193312755906968
lastfm,neumf,weighted_neumf,0,legacy_a0.8,legacy,semi_mainstream,0.8684883511337493,0.01104033970276,0.8945201368422101,0.9000170135541314,0.9000170135541314,0.9000170135541314,0.9000170135541314,0.026241562431887532,473,0.0048626272404627136,0.0,0.0,0.0,0.0,-0.018302880251964235
lastfm,neumf,weighted_neumf,0,legacy_a0.8,legacy,mainstream,0.8684883511337493,0.01104033970276,0.8995941805731591,0.9000170135541314,0.9000170135541314,0.9000170135541314,0.9000170135541314,0.0064887988385720135,473,0.0004228329809726761,0.0,0.0,0.0,0.0,-0.0064887988385716805
lastfm,neumf,weighted_neumf,1,baseline,baseline,niche,0.8835095825562546,0.0,0.852488814655317,0.9000170135541314,0.9000170135541314,0.9000170135541314,0.9000170135541314,0.09087282408855415,465,0.0,0.0,0.0,0.0,0.0,0.0
lastfm,neumf,weighted_neumf,1,baseline,baseline,semi_niche,0.8835095825562546,0.0,0.8949429218639039,0.9000170135541314,0.9000170135541314,0.9000170135541314,0.9000170135541314,0.025511266779093204,473,0.0,0.0,0.0,0.0,0.0,0.0
lastfm,neumf,weighted_neumf,1,baseline,baseline,semi_mainstream,0.8835095825562546,0.0,0.9000170135541318,0.9000170135541314,0.9000170135541314,0.9000170135541314,0.9000170135541314,3.3306690738754696e-16,473,0.0,0.0,0.0,0.0,0.0,0.0
lastfm,neumf,weighted_neumf,1,baseline,baseline,mainstream,0.8835095825562546,0.0,0.8995941805731591,0.9000170135541314,0.9000170135541314,0.9000170135541314,0.9000170135541314,0.00918628371348855,473,0.0,0.0,0.0,0.0,0.0,0.0
lastfm,neumf,weighted_neumf,1,kl_lam0.1,kl,niche,0.8711422789469128,0.0123673036093417,0.8193694984172516,0.9000170135541314,0.9000170135541314,0.9000170135541314,0.9000170135541314,0.10060206669852226,465,0.03311931623806541,0.0,0.0,0.0,0.0,-0.009729242609968103
lastfm,neumf,weighted_neumf,1,kl_lam0.1,kl,semi_niche,0.8711422789469128,0.0123673036093417,0.8862748457539673,0.9000170135541314,0.9000170135541314,0.9000170135541314,0.9000170135541314,0.03957206166965461,473,0.008668076109936584,0.0,0.0,0.0,0.0,-0.014060794890561404
lastfm,neumf,weighted_neumf,1,kl_lam0.1,kl,semi_mainstream,0.8711422789469128,0.0123673036093417,0.8966343497063516,0.9000170135541314,0.9000170135541314,0.9000170135541314,0.9000170135541314,0.01807827342615811,473,0.0033826638477801874,0.0,0.0,0.0,0.0,-0.018078273426157778
lastfm,neumf,weighted_neumf,1,kl_lam0.1,kl,mainstream,0.8711422789469128,0.0123673036093417,0.8989599311017004,0.9000170135541314,0.9000170135541314,0.9000170135541314,0.9000170135541314,0.010226965431245523,473,0.0006342494714587366,0.0,0.0,0.0,0.0,-0.0010406817177569735
lastfm,neumf,weighted_neumf,1,kl_lam0.5,kl,niche,0.8818641473120932,0.0016454352441613,0.8449619451309831,0.9000170135541314,0.9000170135541314,0.9000170135541314,0.9000170135541314,0.09076532667290253,465,0.007526869524333901,0.0,0.0,0.0,0.0,0.0001074974156516223
lastfm,neumf,weighted_neumf,1,kl_lam0.5,kl,semi_niche,0.8818641473120932,0.0016454352441613,0.8928287089997627,0.9000170135541314,0.9000170135541314,0.9000170135541314,0.9000170135541314,0.03103522170640949,473,0.0021142128641411517,0.0,0.0,0.0,0.0,-0.005523954927316287
lastfm,neumf,weighted_neumf,1,kl_lam0.5,kl,semi_mainstream,0.8818641473120932,0.0016454352441613,0.8995941805731591,0.9000170135541314,0.9000170135541314,0.9000170135541314,0.9000170135541314,0.006488798838572017,473,0.0004228329809726761,0.0,0.0,0.0,0.0,-0.006488798838571684
lastfm,neumf,weighted_neumf,1,kl_lam0.5,kl,mainstream,0.8818641473120932,0.0016454352441613,0.9000170135541318,0.9000170135541314,0.9000170135541314,0.9000170135541314,0.9000170135541314,3.3306690738754696e-16,473,-0.0004228329809726761,0.0,0.0,0.0,0.0,0.009186283713488216
lastfm,neumf,weighted_neumf,1,kl_lam2.0,kl,niche,0.8849957821316261,-0.0014861995753715,0.8572206072558235,0.9000170135541314,0.9000170135541314,0.9000170135541314,0.9000170135541314,0.0761786613628695,465,-0.00473179260050649,0.0,0.0,0.0,0.0,0.014694162725684662
lastfm,neumf,weighted_neumf,1,kl_lam2.0,kl,semi_niche,0.8849957821316261,-0.0014861995753715,0.8917715785880526,0.9000170135541314,0.9000170135541314,0.9000170135541314,0.9000170135541314,0.03372185548260334,473,0.003171343275851335,0.0,0.0,0.0,0.0,-0.008210588703510137
lastfm,neumf,weighted_neumf,1,kl_lam2.0,kl,semi_mainstream,0.8849957821316261,-0.0014861995753715,0.8987485146112141,0.9000170135541314,0.9000170135541314,0.9000170135541314,0.9000170135541314,0.012943110245254946,473,0.0012684989429176952,0.0,0.0,0.0,0.0,-0.012943110245254612
lastfm,neumf,weighted_neumf,1,kl_lam2.0,kl,mainstream,0.8849957821316261,-0.0014861995753715,0.9000170135541318,0.9000170135541314,0.9000170135541314,0.9000170135541314,0.9000170135541314,3.3306690738754696e-16,473,-0.0004228329809726761,0.0,0.0,0.0,0.0,0.009186283713488216
lastfm,neumf,weighted_neumf,1,kl_lam8.0,kl,niche,0.8827134042123055,0.000796178343949,0.8511986140356335,0.9000170135541314,0.9000170135541314,0.9000170135541314,0.9000170135541314,0.09392371915186443,465,0.0012902006196835458,0.0,0.0,0.0,0.0,-0.0030508950633102716
lastfm,neumf,weighted_neumf,1,kl_lam8.0,kl,semi_niche,0.8827134042123055,0.000796178343949,0.8940971599834014,0.9000170135541314,0.9000170135541314,0.9000170135541314,0.9000170135541314,0.031970525884479205,473,0.0008457618805024492,0.0,0.0,0.0,0.0,-0.0064592591053860005
lastfm,neumf,weighted_neumf,1,kl_lam8.0,kl,semi_mainstream,0.8827134042123055,0.000796178343949,0.8991713475921866,0.9000170135541314,0.9000170135541314,0.9000170135541314,0.9000170135541314,0.01123097250341939,473,0.0008456659619451301,0.0,0.0,0.0,0.0,-0.011230972503419057
lastfm,neumf,weighted_neumf,1,kl_lam8.0,kl,mainstream,0.8827134042123055,0.000796178343949,0.8998055970636454,0.9000170135541314,0.9000170135541314,0.9000170135541314,0.9000170135541314,0.004593141856744279,473,-0.00021141649048628253,0.0,0.0,0.0,0.0,0.00459314185674427
lastfm,neumf,weighted_neumf,1,legacy_a0.1,legacy,niche,0.8830849541061484,0.0004246284501061,0.8511983945059027,0.9000170135541314,0.9000170135541314,0.9000170135541314,0.9000170135541314,0.09230700383868345,465,0.001290420149414273,0.0,0.0,0.0,0.0,-0.0014341797501292997
lastfm,neumf,weighted_neumf,1,legacy_a0.1,legacy,semi_niche,0.8830849541061484,0.0004246284501061,0.8940973038612376,0.9000170135541314,0.9000170135541314,0.9000170135541314,0.9000170135541314,0.027719287252724878,473,0.0008456180026662485,0.0,0.0,0.0,0.0,-0.0022080204736316736
lastfm,neumf,weighted_neumf,1,legacy_a0.1,legacy,semi_mainstream,0.8830849541061484,0.0004246284501061,0.8993827640826728,0.9000170135541314,0.9000170135541314,0.9000170135541314,0.9000170135541314,0.0079386821799233,473,0.0006342494714589586,0.0,0.0,0.0,0.0,-0.007938682179922966
lastfm,neumf,weighted_neumf,1,legacy_a0.1,legacy,mainstream,0.8830849541061484,0.0004246284501061,0.8995941805731591,0.9000170135541314,0.9000170135541314,0.9000170135541314,0.9000170135541314,0.00918628371348855,473,0.0,0.0,0.0,0.0,0.0,0.0
lastfm,neumf,weighted_neumf,1,legacy_a0.2,legacy,niche,0.8797940836178257,0.0037154989384288,0.8466823996307022,0.9000170135541314,0.9000170135541314,0.9000170135541314,0.9000170135541314,0.09410089221191677,465,0.005806415024614764,0.0,0.0,0.0,0.0,-0.0032280681233626124
lastfm,neumf,weighted_neumf,1,legacy_a0.2,legacy,semi_niche,0.8797940836178257,0.0037154989384288,0.8898688301736762,0.9000170135541314,0.9000170135541314,0.9000170135541314,0.9000170135541314,0.03877958794224048,473,0.005074091690227656,0.0,0.0,0.0,0.0,-0.013268321163147273
lastfm,neumf,weighted_neumf,1,legacy_a0.2,legacy,semi_mainstream,0.8797940836178257,0.0037154989384288,0.8976914321587829,0.9000170135541314,0.9000170135541314,0.9000170135541314,0.9000170135541314,0.016414417711443283,473,0.0023255813953488857,0.0,0.0,0.0,0.0,-0.01641441771144295
lastfm,neumf,weighted_neumf,1,legacy_a0.2,legacy,mainstream,0.8797940836178257,0.0037154989384288,0.8995941805731591,0.9000170135541314,0.9000170135541314,0.9000170135541314,0.9000170135541314,0.006488798838572017,473,0.0,0.0,0.0,0.0,0.0,0.0026974848749165324
lastfm,neumf,weighted_neumf,1,legacy_a0.4,legacy,niche,0.8733184997537069,0.0101910828025476,0.8286174932265932,0.9000170135541314,0.9000170135541314,0.9000170135541314,0.9000170135541314,0.10983718058930357,465,0.023871321428723835,0.0,0.0,0.0,0.0,-0.018964356500749416
lastfm,neumf,weighted_neumf,1,legacy_a0.4,legacy,semi_niche,0.8733184997537069,0.0101910828025476,0.887754617309535,0.9000170135541314,0.9000170135541314,0.9000170135541314,0.9000170135541314,0.04135461607212077,473,0.007188304554368918,0.0,0.0,0.0,0.0,-0.015843349293027567
lastfm,neumf,weighted_neumf,1,legacy_a0.4,legacy,semi_mainstream,0.8733184997537069,0.0101910828025476,0.8979028486492691,0.9000170135541314,0.9000170135541314,0.9000170135541314,0.9000170135541314,0.015787023004308228,473,0.0021141649048627142,0.0,0.0,0.0,0.0,-0.015787023004307895
lastfm,neumf,weighted_neumf,1,legacy_a0.4,legacy,mainstream,0.8733184997537069,0.0101910828025476,0.898748514611214,0.9000170135541314,0.9000170135541314,0.9000170135541314,0.9000170135541314,0.012943110245254946,473,0.0008456659619451301,0.0,0.0,0.0,0.0,-0.003756826531766396
lastfm,neumf,weighted_neumf,1,legacy_a0.8,legacy,niche,0.8682229583524329,0.0152866242038216,0.8129177513569681,0.8000170135541315,0.9000170135541314,0.9000170135541314,0.9000170135541314,0.10516677563138771,465,0.03957106329834892,0.09999999999999998,0.0,0.0,0.0,-0.014293951542833555
lastfm,neumf,weighted_neumf,1,legacy_a0.8,legacy,semi_niche,0.8682229583524329,0.0152866242038216,0.8812008020230184,0.9000170135541314,0.9000170135541314,0.9000170135541314,0.9000170135541314,0.04957667860478301,473,0.01374211984088547,0.0,0.0,0.0,0.0,-0.024065411825689803
lastfm,neumf,weighted_neumf,1,legacy_a0.8,legacy,semi_mainstream,0.8682229583524329,0.0152866242038216,0.8964229332158652,0.9000170135541314,0.9000170135541314,0.9000170135541314,0.9000170135541314,0.020761917458251036,473,0.003594080338266581,0.0,0.0,0.0,0.0,-0.020761917458250703
lastfm,neumf,weighted_neumf,1,legacy_a0.8,legacy,mainstream,0.8682229583524329,0.0152866242038216,0.8993827640826728,0.9000170135541314,0.9000170135541314,0.9000170135541314,0.9000170135541314,0.007938682179923297,473,0.00021141649048628253,0.0,0.0,0.0,0.0,0.001247601533565252
lastfm,neumf,weighted_neumf,2,baseline,baseline,niche,0.8925860156772737,0.0,0.8746403279774179,0.9000170135541314,0.9000170135541314,0.9000170135541314,0.9000170135541314,0.06291549693980926,465,0.0,0.0,0.0,0.0,0.0,0.0
lastfm,neumf,weighted_neumf,2,baseline,baseline,semi_niche,0.8925860156772737,0.0,0.8981142651397552,0.9000170135541314,0.9000170135541314,0.9000170135541314,0.9000170135541314,0.015130686964129298,473,0.0,0.0,0.0,0.0,0.0,0.0
lastfm,neumf,weighted_neumf,2,baseline,baseline,semi_mainstream,0.8925860156772737,0.0,0.8993827640826728,0.9000170135541314,0.9000170135541314,0.9000170135541314,0.9000170135541314,0.0079386821799233,473,0.0,0.0,0.0,0.0,0.0,0.0
lastfm,neumf,weighted_neumf,2,baseline,baseline,mainstream,0.8925860156772737,0.0,0.9000170135541318,0.9000170135541314,0.9000170135541314,0.9000170135541314,0.9000170135541314,3.3306690738754696e-16,473,0.0,0.0,0.0,0.0,0.0,0.0
lastfm,neumf,weighted_neumf,2,kl_lam0.1,kl,niche,0.8701868649341737,0.0223991507430999,0.8131326465711591,0.8000170135541314,0.9000170135541314,0.9000170135541314,0.9000170135541314,0.09978830205348442,465,0.06150768140625873,0.10000000000000009,0.0,0.0,0.0,-0.03687280511367516
lastfm,neumf,weighted_neumf,2,kl_lam0.1,kl,semi_niche,0.8701868649341737,0.0223991507430999,0.8873319761656774,0.9000170135541314,0.9000170135541314,0.9000170135541314,0.9000170135541314,0.04070983701066336,473,0.010782288974077847,0.0,0.0,0.0,0.0,-0.02557915004653406
lastfm,neumf,weighted_neumf,2,kl_lam0.1,kl,semi_mainstream,0.8701868649341737,0.0223991507430999,0.8981142651397552,0.9000170135541314,0.9000170135541314,0.9000170135541314,0.9000170135541314,0.013662151730573807,473,0.0012684989429175841,0.0,0.0,0.0,0.0,-0.005723469550650508
lastfm,neumf,weighted_neumf,2,kl_lam0.1,kl,mainstream,0.8701868649341737,0.0223991507430999,0.8993827640826728,0.9000170135541314,0.9000170135541314,0.9000170135541314,0.9000170135541314,0.010261869851595428,473,0.0006342494714589586,0.0,0.0,0.0,0.0,-0.010261869851595095
lastfm,neumf,weighted_neumf,2,kl_lam0.5,kl,niche,0.8788917481613501,0.0136942675159236,0.8333486028457151,0.9000170135541314,0.9000170135541314,0.9000170135541314,0.9000170135541314,0.09786539639580921,465,0.04129172513170276,0.0,0.0,0.0,0.0,-0.03494989945599995
lastfm,neumf,weighted_neumf,2,kl_lam0.5,kl,semi_niche,0.8788917481613501,0.0136942675159236,0.8955772192946414,0.9000170135541314,0.9000170135541314,0.9000170135541314,0.9000170135541314,0.02255767359344668,473,0.002537045845113828,0.0,0.0,0.0,0.0,-0.007426986629317383
lastfm,neumf,weighted_neumf,2,kl_lam0.5,kl,semi_mainstream,0.8788917481613501,0.0136942675159236,0.8991713475921866,0.9000170135541314,0.9000170135541314,0.9000170135541314,0.9000170135541314,0.009157043478946188,473,0.0002114164904861715,0.0,0.0,0.0,0.0,-0.0012183612990228892
lastfm,neumf,weighted_neumf,2,kl_lam0.5,kl,mainstream,0.8788917481613501,0.0136942675159236,0.8993827640826728,0.9000170135541314,0.9000170135541314,0.9000170135541314,0.9000170135541314,0.007938682179923297,473,0.0006342494714589586,0.0,0.0,0.0,0.0,-0.007938682179922964
lastfm,neumf,weighted_neumf,2,kl_lam2.0,kl,niche,0.890515951983006,0.0020700636942676,0.8673284390399477,0.9000170135541314,0.9000170135541314,0.9000170135541314,0.9000170135541314,0.06661095127605249,465,0.007311888937470146,0.0,0.0,0.0,0.0,-0.0036954543362432285
lastfm,neumf,weighted_neumf,2,kl_lam2.0,kl,semi_niche,0.890515951983006,0.0020700636942676,0.8974800156682965,0.9000170135541314,0.9000170135541314,0.9000170135541314,0.9000170135541314,0.01572461224675439,473,0.0006342494714587366,0.0,0.0,0.0,0.0,-0.0005939252826250921
lastfm,neumf,weighted_neumf,2,kl_lam2.0,kl,semi_mainstream,0.890515951983006,0.0020700636942676,0.8993827640826729,0.9000170135541314,0.9000170135541314,0.9000170135541314,0.9000170135541314,0.0079386821799233,473,-1.1102230246251565e-16,0.0,0.0,0.0,0.0,0.0
lastfm,neumf,weighted_neumf,2,kl_lam2.0,kl,mainstream,0.890515951983006,0.0020700636942676,0.8998055970636454,0.9000170135541314,0.9000170135541314,0.9000170135541314,0.9000170135541314,0.004593141856744279,473,0.00021141649048639355,0.0,0.0,0.0,0.0,-0.004593141856743946
lastfm,neumf,weighted_neumf,2,kl_lam8.0,kl,niche,0.8925860156772737,0.0,0.8735651079445982,0.9000170135541314,0.9000170135541314,0.9000170135541314,0.9000170135541314,0.06631181094250249,465,0.0010752200328196793,0.0,0.0,0.0,0.0,-0.003396314002693232
lastfm,neumf,weighted_neumf,2,kl_lam8.0,kl,semi_niche,0.8925860156772737,0.0,0.8985370981207278,0.9000170135541314,0.9000170135541314,0.9000170135541314,0.9000170135541314,0.013714397243320813,473,-0.00042283298097256505,0.0,0.0,0.0,0.0,0.0014162897208084852
lastfm,neumf,weighted_neumf,2,kl_lam8.0,kl,semi_mainstream,0.8925860156772737,0.0,0.8993827640826728,0.9000170135541314,0.9000170135541314,0.9000170135541314,0.9000170135541314,0.0079386821799233,473,0.0,0.0,0.0,0.0,0.0,0.0
lastfm,neumf,weighted_neumf,2,kl_lam8.0,kl,mainstream,0.8925860156772737,0.0,0.9000170135541318,0.9000170135541314,0.9000170135541314,0.9000170135541314,0.9000170135541314,3.3306690738754696e-16,473,0.0,0.0,0.0,0.0,0.0,0.0
lastfm,neumf,weighted_neumf,2,legacy_a0.1,legacy,niche,0.8860573532568916,0.006528662420382,0.8563600263191755,0.9000170135541314,0.9000170135541314,0.9000170135541314,0.9000170135541314,0.08924966981728542,465,0.01828030165824235,0.0,0.0,0.0,0.0,-0.026334172877476164
lastfm,neumf,weighted_neumf,2,legacy_a0.1,legacy,semi_niche,0.8860573532568916,0.006528662420382,0.8972685512185314,0.9000170135541314,0.9000170135541314,0.9000170135541314,0.9000170135541314,0.018758282794964592,473,0.0008457139212237896,0.0,0.0,0.0,0.0,-0.0036275958308352937
lastfm,neumf,weighted_neumf,2,legacy_a0.1,legacy,semi_mainstream,0.8860573532568916,0.006528662420382,0.8991713475921865,0.9000170135541314,0.9000170135541314,0.9000170135541314,0.9000170135541314,0.009157043478946188,473,0.00021141649048628253,0.0,0.0,0.0,0.0,-0.0012183612990228892
lastfm,neumf,weighted_neumf,2,legacy_a0.1,legacy,mainstream,0.8860573532568916,0.006528662420382,0.9000170135541318,0.9000170135541314,0.9000170135541314,0.9000170135541314,0.9000170135541314,3.3306690738754696e-16,473,0.0,0.0,0.0,0.0,0.0,0.0
lastfm,neumf,weighted_neumf,2,legacy_a0.2,legacy,niche,0.8900382449766367,0.0025477707006369,0.8662530238695896,0.9000170135541314,0.9000170135541314,0.9000170135541314,0.9000170135541314,0.07063519076102381,465,0.008387304107828286,0.0,0.0,0.0,0.0,-0.007719693821214554
lastfm,neumf,weighted_neumf,2,legacy_a0.2,legacy,semi_niche,0.8900382449766367,0.0025477707006369,0.8972685991778102,0.9000170135541314,0.9000170135541314,0.9000170135541314,0.9000170135541314,0.017594628559461475,473,0.0008456659619450191,0.0,0.0,0.0,0.0,-0.0024639415953321767
lastfm,neumf,weighted_neumf,2,legacy_a0.2,legacy,semi_mainstream,0.8900382449766367,0.0025477707006369,0.8993827640826728,0.9000170135541314,0.9000170135541314,0.9000170135541314,0.9000170135541314,0.007938682179923297,473,0.0,0.0,0.0,0.0,0.0,1.734723475976807e-18
lastfm,neumf,weighted_neumf,2,legacy_a0.2,legacy,mainstream,0.8900382449766367,0.0025477707006369,0.8998055970636454,0.9000170135541314,0.9000170135541314,0.9000170135541314,0.9000170135541314,0.004593141856744279,473,0.00021141649048639355,0.0,0.0,0.0,0.0,-0.004593141856743946
lastfm,neumf,weighted_neumf,2,legacy_a0.4,legacy,niche,0.8672144657834308,0.0253715498938429,0.8146368155017262,0.9000170135541314,0.9000170135541314,0.9000170135541314,0.9000170135541314,0.10266423355739966,465,0.06000351247569169,0.0,0.0,0.0,0.0,-0.0397487366175904
lastfm,neumf,weighted_neumf,2,legacy_a0.4,legacy,semi_niche,0.8672144657834308,0.0253715498938429,0.8928287569590414,0.9000170135541314,0.9000170135541314,0.9000170135541314,0.9000170135541314,0.03170882825260669,473,0.005285508180713827,0.0,0.0,0.0,0.0,-0.01657814128847739
lastfm,neumf,weighted_neumf,2,legacy_a0.4,legacy,semi_mainstream,0.8672144657834308,0.0253715498938429,0.8974799677090178,0.9000170135541314,0.9000170135541314,0.9000170135541314,0.9000170135541314,0.019342498960953657,473,0.0019027963736549802,0.0,0.0,0.0,0.0,-0.011403816781030357
lastfm,neumf,weighted_neumf,2,legacy_a0.4,legacy,mainstream,0.8672144657834308,0.0253715498938429,0.8995941805731591,0.9000170135541314,0.9000170135541314,0.9000170135541314,0.9000170135541314,0.006488798838572017,473,0.0004228329809726761,0.0,0.0,0.0,0.0,-0.006488798838571684
lastfm,neumf,weighted_neumf,2,legacy_a0.8,legacy,niche,0.8627558670573161,0.0298301486199575,0.7995842594743848,0.8000170135541314,0.9000170135541314,0.9000170135541314,0.9000170135541314,0.1135944846274576,465,0.07505606850303304,0.10000000000000009,0.0,0.0,0.0,-0.050678987687648336
lastfm,neumf,weighted_neumf,2,legacy_a0.8,legacy,semi_niche,0.8627558670573161,0.0298301486199575,0.8771839846223368,0.9000170135541314,0.9000170135541314,0.9000170135541314,0.9000170135541314,0.051886439750578287,473,0.02093028051741841,0.0,0.0,0.0,0.0,-0.03675575278644899
lastfm,neumf,weighted_neumf,2,legacy_a0.8,legacy,semi_mainstream,0.8627558670573161,0.0298301486199575,0.8947316012919753,0.9000170135541314,0.9000170135541314,0.9000170135541314,0.9000170135541314,0.02668374287690821,473,0.0046511627906975495,0.0,0.0,0.0,0.0,-0.018745060696984908
lastfm,neumf,weighted_neumf,2,legacy_a0.8,legacy,mainstream,0.8627558670573161,0.0298301486199575,0.8989599311017005,0.9000170135541314,0.9000170135541314,0.9000170135541314,0.9000170135541314,0.012119163338660902,473,0.0010570824524313016,0.0,0.0,0.0,0.0,-0.012119163338660569
lastfm,ngcf,weighted_ngcf,0,baseline,baseline,niche,0.8561210475244074,0.0,0.8053885279860769,0.9000170135541314,0.9000170135541314,0.9000170135541314,0.9000170135541314,0.15420583705244068,465,0.0,0.0,0.0,0.0,0.0,0.0
lastfm,ngcf,weighted_ngcf,0,baseline,baseline,semi_niche,0.8561210475244074,0.0,0.8964228372973078,0.9000170135541314,0.9000170135541314,0.9000170135541314,0.9000170135541314,0.02270818118761176,473,0.0,0.0,0.0,0.0,0.0,0.0
lastfm,ngcf,weighted_ngcf,0,baseline,baseline,semi_mainstream,0.8561210475244074,0.0,0.8998055970636454,0.9000170135541314,0.9000170135541314,0.9000170135541314,0.9000170135541314,0.004593141856744281,473,0.0,0.0,0.0,0.0,0.0,0.0
lastfm,ngcf,weighted_ngcf,0,baseline,baseline,mainstream,0.8561210475244074,0.0,0.8991712516736292,0.9000170135541314,0.9000170135541314,0.9000170135541314,0.9000170135541314,0.012979069644214535,473,0.0,0.0,0.0,0.0,0.0,0.0
lastfm,ngcf,weighted_ngcf,0,kl_lam0.1,kl,niche,0.831227204636934,0.0248938428874734,0.7456004717449991,0.8000170135541314,0.9000170135541314,0.9000170135541314,0.9000170135541314,0.16678299722057469,465,0.05978805624107775,0.10000000000000009,0.0,0.0,0.0,-0.01257716016813401
lastfm,ngcf,weighted_ngcf,0,kl_lam0.1,kl,semi_niche,0.831227204636934,0.0248938428874734,0.8909259605853863,0.9000170135541314,0.9000170135541314,0.9000170135541314,0.9000170135541314,0.03474263810196278,473,0.00549687671192145,0.0,0.0,0.0,0.0,-0.012034456914351017
lastfm,ngcf,weighted_ngcf,0,kl_lam0.1,kl,semi_mainstream,0.831227204636934,0.0248938428874734,0.8983256816302415,0.9000170135541314,0.9000170135541314,0.9000170135541314,0.9000170135541314,0.012894672881164412,473,0.0014799154334038667,0.0,0.0,0.0,0.0,-0.00830153102442013
lastfm,ngcf,weighted_ngcf,0,kl_lam0.1,kl,mainstream,0.831227204636934,0.0248938428874734,0.899382716123394,0.9000170135541314,0.9000170135541314,0.9000170135541314,0.9000170135541314,0.01026280160638053,473,-0.00021146444976483103,0.0,0.0,0.0,0.0,0.002716268037834006
lastfm,ngcf,weighted_ngcf,0,kl_lam0.5,kl,niche,0.8382866526199488,0.0178343949044585,0.7640965711285475,0.8000170135541314,0.9000170135541314,0.9000170135541314,0.9000170135541314,0.1661143704639116,465,0.0412919568575294,0.10000000000000009,0.0,0.0,0.0,-0.011908533411470912
lastfm,ngcf,weighted_ngcf,0,kl_lam0.5,kl,semi_niche,0.8382866526199488,0.0178343949044585,0.8938858873707515,0.9000170135541314,0.9000170135541314,0.9000170135541314,0.9000170135541314,0.02728863300574183,473,0.0025369499265562867,0.0,0.0,0.0,0.0,-0.00458045181813007
lastfm,ngcf,weighted_ngcf,0,kl_lam0.5,kl,semi_mainstream,0.8382866526199488,0.0178343949044585,0.8989599311017005,0.9000170135541314,0.9000170135541314,0.9000170135541314,0.9000170135541314,0.010226965431245525,473,0.0008456659619449081,0.0,0.0,0.0,0.0,-0.005633823574501244
lastfm,ngcf,weighted_ngcf,0,kl_lam0.5,kl,mainstream,0.8382866526199488,0.0178343949044585,0.8991712516736292,0.9000170135541314,0.9000170135541314,0.9000170135541314,0.9000170135541314,0.012979069644214535,473,0.0,0.0,0.0,0.0,0.0,0.0
lastfm,ngcf,weighted_ngcf,0,kl_lam2.0,kl,niche,0.8502293277791845,0.0058917197452229,0.7916244529288621,0.9000170135541314,0.9000170135541314,0.9000170135541314,0.9000170135541314,0.15153849669924205,465,0.013764075057214775,0.0,0.0,0.0,0.0,0.0026673403531986273
lastfm,ngcf,weighted_ngcf,0,kl_lam2.0,kl,semi_niche,0.8502293277791845,0.0058917197452229,0.8966343497063516,0.9000170135541314,0.9000170135541314,0.9000170135541314,0.9000170135541314,0.022270095699388905,473,-0.00021151240904382362,0.0,0.0,0.0,0.0,0.00043808548822285576
lastfm,ngcf,weighted_ngcf,0,kl_lam2.0,kl,semi_mainstream,0.8502293277791845,0.0058917197452229,0.8998055970636454,0.9000170135541314,0.9000170135541314,0.9000170135541314,0.9000170135541314,0.00459314185674428,473,0.0,0.0,0.0,0.0,0.0,8.673617379884035e-19
lastfm,ngcf,weighted_ngcf,0,kl_lam2.0,kl,mainstream,0.8502293277791845,0.0058917197452229,0.8989598351831429,0.9000170135541314,0.9000170135541314,0.9000170135541314,0.9000170135541314,0.016546050071804812,473,0.00021141649048628253,0.0,0.0,0.0,0.0,-0.0035669804275902765
lastfm,ngcf,weighted_ngcf,0,kl_lam8.0,kl,niche,0.8559087332993544,0.000212314225053,0.8058186964934394,0.9000170135541314,0.9000170135541314,0.9000170135541314,0.9000170135541314,0.1433481453433363,465,-0.0004301685073625494,0.0,0.0,0.0,0.0,0.010857691709104389
lastfm,ngcf,weighted_ngcf,0,kl_lam8.0,kl,semi_niche,0.8559087332993544,0.000212314225053,0.8966343497063515,0.9000170135541314,0.9000170135541314,0.9000170135541314,0.9000170135541314,0.022270095699388908,473,-0.0002115124090437126,0.0,0.0,0.0,0.0,0.0004380854882228523
lastfm,ngcf,weighted_ngcf,0,kl_lam8.0,kl,semi_mainstream,0.8559087332993544,0.000212314225053,0.8998055970636454,0.9000170135541314,0.9000170135541314,0.9000170135541314,0.9000170135541314,0.004593141856744281,473,0.0,0.0,0.0,0.0,0.0,0.0
lastfm,ngcf,weighted_ngcf,0,kl_lam8.0,kl,mainstream,0.8559087332993544,0.000212314225053,0.8989598831424217,0.9000170135541314,0.9000170135541314,0.9000170135541314,0.9000170135541314,0.016545473386396597,473,0.00021136853120751198,0.0,0.0,0.0,0.0,-0.0035664037421820616
lastfm,ngcf,weighted_ngcf,0,legacy_a0.1,legacy,niche,0.8543694551677196,0.0017515923566878,0.7987216905740642,0.9000170135541314,0.9000170135541314,0.9000170135541314,0.9000170135541314,0.15254235918157802,465,0.006666837412012683,0.0,0.0,0.0,0.0,0.0016634778708626563
lastfm,ngcf,weighted_ngcf,0,legacy_a0.1,legacy,semi_niche,0.8543694551677196,0.0017515923566878,0.8970571347280452,0.9000170135541314,0.9000170135541314,0.9000170135541314,0.9000170135541314,0.01928232312273571,473,-0.0006342974307373961,0.0,0.0,0.0,0.0,0.0034258580648760494
lastfm,ngcf,weighted_ngcf,0,legacy_a0.1,legacy,semi_mainstream,0.8543694551677196,0.0017515923566878,0.8998055970636454,0.9000170135541314,0.9000170135541314,0.9000170135541314,0.9000170135541314,0.004593141856744281,473,0.0,0.0,0.0,0.0,0.0,0.0
lastfm,ngcf,weighted_ngcf,0,legacy_a0.1,legacy,mainstream,0.8543694551677196,0.0017515923566878,0.8989598831424217,0.9000170135541314,0.9000170135541314,0.9000170135541314,0.9000170135541314,0.016545473386396597,473,0.00021136853120751198,0.0,0.0,0.0,0.0,-0.0035664037421820616
lastfm,ngcf,weighted_ngcf,0,legacy_a0.2,legacy,niche,0.8496454636602884,0.006475583864119,0.7851727424568671,0.9000170135541314,0.9000170135541314,0.9000170135541314,0.9000170135541314,0.158680711226514,465,0.020215785529209773,0.0,0.0,0.0,0.0,-0.004474874174073329
lastfm,ngcf,weighted_ngcf,0,legacy_a0.2,legacy,semi_niche,0.8496454636602884,0.006475583864119,0.8960000043163352,0.9000170135541314,0.9000170135541314,0.9000170135541314,0.9000170135541314,0.023552633200880774,473,0.00042283298097256505,0.0,0.0,0.0,0.0,-0.0008444520132690134
lastfm,ngcf,weighted_ngcf,0,legacy_a0.2,legacy,semi_mainstream,0.8496454636602884,0.006475583864119,0.8998055970636454,0.9000170135541314,0.9000170135541314,0.9000170135541314,0.9000170135541314,0.00459314185674428,473,0.0,0.0,0.0,0.0,0.0,8.673617379884035e-19
lastfm,ngcf,weighted_ngcf,0,legacy_a0.2,legacy,mainstream,0.8496454636602884,0.006475583864119,0.899382716123394,0.9000170135541314,0.9000170135541314,0.9000170135541314,0.9000170135541314,0.01026280160638053,473,-0.00021146444976483103,0.0,0.0,0.0,0.0,0.002716268037834006
lastfm,ngcf,weighted_ngcf,0,legacy_a0.4,legacy,niche,0.8389235952951081,0.0171974522292993,0.7688267538443619,0.8000170135541314,0.9000170135541314,0.9000170135541314,0.9000170135541314,0.1499745980359588,465,0.03656177414171491,0.10000000000000009,0.0,0.0,0.0,0.004231239016481869
lastfm,ngcf,weighted_ngcf,0,legacy_a0.4,legacy,semi_niche,0.8389235952951081,0.0171974522292993,0.8940973038612376,0.9000170135541314,0.9000170135541314,0.9000170135541314,0.9000170135541314,0.026149422356996202,473,0.002325533436070115,0.0,0.0,0.0,0.0,-0.0034412411693844416
lastfm,ngcf,weighted_ngcf,0,legacy_a0.4,legacy,semi_mainstream,0.8389235952951081,0.0171974522292993,0.8998055970636454,0.9000170135541314,0.9000170135541314,0.9000170135541314,0.9000170135541314,0.00459314185674428,473,0.0,0.0,0.0,0.0,0.0,8.673617379884035e-19
lastfm,ngcf,weighted_ngcf,0,legacy_a0.4,legacy,mainstream,0.8389235952951081,0.0171974522292993,0.8991712996329079,0.9000170135541314,0.9000170135541314,0.9000170135541314,0.9000170135541314,0.012978333681636194,473,-4.7959278659526206e-08,0.0,0.0,0.0,0.0,7.35962578341659e-07
lastfm,ngcf,weighted_ngcf,0,legacy_a0.8,legacy,niche,0.8242739137664457,0.0318471337579617,0.7445249224175833,0.8000170135541314,0.9000170135541314,0.9000170135541314,0.9000170135541314,0.16030608643924932,465,0.06086360556849357,0.10000000000000009,0.0,0.0,0.0,-0.006100249386808643
lastfm,ngcf,weighted_ngcf,0,legacy_a0.8,legacy,semi_niche,0.8242739137664457,0.0318471337579617,0.8828921339469085,0.9000170135541314,0.9000170135541314,0.9000170135541314,0.9000170135541314,0.045779934418161236,473,0.013530703350399298,0.0,0.0,0.0,0.0,-0.023071753230549476
lastfm,ngcf,weighted_ngcf,0,legacy_a0.8,legacy,semi_mainstream,0.8242739137664457,0.0318471337579617,0.8966343497063516,0.9000170135541314,0.9000170135541314,0.9000170135541314,0.9000170135541314,0.01807827342615811,473,0.003171247357293794,0.0,0.0,0.0,0.0,-0.01348513156941383
lastfm,ngcf,weighted_ngcf,0,legacy_a0.8,legacy,mainstream,0.8242739137664457,0.0318471337579617,0.8991712996329079,0.9000170135541314,0.9000170135541314,0.9000170135541314,0.9000170135541314,0.011231822962219494,473,-4.7959278659526206e-08,0.0,0.0,0.0,0.0,0.0017472466819950412
lastfm,ngcf,weighted_ngcf,1,baseline,baseline,niche,0.8524055485859785,0.0,0.8010870258538944,0.9000170135541314,0.9000170135541314,0.9000170135541314,0.9000170135541314,0.1487614060333145,465,0.0,0.0,0.0,0.0,0.0,0.0
lastfm,ngcf,weighted_ngcf,1,baseline,baseline,semi_niche,0.8524055485859785,0.0,0.8940972079426802,0.9000170135541314,0.9000170135541314,0.9000170135541314,0.9000170135541314,0.029205525435492954,473,0.0,0.0,0.0,0.0,0.0,0.0
lastfm,ngcf,weighted_ngcf,1,baseline,baseline,semi_mainstream,0.8524055485859785,0.0,0.8995941805731591,0.9000170135541314,0.9000170135541314,0.9000170135541314,0.9000170135541314,0.006488798838572017,473,0.0,0.0,0.0,0.0,0.0,0.0
lastfm,ngcf,weighted_ngcf,1,baseline,baseline,mainstream,0.8524055485859785,0.0,0.8998055970636454,0.9000170135541314,0.9000170135541314,0.9000170135541314,0.9000170135541314,0.00459314185674428,473,0.0,0.0,0.0,0.0,0.0,0.0
lastfm,ngcf,weighted_ngcf,1,kl_lam0.1,kl,niche,0.8252824063354478,0.0271231422505306,0.7443100515955848,0.8000170135541314,0.9000170135541314,0.9000170135541314,0.9000170135541314,0.16505745897713045,465,0.05677697425830952,0.10000000000000009,0.0,0.0,0.0,-0.016296052943815947
lastfm,ngcf,weighted_ngcf,1,kl_lam0.1,kl,semi_niche,0.8252824063354478,0.0271231422505306,0.8826805256193073,0.9000170135541314,0.9000170135541314,0.9000170135541314,0.9000170135541314,0.051978566559770435,473,0.011416682323372895,0.0,0.0,0.0,0.0,-0.02277304112427748
lastfm,ngcf,weighted_ngcf,1,kl_lam0.1,kl,semi_mainstream,0.8252824063354478,0.0271231422505306,0.8979028486492692,0.9000170135541314,0.9000170135541314,0.9000170135541314,0.9000170135541314,0.015787023004308228,473,0.0016913319238899271,0.0,0.0,0.0,0.0,-0.00929822416573621
lastfm,ngcf,weighted_ngcf,1,kl_lam0.1,kl,mainstream,0.8252824063354478,0.0271231422505306,0.8993827640826728,0.9000170135541314,0.9000170135541314,0.9000170135541314,0.9000170135541314,0.010261869851595428,473,0.00042283298097256505,0.0,0.0,0.0,0.0,-0.005668727994851148
lastfm,ngcf,weighted_ngcf,1,kl_lam0.5,kl,niche,0.8329787969936219,0.0194267515923566,0.7608704353823385,0.8000170135541314,0.9000170135541314,0.9000170135541314,0.9000170135541314,0.16828446697405053,465,0.0402165904715559,0.10000000000000009,0.0,0.0,0.0,-0.019523060940736026
lastfm,ngcf,weighted_ngcf,1,kl_lam0.5,kl,semi_niche,0.8329787969936219,0.0194267515923566,0.884794726493629,0.9000170135541314,0.9000170135541314,0.9000170135541314,0.9000170135541314,0.05263626122728898,473,0.009302481449051214,0.0,0.0,0.0,0.0,-0.02343073579179603
lastfm,ngcf,weighted_ngcf,1,kl_lam0.5,kl,semi_mainstream,0.8329787969936219,0.0194267515923566,0.8987485146112141,0.9000170135541314,0.9000170135541314,0.9000170135541314,0.9000170135541314,0.011191103820605544,473,0.0008456659619450191,0.0,0.0,0.0,0.0,-0.0047023049820335274
lastfm,ngcf,weighted_ngcf,1,kl_lam0.5,kl,mainstream,0.8329787969936219,0.0194267515923566,0.8995941805731591,0.9000170135541314,0.9000170135541314,0.9000170135541314,0.9000170135541314,0.006488798838572017,473,0.00021141649048628253,0.0,0.0,0.0,0.0,-0.001895656981827737
lastfm,ngcf,weighted_ngcf,1,kl_lam2.0,kl,niche,0.8446560793715412,0.0077494692144373,0.7892580687847627,0.9000170135541314,0.9000170135541314,0.9000170135541314,0.9000170135541314,0.1411721578542672,465,0.011828957069131674,0.0,0.0,0.0,0.0,0.007589248179047298
lastfm,ngcf,weighted_ngcf,1,kl_lam2.0,kl,semi_niche,0.8446560793715412,0.0077494692144373,0.8940971599834014,0.9000170135541314,0.9000170135541314,0.9000170135541314,0.9000170135541314,0.02992113338251323,473,4.795927877054851e-08,0.0,0.0,0.0,0.0,-0.0007156079470202747
lastfm,ngcf,weighted_ngcf,1,kl_lam2.0,kl,semi_mainstream,0.8446560793715412,0.0077494692144373,0.8993827640826728,0.9000170135541314,0.9000170135541314,0.9000170135541314,0.9000170135541314,0.007938682179923297,473,0.00021141649048628253,0.0,0.0,0.0,0.0,-0.0014498833413512805
lastfm,ngcf,weighted_ngcf,1,kl_lam2.0,kl,mainstream,0.8446560793715412,0.0077494692144373,0.8998055970636454,0.9000170135541314,0.9000170135541314,0.9000170135541314,0.9000170135541314,0.00459314185674428,473,0.0,0.0,0.0,0.0,0.0,0.0
lastfm,ngcf,weighted_ngcf,1,kl_lam8.0,kl,niche,0.849963934997868,0.0024416135881104,0.7987212149263143,0.9000170135541314,0.9000170135541314,0.9000170135541314,0.9000170135541314,0.14606024782715046,465,0.0023658109275800365,0.0,0.0,0.0,0.0,0.0027011582061640393
lastfm,ngcf,weighted_ngcf,1,kl_lam8.0,kl,semi_niche,0.849963934997868,0.0024416135881104,0.8928287569590414,0.9000170135541314,0.9000170135541314,0.9000170135541314,0.9000170135541314,0.036075643577704375,473,0.0012684509836388136,0.0,0.0,0.0,0.0,-0.006870118142211421
lastfm,ngcf,weighted_ngcf,1,kl_lam8.0,kl,semi_mainstream,0.849963934997868,0.0024416135881104,0.8993827640826728,0.9000170135541314,0.9000170135541314,0.9000170135541314,0.9000170135541314,0.010261869851595428,473,0.00021141649048628253,0.0,0.0,0.0,0.0,-0.0037730710130234107
lastfm,ngcf,weighted_ngcf,1,kl_lam8.0,kl,mainstream,0.849963934997868,0.0024416135881104,0.8998055970636454,0.9000170135541314,0.9000170135541314,0.9000170135541314,0.9000170135541314,0.00459314185674428,473,0.0,0.0,0.0,0.0,0.0,0.0
lastfm,ngcf,weighted_ngcf,1,legacy_a0.1,legacy,niche,0.8490615995413926,0.0033439490445859,0.7993663518244445,0.9000170135541314,0.9000170135541314,0.9000170135541314,0.9000170135541314,0.14421275022918606,465,0.0017206740294498646,0.0,0.0,0.0,0.0,0.004548655804128443
lastfm,ngcf,weighted_ngcf,1,legacy_a0.1,legacy,semi_niche,0.8490615995413926,0.0033439490445859,0.8924058760187902,0.9000170135541314,0.9000170135541314,0.9000170135541314,0.9000170135541314,0.03418118453904828,473,0.0016913319238900382,0.0,0.0,0.0,0.0,-0.004975659103555328
lastfm,ngcf,weighted_ngcf,1,legacy_a0.1,legacy,semi_mainstream,0.8490615995413926,0.0033439490445859,0.8991713475921866,0.9000170135541314,0.9000170135541314,0.9000170135541314,0.9000170135541314,0.01123097250341939,473,0.00042283298097245403,0.0,0.0,0.0,0.0,-0.004742173664847373
lastfm,ngcf,weighted_ngcf,1,legacy_a0.1,legacy,mainstream,0.8490615995413926,0.0033439490445859,0.8998055970636454,0.9000170135541314,0.9000170135541314,0.9000170135541314,0.9000170135541314,0.00459314185674428,473,0.0,0.0,0.0,0.0,0.0,0.0
lastfm,ngcf,weighted_ngcf,1,legacy_a0.2,legacy,niche,0.844815315040331,0.0075902335456474,0.7894733664701266,0.9000170135541314,0.9000170135541314,0.9000170135541314,0.9000170135541314,0.14634824449594638,465,0.011613659383767794,0.0,0.0,0.0,0.0,0.0024131615373681192
lastfm,ngcf,weighted_ngcf,1,legacy_a0.2,legacy,semi_niche,0.844815315040331,0.0075902335456474,0.8915601620975663,0.9000170135541314,0.9000170135541314,0.9000170135541314,0.9000170135541314,0.045197027189635565,473,0.002537045845113939,0.0,0.0,0.0,0.0,-0.01599150175414261
lastfm,ngcf,weighted_ngcf,1,legacy_a0.2,legacy,semi_mainstream,0.844815315040331,0.0075902335456474,0.8991713475921866,0.9000170135541314,0.9000170135541314,0.9000170135541314,0.9000170135541314,0.01123097250341939,473,0.00042283298097245403,0.0,0.0,0.0,0.0,-0.004742173664847373
lastfm,ngcf,weighted_ngcf,1,legacy_a0.2,legacy,mainstream,0.844815315040331,0.0075902335456474,0.8998055970636454,0.9000170135541314,0.9000170135541314,0.9000170135541314,0.9000170135541314,0.00459314185674428,473,0.0,0.0,0.0,0.0,0.0,0.0
lastfm,ngcf,weighted_ngcf,1,legacy_a0.4,legacy,niche,0.8346242322377833,0.0177813163481952,0.7726977337823936,0.8000170135541314,0.9000170135541314,0.9000170135541314,0.9000170135541314,0.14205956578283221,465,0.02838929207150076,0.10000000000000009,0.0,0.0,0.0,0.006701840250482288
lastfm,ngcf,weighted_ngcf,1,legacy_a0.4,legacy,semi_niche,0.8346242322377833,0.0177813163481952,0.8881774982497862,0.9000170135541314,0.9000170135541314,0.9000170135541314,0.9000170135541314,0.04981480761645334,473,0.005919709692894015,0.0,0.0,0.0,0.0,-0.02060928218096039
lastfm,ngcf,weighted_ngcf,1,legacy_a0.4,legacy,semi_mainstream,0.8346242322377833,0.0177813163481952,0.8985370981207278,0.9000170135541314,0.9000170135541314,0.9000170135541314,0.9000170135541314,0.013714397243320813,473,0.0010570824524313016,0.0,0.0,0.0,0.0,-0.007225598404748796
lastfm,ngcf,weighted_ngcf,1,legacy_a0.4,legacy,mainstream,0.8346242322377833,0.0177813163481952,0.8998055970636454,0.9000170135541314,0.9000170135541314,0.9000170135541314,0.9000170135541314,0.00459314185674428,473,0.0,0.0,0.0,0.0,0.0,0.0
lastfm,ngcf,weighted_ngcf,1,legacy_a0.8,legacy,niche,0.8201868649341739,0.0322186836518045,0.7460300548397463,0.7000170135541315,0.9000170135541314,0.9000170135541314,0.9000170135541314,0.1550314647603467,465,0.05505697101414808,0.19999999999999996,0.0,0.0,0.0,-0.006270058727032207
lastfm,ngcf,weighted_ngcf,1,legacy_a0.8,legacy,semi_niche,0.8201868649341739,0.0322186836518045,0.8778178384297463,0.9000170135541314,0.9000170135541314,0.9000170135541314,0.9000170135541314,0.0605999247939223,473,0.01627936951293396,0.0,0.0,0.0,0.0,-0.031394399358429345
lastfm,ngcf,weighted_ngcf,1,legacy_a0.8,legacy,semi_mainstream,0.8201868649341739,0.0322186836518045,0.8955772192946414,0.9000170135541314,0.9000170135541314,0.9000170135541314,0.9000170135541314,0.022557673593446684,473,0.0040169612785176945,0.0,0.0,0.0,0.0,-0.016068874754874667
lastfm,ngcf,weighted_ngcf,1,legacy_a0.8,legacy,mainstream,0.8201868649341739,0.0322186836518045,0.8995941805731591,0.9000170135541314,0.9000170135541314,0.9000170135541314,0.9000170135541314,0.006488798838572017,473,0.00021141649048628253,0.0,0.0,0.0,0.0,-0.001895656981827737
lastfm,ngcf,weighted_ngcf,2,baseline,baseline,niche,0.855643340518038,0.0,0.8015179505192183,0.9000170135541314,0.9000170135541314,0.9000170135541314,0.9000170135541314,0.1562313664023032,465,0.0,0.0,0.0,0.0,0.0,0.0
lastfm,ngcf,weighted_ngcf,2,baseline,baseline,semi_niche,0.855643340518038,0.0,0.8974800156682965,0.9000170135541314,0.9000170135541314,0.9000170135541314,0.9000170135541314,0.01701607264935213,473,0.0,0.0,0.0,0.0,0.0,0.0
lastfm,ngcf,weighted_ngcf,2,baseline,baseline,semi_mainstream,0.855643340518038,0.0,0.8993827640826728,0.9000170135541314,0.9000170135541314,0.9000170135541314,0.9000170135541314,0.0079386821799233,473,0.0,0.0,0.0,0.0,0.0,0.0
lastfm,ngcf,weighted_ngcf,2,baseline,baseline,mainstream,0.855643340518038,0.0,0.9000170135541318,0.9000170135541314,0.9000170135541314,0.9000170135541314,0.9000170135541314,3.3306690738754696e-16,473,0.0,0.0,0.0,0.0,0.0,0.0
lastfm,ngcf,weighted_ngcf,2,kl_lam0.1,kl,niche,0.8362696674819445,0.0193736730360934,0.75721437505069,0.8000170135541314,0.9000170135541314,0.9000170135541314,0.9000170135541314,0.17536170067631004,465,0.044303575468528256,0.10000000000000009,0.0,0.0,0.0,-0.019130334274006844
lastfm,ngcf,weighted_ngcf,2,kl_lam0.1,kl,semi_niche,0.8362696674819445,0.0193736730360934,0.889657377713731,0.9000170135541314,0.9000170135541314,0.9000170135541314,0.9000170135541314,0.03559461002230844,473,0.007822637954565503,0.0,0.0,0.0,0.0,-0.018578537372956307
lastfm,ngcf,weighted_ngcf,2,kl_lam0.1,kl,semi_mainstream,0.8362696674819445,0.0193736730360934,0.8985370981207278,0.9000170135541314,0.9000170135541314,0.9000170135541314,0.9000170135541314,0.01207482478756334,473,0.0008456659619450191,0.0,0.0,0.0,0.0,-0.004136142607640041
lastfm,ngcf,weighted_ngcf,2,kl_lam0.1,kl,mainstream,0.8362696674819445,0.0193736730360934,0.9000170135541318,0.9000170135541314,0.9000170135541314,0.9000170135541314,0.9000170135541314,3.3306690738754696e-16,473,0.0,0.0,0.0,0.0,0.0,0.0
lastfm,ngcf,weighted_ngcf,2,kl_lam0.5,kl,niche,0.8392420666326876,0.0164012738853503,0.7683973658871532,0.8000170135541314,0.9000170135541314,0.9000170135541314,0.9000170135541314,0.16608319108203448,465,0.03312058463206502,0.10000000000000009,0.0,0.0,0.0,-0.00985182467973128
lastfm,ngcf,weighted_ngcf,2,kl_lam0.5,kl,semi_niche,0.8392420666326876,0.0164012738853503,0.8907144961356213,0.9000170135541314,0.9000170135541314,0.9000170135541314,0.9000170135541314,0.03617883262070326,473,0.006765519532675235,0.0,0.0,0.0,0.0,-0.01916275997135113
lastfm,ngcf,weighted_ngcf,2,kl_lam0.5,kl,semi_mainstream,0.8392420666326876,0.0164012738853503,0.8985370981207278,0.9000170135541314,0.9000170135541314,0.9000170135541314,0.9000170135541314,0.013714397243320815,473,0.0008456659619450191,0.0,0.0,0.0,0.0,-0.005775715063397515
lastfm,ngcf,weighted_ngcf,2,kl_lam0.5,kl,mainstream,0.8392420666326876,0.0164012738853503,0.9000170135541318,0.9000170135541314,0.9000170135541314,0.9000170135541314,0.9000170135541314,3.3306690738754696e-16,473,0.0,0.0,0.0,0.0,0.0,0.0
lastfm,ngcf,weighted_ngcf,2,kl_lam2.0,kl,niche,0.846991535847125,0.0086518046709129,0.781516877262757,0.9000170135541314,0.9000170135541314,0.9000170135541314,0.9000170135541314,0.1648845795310108,465,0.020001073256461277,0.0,0.0,0.0,0.0,-0.008653213128707593
lastfm,ngcf,weighted_ngcf,2,kl_lam2.0,kl,semi_niche,0.846991535847125,0.0086518046709129,0.894942921863904,0.9000170135541314,0.9000170135541314,0.9000170135541314,0.9000170135541314,0.023796179031087356,473,0.0025370938043924873,0.0,0.0,0.0,0.0,-0.006780106381735224
lastfm,ngcf,weighted_ngcf,2,kl_lam2.0,kl,semi_mainstream,0.846991535847125,0.0086518046709129,0.8989599311017004,0.9000170135541314,0.9000170135541314,0.9000170135541314,0.9000170135541314,0.010226965431245525,473,0.00042283298097245403,0.0,0.0,0.0,0.0,-0.0022882832513222255
lastfm,ngcf,weighted_ngcf,2,kl_lam2.0,kl,mainstream,0.846991535847125,0.0086518046709129,0.9000170135541318,0.9000170135541314,0.9000170135541314,0.9000170135541314,0.9000170135541314,3.3306690738754696e-16,473,0.0,0.0,0.0,0.0,0.0,0.0
lastfm,ngcf,weighted_ngcf,2,kl_lam8.0,kl,niche,0.8532017269299277,0.0024416135881103,0.8004420109167257,0.9000170135541314,0.9000170135541314,0.9000170135541314,0.9000170135541314,0.1476765601190567,465,0.001075939602492526,0.0,0.0,0.0,0.0,0.008554806283246508
lastfm,ngcf,weighted_ngcf,2,kl_lam8.0,kl,semi_niche,0.8532017269299277,0.0024416135881103,0.8968457182375589,0.9000170135541314,0.9000170135541314,0.9000170135541314,0.9000170135541314,0.019790235034946223,473,0.0006342974307376181,0.0,0.0,0.0,0.0,-0.0027741623855940915
lastfm,ngcf,weighted_ngcf,2,kl_lam8.0,kl,semi_mainstream,0.8532017269299277,0.0024416135881103,0.8991713475921865,0.9000170135541314,0.9000170135541314,0.9000170135541314,0.9000170135541314,0.009157043478946187,473,0.00021141649048628253,0.0,0.0,0.0,0.0,-0.0012183612990228875
lastfm,ngcf,weighted_ngcf,2,kl_lam8.0,kl,mainstream,0.8532017269299277,0.0024416135881103,0.9000170135541318,0.9000170135541314,0.9000170135541314,0.9000170135541314,0.9000170135541314,3.3306690738754696e-16,473,0.0,0.0,0.0,0.0,0.0,0.0
lastfm,ngcf,weighted_ngcf,2,legacy_a0.1,legacy,niche,0.8512908989044499,0.0043524416135881,0.7914097284600172,0.9000170135541314,0.9000170135541314,0.9000170135541314,0.9000170135541314,0.16148893009484538,465,0.010108222059201033,0.0,0.0,0.0,0.0,-0.005257563692542183
lastfm,ngcf,weighted_ngcf,2,legacy_a0.1,legacy,semi_niche,0.8512908989044499,0.0043524416135881,0.896000052275614,0.9000170135541314,0.9000170135541314,0.9000170135541314,0.9000170135541314,0.02168273818051405,473,0.0014799633926825262,0.0,0.0,0.0,0.0,-0.00466666553116192
lastfm,ngcf,weighted_ngcf,2,legacy_a0.1,legacy,semi_mainstream,0.8512908989044499,0.0043524416135881,0.8991713475921865,0.9000170135541314,0.9000170135541314,0.9000170135541314,0.9000170135541314,0.009157043478946187,473,0.00021141649048628253,0.0,0.0,0.0,0.0,-0.0012183612990228875
lastfm,ngcf,weighted_ngcf,2,legacy_a0.1,legacy,mainstream,0.8512908989044499,0.0043524416135881,0.9000170135541318,0.9000170135541314,0.9000170135541314,0.9000170135541314,0.9000170135541314,3.3306690738754696e-16,473,0.0,0.0,0.0,0.0,0.0,0.0
lastfm,ngcf,weighted_ngcf,2,legacy_a0.2,legacy,niche,0.8459830432781229,0.0096602972399151,0.7862475600185137,0.8000170135541314,0.9000170135541314,0.9000170135541314,0.9000170135541314,0.15121673213726206,465,0.015270390500704556,0.10000000000000009,0.0,0.0,0.0,0.005014634265041146
lastfm,ngcf,weighted_ngcf,2,legacy_a0.2,legacy,semi_niche,0.8459830432781229,0.0096602972399151,0.8936744229209863,0.9000170135541314,0.9000170135541314,0.9000170135541314,0.9000170135541314,0.0276259403008657,473,0.0038055927473101825,0.0,0.0,0.0,0.0,-0.010609867651513567
lastfm,ngcf,weighted_ngcf,2,legacy_a0.2,legacy,semi_mainstream,0.8459830432781229,0.0096602972399151,0.8991713475921865,0.9000170135541314,0.9000170135541314,0.9000170135541314,0.9000170135541314,0.009157043478946187,473,0.00021141649048628253,0.0,0.0,0.0,0.0,-0.0012183612990228875
lastfm,ngcf,weighted_ngcf,2,legacy_a0.2,legacy,mainstream,0.8459830432781229,0.0096602972399151,0.8998055970636454,0.9000170135541314,0.9000170135541314,0.9000170135541314,0.9000170135541314,0.00459314185674428,473,0.00021141649048639355,0.0,0.0,0.0,0.0,-0.004593141856743947
lastfm,ngcf,weighted_ngcf,2,legacy_a0.4,legacy,niche,0.8364289031507344,0.0192144373673036,0.7681816901228086,0.8000170135541314,0.9000170135541314,0.9000170135541314,0.9000170135541314,0.15882627727507426,465,0.03333626039640969,0.10000000000000009,0.0,0.0,0.0,-0.0025949108727710557
lastfm,ngcf,weighted_ngcf,2,legacy_a0.4,legacy,semi_niche,0.8364289031507344,0.0192144373673036,0.8909259605853863,0.9000170135541314,0.9000170135541314,0.9000170135541314,0.9000170135541314,0.03350349692329821,473,0.006554055082910182,0.0,0.0,0.0,0.0,-0.016487424273946078
lastfm,ngcf,weighted_ngcf,2,legacy_a0.4,legacy,semi_mainstream,0.8364289031507344,0.0192144373673036,0.8983256816302415,0.9000170135541314,0.9000170135541314,0.9000170135541314,0.9000170135541314,0.012894672881164412,473,0.0010570824524313016,0.0,0.0,0.0,0.0,-0.0049559907012411124
lastfm,ngcf,weighted_ngcf,2,legacy_a0.4,legacy,mainstream,0.8364289031507344,0.0192144373673036,0.9000170135541318,0.9000170135541314,0.9000170135541314,0.9000170135541314,0.9000170135541314,3.3306690738754696e-16,473,0.0,0.0,0.0,0.0,0.0,0.0
lastfm,ngcf,weighted_ngcf,2,legacy_a0.8,legacy,niche,0.8344649965689934,0.0211783439490446,0.7630204607807087,0.8000170135541314,0.9000170135541314,0.9000170135541314,0.9000170135541314,0.1593328921090351,465,0.03849748973850953,0.10000000000000009,0.0,0.0,0.0,-0.003101525706731889
lastfm,ngcf,weighted_ngcf,2,legacy_a0.8,legacy,semi_niche,0.8344649965689934,0.0211783439490446,0.8877545333807971,0.9000170135541314,0.9000170135541314,0.9000170135541314,0.9000170135541314,0.04084066212431049,473,0.009725482287499365,0.0,0.0,0.0,0.0,-0.02382458947495836
lastfm,ngcf,weighted_ngcf,2,legacy_a0.8,legacy,semi_mainstream,0.8344649965689934,0.0211783439490446,0.8972685991778102,0.9000170135541314,0.9000170135541314,0.9000170135541314,0.9000170135541314,0.017594628559461478,473,0.0021141649048626032,0.0,0.0,0.0,0.0,-0.009655946379538179
lastfm,ngcf,weighted_ngcf,2,legacy_a0.8,legacy,mainstream,0.8344649965689934,0.0211783439490446,0.9000170135541318,0.9000170135541314,0.9000170135541314,0.9000170135541314,0.9000170135541314,3.3306690738754696e-16,473,0.0,0.0,0.0,0.0,0.0,0.0
ml1m,bpr,weighted_bpr,0,baseline,baseline,niche,0.6678660918934466,0.0,0.6154622842926257,0.6000269759913677,0.7000269759913677,0.7999190720258968,0.7999190720258968,0.1434100454969307,1509,0.0,0.0,0.0,0.0,0.0,0.0
ml1m,bpr,weighted_bpr,0,baseline,baseline,semi_niche,0.6678660918934466,0.0,0.7271392586425895,0.7000269759913677,0.7999190720258968,0.8999190720258968,0.8999190720258968,0.11717176722635202,1510,0.0,0.0,0.0,0.0,0.0,0.0
ml1m,bpr,weighted_bpr,0,baseline,baseline,semi_mainstream,0.6678660918934466,0.0,0.7935342836266451,0.7999190720258968,0.8999190720258968,0.8999190720258968,0.8999190720258968,0.1053959026892453,1510,0.0,0.0,0.0,0.0,0.0,0.0
ml1m,bpr,weighted_bpr,0,baseline,baseline,mainstream,0.6678660918934466,0.0,0.8616120930994842,0.8999190720258968,0.8999190720258968,0.8999190720258968,0.8999190720258968,0.07242169128064498,1511,0.0,0.0,0.0,0.0,0.0,0.0
ml1m,bpr,weighted_bpr,0,kl_lam0.1,kl,niche,0.3783462243437777,0.2895198675496688,0.32116122615087284,0.30002697599136763,0.40005395198273536,0.5000269759913677,0.5999460480172647,0.14563494382468584,1509,0.2943010581417529,0.30000000000000004,0.2999730240086323,0.29989209603452915,0.19997302400863215,-0.0022248983277551315
ml1m,bpr,weighted_bpr,0,kl_lam0.1,kl,semi_niche,0.3783462243437777,0.2895198675496688,0.4510793790877113,0.4000539519827354,0.6000269759913677,0.7000269759913677,0.7999190720258968,0.19962673138616152,1510,0.27605987955487826,0.29997302400863224,0.19989209603452918,0.19989209603452918,0.09999999999999998,-0.0824549641598095
ml1m,bpr,weighted_bpr,0,kl_lam0.1,kl,semi_mainstream,0.3783462243437777,0.2895198675496688,0.5991970087019903,0.6000269759913677,0.7999190720258968,0.8999190720258968,0.8999190720258968,0.21291506257961496,1510,0.1943372749246548,0.19989209603452918,0.09999999999999998,0.0,0.0,-0.10751915989036966
ml1m,bpr,weighted_bpr,0,kl_lam0.1,kl,mainstream,0.3783462243437777,0.2895198675496688,0.7701692310521331,0.799919072025897,0.8999190720258968,0.8999190720258968,0.8999190720258968,0.17432521310869717,1511,0.09144286204735108,0.09999999999999987,0.0,0.0,0.0,-0.1019035218280522
ml1m,bpr,weighted_bpr,0,kl_lam0.5,kl,niche,0.5298694031517248,0.1379966887417217,0.37529228012913435,0.3001348799568384,0.5000269759913676,0.6000269759913677,0.7000269759913677,0.18379763765587412,1509,0.24017000416349138,0.29989209603452927,0.20000000000000007,0.19989209603452918,0.0998920960345292,-0.040387592158943414
ml1m,bpr,weighted_bpr,0,kl_lam0.5,kl,semi_niche,0.5298694031517248,0.1379966887417217,0.585357378290937,0.6000269759913677,0.7000269759913677,0.8999190720258968,0.8999190720258968,0.2100533838829125,1510,0.1417818803516525,0.09999999999999998,0.0998920960345292,0.0,0.0,-0.09288161665656049
ml1m,bpr,weighted_bpr,0,kl_lam0.5,kl,semi_mainstream,0.5298694031517248,0.1379966887417217,0.7211583597882651,0.7000269759913677,0.8999190720258968,0.8999190720258968,0.8999190720258968,0.17627767023377375,1510,0.07237592383837999,0.0998920960345292,0.0,0.0,0.0,-0.07088176754452845
ml1m,bpr,weighted_bpr,0,kl_lam0.5,kl,mainstream,0.5298694031517248,0.1379966887417217,0.8383866036262801,0.8999190720258968,0.8999190720258968,0.8999190720258968,0.8999190720258968,0.11512114802429917,1511,0.02322548947320402,0.0,0.0,0.0,0.0,-0.04269945674365419
ml1m,bpr,weighted_bpr,0,kl_lam2.0,kl,niche,0.6355978799729167,0.0322682119205298,0.5385298317102153,0.6000269759913677,0.7000269759913677,0.7000269759913677,0.7999190720258968,0.18336345290821757,1509,0.07693245258241044,0.0,0.0,0.0998920960345292,0.0,-0.03995340741128686
ml1m,bpr,weighted_bpr,0,kl_lam2.0,kl,semi_niche,0.6355978799729167,0.0322682119205298,0.7056180807028762,0.7000269759913677,0.7999190720258968,0.8999190720258968,0.8999190720258968,0.1379236839734439,1510,0.02152117793971331,0.0,0.0,0.0,0.0,-0.020751916747091884
ml1m,bpr,weighted_bpr,0,kl_lam2.0,kl,semi_mainstream,0.6355978799729167,0.0322682119205298,0.7830076443885471,0.7999190720258968,0.8999190720258968,0.8999190720258968,0.8999190720258968,0.12023491227393329,1510,0.010526639238098046,0.0,0.0,0.0,0.0,-0.014839009584687993
ml1m,bpr,weighted_bpr,0,kl_lam2.0,kl,mainstream,0.6355978799729167,0.0322682119205298,0.863331808085906,0.8999190720258968,0.8999190720258968,0.8999190720258968,0.8999190720258968,0.07535451910174772,1511,-0.001719714986421872,0.0,0.0,0.0,0.0,-0.0029328278211027403
ml1m,bpr,weighted_bpr,0,kl_lam8.0,kl,niche,0.647601191231195,0.0202649006622516,0.5948571675781119,0.6000269759913677,0.7000269759913677,0.7000269759913677,0.7999190720258968,0.1472170254973435,1509,0.020605116714513816,0.0,0.0,0.0998920960345292,0.0,-0.0038069800004127963
ml1m,bpr,weighted_bpr,0,kl_lam8.0,kl,semi_niche,0.647601191231195,0.0202649006622516,0.71257409911801,0.7000269759913677,0.7999190720258968,0.8999190720258968,0.8999190720258968,0.12022461075968172,1510,0.014565159524579596,0.0,0.0,0.0,0.0,-0.0030528435333296994
ml1m,bpr,weighted_bpr,0,kl_lam8.0,kl,semi_mainstream,0.647601191231195,0.0202649006622516,0.7836040639063022,0.7999190720258968,0.8999190720258968,0.8999190720258968,0.8999190720258968,0.1099998221177986,1510,0.009930219720342914,0.0,0.0,0.0,0.0,-0.004603919428553302
ml1m,bpr,weighted_bpr,0,kl_lam8.0,kl,mainstream,0.647601191231195,0.0202649006622516,0.857246088704415,0.8999190720258968,0.8999190720258968,0.8999190720258968,0.8999190720258968,0.07635644805697216,1511,0.0043660043950691785,0.0,0.0,0.0,0.0,-0.003934756776327181
ml1m,bpr,weighted_bpr,0,legacy_a0.1,legacy,niche,0.6533627806351685,0.014503311258278,0.5992314613353956,0.6000269759913677,0.7000269759913677,0.7000269759913677,0.7999190720258968,0.14653830443683846,1509,0.016230822957230107,0.0,0.0,0.0998920960345292,0.0,-0.0031282589399077576
ml1m,bpr,weighted_bpr,0,legacy_a0.1,legacy,semi_niche,0.6533627806351685,0.014503311258278,0.7217764851533791,0.7000269759913677,0.7999190720258968,0.8999190720258968,0.8999190720258968,0.11942929299440912,1510,0.005362773489210437,0.0,0.0,0.0,0.0,-0.0022575257680571004
ml1m,bpr,weighted_bpr,0,legacy_a0.1,legacy,semi_mainstream,0.6533627806351685,0.014503311258278,0.7898936502803895,0.7999190720258968,0.8999190720258968,0.8999190720258968,0.8999190720258968,0.10909619005594205,1510,0.0036406333462556395,0.0,0.0,0.0,0.0,-0.003700287366696753
ml1m,bpr,weighted_bpr,0,legacy_a0.1,legacy,mainstream,0.6533627806351685,0.014503311258278,0.863267215672426,0.8999190720258968,0.8999190720258968,0.8999190720258968,0.8999190720258968,0.07501114069647834,1511,-0.0016551225729418695,0.0,0.0,0.0,0.0,-0.0025894494158333614
ml1m,bpr,weighted_bpr,0,legacy_a0.2,legacy,niche,0.6291991614218312,0.0386669304716154,0.5588154733142374,0.6000269759913677,0.7000269759913677,0.7000269759913677,0.7999190720258968,0.15299315718887788,1509,0.05664681097838831,0.0,0.0,0.0998920960345292,0.0,-0.009583111691947171
ml1m,bpr,weighted_bpr,0,legacy_a0.2,legacy,semi_niche,0.6291991614218312,0.0386669304716154,0.6953604510528676,0.7000269759913677,0.7999190720258968,0.8999190720258968,0.8999190720258968,0.12636683371697655,1510,0.03177880758972196,0.0,0.0,0.0,0.0,-0.009195066490624529
ml1m,bpr,weighted_bpr,0,legacy_a0.2,legacy,semi_mainstream,0.6291991614218312,0.0386669304716154,0.7691071840102044,0.7999190720258968,0.8999190720258968,0.8999190720258968,0.8999190720258968,0.11658897831057664,1510,0.02442709961644074,0.0,0.0,0.0,0.0,-0.011193075621331344
ml1m,bpr,weighted_bpr,0,legacy_a0.2,legacy,mainstream,0.6291991614218312,0.0386669304716154,0.8537393169450465,0.8999190720258968,0.8999190720258968,0.8999190720258968,0.8999190720258968,0.08347050125096164,1511,0.00787277615443771,0.0,0.0,0.0,0.0,-0.011048809970316667
ml1m,bpr,weighted_bpr,0,legacy_a0.4,legacy,niche,0.5728912144019638,0.0949748774914828,0.47447029003034213,0.5000269759913676,0.6000269759913677,0.7000269759913677,0.7000269759913677,0.1607212808843001,1509,0.1409919942622836,0.10000000000000009,0.09999999999999998,0.0998920960345292,0.0998920960345292,-0.017311235387369395
ml1m,bpr,weighted_bpr,0,legacy_a0.4,legacy,semi_niche,0.5728912144019638,0.0949748774914828,0.6278270213682008,0.699919072025897,0.7000269759913677,0.7999190720258968,0.8999190720258968,0.15210287663404376,1510,0.09931223727438876,0.00010790396547066816,0.0998920960345292,0.09999999999999998,0.0,-0.03493110940769174
ml1m,bpr,weighted_bpr,0,legacy_a0.4,legacy,semi_mainstream,0.5728912144019638,0.0949748774914828,0.7252799697011383,0.7000269759913677,0.7999190720258968,0.8999190720258968,0.8999190720258968,0.13503643266075854,1510,0.06825431392550685,0.0998920960345292,0.09999999999999998,0.0,0.0,-0.029640529971513244
ml1m,bpr,weighted_bpr,0,legacy_a0.4,legacy,mainstream,0.5728912144019638,0.0949748774914828,0.8304513417208255,0.8999190720258968,0.8999190720258968,0.8999190720258968,0.8999190720258968,0.10434564834126155,1511,0.031160751378658702,0.0,0.0,0.0,0.0,-0.03192395706061657
ml1m,bpr,weighted_bpr,0,legacy_a0.8,legacy,niche,0.3922786316205067,0.2755874602729399,0.339282942753514,0.3001348799568384,0.4001348799568384,0.5001132991637443,0.6000269759913677,0.1433084539318994,1509,0.2761793415391117,0.29989209603452927,0.29989209603452927,0.2998057728621526,0.19989209603452918,0.0001015915650313115
ml1m,bpr,weighted_bpr,0,legacy_a0.8,legacy,semi_niche,0.3922786316205067,0.2755874602729399,0.48759211586456264,0.5000269759913676,0.6000269759913677,0.7000269759913677,0.7999190720258968,0.1846884941756456,1510,0.2395471427780269,0.20000000000000007,0.19989209603452918,0.19989209603452918,0.09999999999999998,-0.06751672694929357
ml1m,bpr,weighted_bpr,0,legacy_a0.8,legacy,semi_mainstream,0.3922786316205067,0.2755874602729399,0.6060365480020794,0.6000269759913677,0.7000269759913677,0.8999190720258968,0.8999190720258968,0.1974812857021788,1510,0.18749773562456573,0.19989209603452918,0.19989209603452918,0.0,0.0,-0.0920853830129335
ml1m,bpr,weighted_bpr,0,legacy_a0.8,legacy,mainstream,0.3922786316205067,0.2755874602729399,0.7603212803080441,0.7999190720258968,0.8999190720258968,0.8999190720258968,0.8999190720258968,0.16980836916252393,1511,0.10129081279144003,0.09999999999999998,0.0,0.0,0.0,-0.09738667788187895
ml1m,bpr,weighted_bpr,1,baseline,baseline,niche,0.6776343038139765,0.0,0.6246701787297972,0.7000269759913675,0.7000269759913677,0.7999190720258968,0.8999190720258968,0.14749197139070463,1509,0.0,0.0,0.0,0.0,0.0,0.0
ml1m,bpr,weighted_bpr,1,baseline,baseline,semi_niche,0.6776343038139765,0.0,0.7370029316292604,0.7000269759913677,0.7999190720258968,0.8999190720258968,0.8999190720258968,0.11248422655405242,1510,0.0,0.0,0.0,0.0,0.0,0.0
ml1m,bpr,weighted_bpr,1,baseline,baseline,semi_mainstream,0.6776343038139765,0.0,0.8028038773967989,0.7999190720258968,0.8999190720258968,0.8999190720258968,0.8999190720258968,0.10145960094834099,1510,0.0,0.0,0.0,0.0,0.0,0.0
ml1m,bpr,weighted_bpr,1,baseline,baseline,mainstream,0.6776343038139765,0.0,0.8644561409835649,0.8999190720258968,0.8999190720258968,0.8999190720258968,0.8999190720258968,0.07163134640952781,1511,0.0,0.0,0.0,0.0,0.0,0.0
ml1m,bpr,weighted_bpr,1,kl_lam0.1,kl,niche,0.4127998667278836,0.2648344370860928,0.33354118611771505,0.30002697599136763,0.4000539519827354,0.5999190720258969,0.5999460480172647,0.16053450271275002,1509,0.2911289926120822,0.3999999999999999,0.29997302400863224,0.19999999999999996,0.2999730240086321,-0.013042531322045386
ml1m,bpr,weighted_bpr,1,kl_lam0.1,kl,semi_niche,0.4127998667278836,0.2648344370860928,0.4709388002293852,0.4001348799568384,0.6000269759913677,0.7999190720258968,0.8999190720258968,0.22162861928184774,1510,0.2660641313998752,0.29989209603452927,0.19989209603452918,0.09999999999999998,0.0,-0.10914439272779532
ml1m,bpr,weighted_bpr,1,kl_lam0.1,kl,semi_mainstream,0.4127998667278836,0.2648344370860928,0.6403130108243398,0.7000269759913677,0.7999190720258968,0.8999190720258968,0.8999190720258968,0.21894704037150023,1510,0.16249086657245915,0.0998920960345292,0.09999999999999998,0.0,0.0,-0.11748743942315924
ml1m,bpr,weighted_bpr,1,kl_lam0.1,kl,mainstream,0.4127998667278836,0.2648344370860928,0.7917382411189446,0.8999190720258968,0.8999190720258968,0.8999190720258968,0.8999190720258968,0.16877164016624777,1511,0.0727178998646203,0.0,0.0,0.0,0.0,-0.09714029375671995
ml1m,bpr,weighted_bpr,1,kl_lam0.5,kl,niche,0.5195051647411287,0.1581291390728477,0.3723138375037072,0.3001348799568384,0.5000269759913676,0.6000269759913677,0.7000269759913677,0.18295216619628604,1509,0.25235634122609,0.39989209603452913,0.20000000000000007,0.19989209603452918,0.19989209603452918,-0.03546019480558141
ml1m,bpr,weighted_bpr,1,kl_lam0.5,kl,semi_niche,0.5195051647411287,0.1581291390728477,0.581256455926411,0.6000269759913677,0.7000269759913677,0.8999190720258968,0.8999190720258968,0.20753658664392902,1510,0.1557464757028495,0.09999999999999998,0.0998920960345292,0.0,0.0,-0.0950523600898766
ml1m,bpr,weighted_bpr,1,kl_lam0.5,kl,semi_mainstream,0.5195051647411287,0.1581291390728477,0.7267908038666778,0.7000269759913677,0.8999190720258968,0.8999190720258968,0.8999190720258968,0.17109537269637798,1510,0.0760130735301211,0.0998920960345292,0.0,0.0,0.0,-0.06963577174803699
ml1m,bpr,weighted_bpr,1,kl_lam0.5,kl,mainstream,0.5195051647411287,0.1581291390728477,0.8355417702070438,0.8999190720258968,0.8999190720258968,0.8999190720258968,0.8999190720258968,0.12249667598666171,1511,0.028914370776521148,0.0,0.0,0.0,0.0,-0.0508653295771339
ml1m,bpr,weighted_bpr,1,kl_lam2.0,kl,niche,0.6284455620921221,0.0491887417218543,0.5370740577665202,0.6000269759913677,0.7000269759913677,0.7000269759913677,0.7999190720258968,0.18293956496428918,1509,0.08759612096327707,0.09999999999999987,0.0,0.0998920960345292,0.09999999999999998,-0.03544759357358454
ml1m,bpr,weighted_bpr,1,kl_lam2.0,kl,semi_niche,0.6284455620921221,0.0491887417218543,0.7059509036957109,0.7000269759913677,0.7999190720258968,0.8999190720258968,0.8999190720258968,0.13682402790724135,1510,0.031052027933549553,0.0,0.0,0.0,0.0,-0.02433980135318893
ml1m,bpr,weighted_bpr,1,kl_lam2.0,kl,semi_mainstream,0.6284455620921221,0.0491887417218543,0.784928370703716,0.7999190720258968,0.8999190720258968,0.8999190720258968,0.8999190720258968,0.11863637826812665,1510,0.01787550669308291,0.0,0.0,0.0,0.0,-0.01717677731978566
ml1m,bpr,weighted_bpr,1,kl_lam2.0,kl,mainstream,0.6284455620921221,0.0491887417218543,0.8589652680986852,0.8999190720258968,0.8999190720258968,0.8999190720258968,0.8999190720258968,0.08031711631729535,1511,0.005490872884879705,0.0,0.0,0.0,0.0,-0.008685769907767538
ml1m,bpr,weighted_bpr,1,kl_lam8.0,kl,niche,0.6739753634166255,0.003658940397351,0.6186417150366392,0.699919072025897,0.7000269759913677,0.7999190720258968,0.799919072025897,0.14664545432710602,1509,0.006028463693158015,0.00010790396547055714,0.0,0.0,0.09999999999999987,0.0008465170635986174
ml1m,bpr,weighted_bpr,1,kl_lam8.0,kl,semi_niche,0.6739753634166255,0.003658940397351,0.7396510628719247,0.7000269759913677,0.7999190720258968,0.8999190720258968,0.8999190720258968,0.11582739027869947,1510,-0.0026481312426642756,0.0,0.0,0.0,0.0,-0.003343163724647047
ml1m,bpr,weighted_bpr,1,kl_lam8.0,kl,semi_mainstream,0.6739753634166255,0.003658940397351,0.802207779447153,0.7999190720258968,0.8999190720258968,0.8999190720258968,0.8999190720258968,0.10338165482446338,1510,0.0005960979496458796,0.0,0.0,0.0,0.0,-0.0019220538761223899
ml1m,bpr,weighted_bpr,1,kl_lam8.0,kl,mainstream,0.6739753634166255,0.003658940397351,0.8677645294099897,0.8999190720258968,0.8999190720258968,0.8999190720258968,0.8999190720258968,0.0690845096466994,1511,-0.00330838842642478,0.0,0.0,0.0,0.0,0.0025468367628284083
ml1m,bpr,weighted_bpr,1,legacy_a0.1,legacy,niche,0.6588263567941088,0.0188079470198676,0.6056567885198475,0.6000269759913677,0.7000269759913677,0.7999190720258968,0.7999190720258968,0.14699687655832813,1509,0.019013390209949743,0.09999999999999987,0.0,0.0,0.09999999999999998,0.0004950948323765025
ml1m,bpr,weighted_bpr,1,legacy_a0.1,legacy,semi_niche,0.6588263567941088,0.0188079470198676,0.7309123065901811,0.7000269759913677,0.7999190720258968,0.8999190720258968,0.8999190720258968,0.11609039252843699,1510,0.0060906250390793115,0.0,0.0,0.0,0.0,-0.0036061659743845675
ml1m,bpr,weighted_bpr,1,legacy_a0.1,legacy,semi_mainstream,0.6588263567941088,0.0188079470198676,0.7955885321666364,0.7999190720258968,0.8999190720258968,0.8999190720258968,0.8999190720258968,0.10653056869729628,1510,0.00721534523016254,0.0,0.0,0.0,0.0,-0.005070967748955296
ml1m,bpr,weighted_bpr,1,legacy_a0.1,legacy,mainstream,0.6588263567941088,0.0188079470198676,0.8647213305108816,0.8999190720258968,0.8999190720258968,0.8999190720258968,0.8999190720258968,0.07185287290884662,1511,-0.0002651895273166893,0.0,0.0,0.0,0.0,-0.0002215264993188082
ml1m,bpr,weighted_bpr,1,legacy_a0.2,legacy,niche,0.6339508170509703,0.0436834867630061,0.5649107066082956,0.6000269759913677,0.7000269759913677,0.7000269759913677,0.7999190720258968,0.15321466848773968,1509,0.05975947212150168,0.09999999999999987,0.0,0.0998920960345292,0.09999999999999998,-0.0057226970970350455
ml1m,bpr,weighted_bpr,1,legacy_a0.2,legacy,semi_niche,0.6339508170509703,0.0436834867630061,0.7036375069896401,0.7000269759913677,0.7999190720258968,0.8999190720258968,0.8999190720258968,0.12409707122024292,1510,0.033365424639620334,0.0,0.0,0.0,0.0,-0.011612844666190503
ml1m,bpr,weighted_bpr,1,legacy_a0.2,legacy,semi_mainstream,0.6339508170509703,0.0436834867630061,0.7777144546651493,0.7999190720258968,0.8999190720258968,0.8999190720258968,0.8999190720258968,0.11374516805389256,1510,0.025089422731649602,0.0,0.0,0.0,0.0,-0.012285567105551579
ml1m,bpr,weighted_bpr,1,legacy_a0.2,legacy,mainstream,0.6339508170509703,0.0436834867630061,0.854930045416429,0.8999190720258968,0.8999190720258968,0.8999190720258968,0.8999190720258968,0.08132036421361588,1511,0.009526095567135906,0.0,0.0,0.0,0.0,-0.009689017804088068
ml1m,bpr,weighted_bpr,1,legacy_a0.4,legacy,niche,0.5973448567860696,0.0802894470279068,0.5101176771758622,0.5000269759913677,0.6000269759913677,0.7000269759913677,0.7000269759913677,0.16481507257686476,1509,0.11455250155393504,0.19999999999999984,0.09999999999999998,0.0998920960345292,0.19989209603452918,-0.017323101186160123
ml1m,bpr,weighted_bpr,1,legacy_a0.4,legacy,semi_niche,0.5973448567860696,0.0802894470279068,0.6664951934500148,0.7000269759913677,0.7001079039654707,0.8999190720258968,0.8999190720258968,0.15037286390103818,1510,0.0705077381792456,0.0,0.09981116806042611,0.0,0.0,-0.03788863734698576
ml1m,bpr,weighted_bpr,1,legacy_a0.4,legacy,semi_mainstream,0.5973448567860696,0.0802894470279068,0.7655319897741342,0.7999190720258968,0.8999190720258968,0.8999190720258968,0.8999190720258968,0.12859596907214446,1510,0.03727188762266476,0.0,0.0,0.0,0.0,-0.027136368123803475
ml1m,bpr,weighted_bpr,1,legacy_a0.4,legacy,mainstream,0.5973448567860696,0.0802894470279068,0.8500353223023962,0.8999190720258968,0.8999190720258968,0.8999190720258968,0.8999190720258968,0.09559281965499951,1511,0.014420818681168734,0.0,0.0,0.0,0.0,-0.023961473245471696
ml1m,bpr,weighted_bpr,1,legacy_a0.8,legacy,niche,0.5435448998404664,0.1340894039735101,0.4136866419502944,0.40002697599136766,0.5001348799568385,0.7000269759913677,0.8999190720258968,0.21355277257574098,1509,0.21098353677950282,0.2999999999999999,0.19989209603452918,0.0998920960345292,0.0,-0.06606080118503635
ml1m,bpr,weighted_bpr,1,legacy_a0.8,legacy,semi_niche,0.5435448998404664,0.1340894039735101,0.6284764996239439,0.7000269759913677,0.7999190720258968,0.8999190720258968,0.8999190720258968,0.22950555265275815,1510,0.10852643200531653,0.0,0.0,0.0,0.0,-0.11702132609870573
ml1m,bpr,weighted_bpr,1,legacy_a0.8,legacy,semi_mainstream,0.5435448998404664,0.1340894039735101,0.7593683330445176,0.7999190720258968,0.8999190720258968,0.8999190720258968,0.8999190720258968,0.17701623761852742,1510,0.04343554435228136,0.0,0.0,0.0,0.0,-0.07555663667018643
ml1m,bpr,weighted_bpr,1,legacy_a0.8,legacy,mainstream,0.5435448998404664,0.1340894039735101,0.8514241127514314,0.8999190720258968,0.8999190720258968,0.8999190720258968,0.8999190720258968,0.11682268920320257,1511,0.013032028232133563,0.0,0.0,0.0,0.0,-0.04519134279367476
ml1m,bpr,weighted_bpr,2,baseline,baseline,niche,0.6781641051384797,0.0,0.6213580668672078,0.7000269759913675,0.7000269759913677,0.7999190720258968,0.799919072025897,0.1416990413287,1509,0.0,0.0,0.0,0.0,0.0,0.0
ml1m,bpr,weighted_bpr,2,baseline,baseline,semi_niche,0.6781641051384797,0.0,0.7375998334991791,0.7000269759913677,0.7999190720258968,0.8999190720258968,0.8999190720258968,0.1119614958953818,1510,0.0,0.0,0.0,0.0,0.0,0.0
ml1m,bpr,weighted_bpr,2,baseline,baseline,semi_mainstream,0.6781641051384797,0.0,0.803662732221303,0.7999190720258968,0.8999190720258968,0.8999190720258968,0.8999190720258968,0.1012046197999659,1510,0.0,0.0,0.0,0.0,0.0,0.0
ml1m,bpr,weighted_bpr,2,baseline,baseline,mainstream,0.6781641051384797,0.0,0.8646563810359672,0.8999190720258968,0.8999190720258968,0.8999190720258968,0.8999190720258968,0.07241466849603097,1511,0.0,0.0,0.0,0.0,0.0,0.0
ml1m,bpr,weighted_bpr,2,kl_lam0.1,kl,niche,0.4100018534828505,0.2681622516556291,0.33526371668380156,0.30002697599136763,0.4001079039654707,0.5999190720258969,0.5999460480172647,0.15912669644315455,1509,0.2860943501834063,0.3999999999999999,0.29991907202589696,0.19999999999999996,0.19997302400863226,-0.017427655114454543
ml1m,bpr,weighted_bpr,2,kl_lam0.1,kl,semi_niche,0.4100018534828505,0.2681622516556291,0.4723965577920419,0.40013487995683844,0.6000269759913677,0.7999190720258968,0.8999190720258968,0.21661935625713574,1510,0.2652032757071372,0.2998920960345292,0.19989209603452918,0.09999999999999998,0.0,-0.10465786036175394
ml1m,bpr,weighted_bpr,2,kl_lam0.1,kl,semi_mainstream,0.4100018534828505,0.2681622516556291,0.6260752612294264,0.699919072025897,0.7999190720258968,0.8999190720258968,0.8999190720258968,0.2202708602378995,1510,0.17758747099187666,0.09999999999999987,0.09999999999999998,0.0,0.0,-0.1190662404379336
ml1m,bpr,weighted_bpr,2,kl_lam0.1,kl,mainstream,0.4100018534828505,0.2681622516556291,0.7925330420188109,0.8999190720258968,0.8999190720258968,0.8999190720258968,0.8999190720258968,0.17032992159404395,1511,0.07212333901715628,0.0,0.0,0.0,0.0,-0.09791525309801298
ml1m,bpr,weighted_bpr,2,kl_lam0.5,kl,niche,0.531558144873579,0.1466059602649007,0.3777409636238856,0.39986512004316155,0.5000269759913676,0.6000269759913677,0.7000269759913677,0.18401821589576053,1509,0.24361710324332225,0.300161855948206,0.20000000000000007,0.19989209603452918,0.09989209603452931,-0.042319174567060525
ml1m,bpr,weighted_bpr,2,kl_lam0.5,kl,semi_niche,0.531558144873579,0.1466059602649007,0.5906580712702119,0.6000269759913677,0.7000269759913677,0.8999190720258968,0.8999190720258968,0.20444907470096008,1510,0.14694176222896727,0.09999999999999998,0.0998920960345292,0.0,0.0,-0.09248757880557827
ml1m,bpr,weighted_bpr,2,kl_lam0.5,kl,semi_mainstream,0.531558144873579,0.1466059602649007,0.7198356608313965,0.7000269759913677,0.8999190720258968,0.8999190720258968,0.8999190720258968,0.17996113585631274,1510,0.08382707138990653,0.0998920960345292,0.0,0.0,0.0,-0.07875651605634684
ml1m,bpr,weighted_bpr,2,kl_lam0.5,kl,mainstream,0.531558144873579,0.1466059602649007,0.8390479885211889,0.8999190720258968,0.8999190720258968,0.8999190720258968,0.8999190720258968,0.11841618073775372,1511,0.02560839251477831,0.0,0.0,0.0,0.0,-0.04600151224172275
ml1m,bpr,weighted_bpr,2,kl_lam2.0,kl,niche,0.6378329793106651,0.0403311258278146,0.5358118352201332,0.6000269759913677,0.7000269759913677,0.7000269759913677,0.7999190720258968,0.18558321486375623,1509,0.08554623164707464,0.09999999999999987,0.0,0.0998920960345292,1.1102230246251565e-16,-0.04388417353505622
ml1m,bpr,weighted_bpr,2,kl_lam2.0,kl,semi_niche,0.6378329793106651,0.0403311258278146,0.7080026154206202,0.7000269759913677,0.7999190720258968,0.8999190720258968,0.8999190720258968,0.1349902705373235,1510,0.029597218078558973,0.0,0.0,0.0,0.0,-0.023028774641941682
ml1m,bpr,weighted_bpr,2,kl_lam2.0,kl,semi_mainstream,0.6378329793106651,0.0403311258278146,0.7870454500792308,0.7999190720258968,0.8999190720258968,0.8999190720258968,0.8999190720258968,0.11703512376609897,1510,0.016617282142072254,0.0,0.0,0.0,0.0,-0.015830503966133072
ml1m,bpr,weighted_bpr,2,kl_lam2.0,kl,mainstream,0.6378329793106651,0.0403311258278146,0.8628032857507315,0.8999190720258968,0.8999190720258968,0.8999190720258968,0.8999190720258968,0.07970912270437842,1511,0.0018530952852356952,0.0,0.0,0.0,0.0,-0.007294454208347456
ml1m,bpr,weighted_bpr,2,kl_lam8.0,kl,niche,0.6822700654033804,-0.0041059602649007,0.6202314929772145,0.7000269759913675,0.7000269759913677,0.7999190720258968,0.799919072025897,0.14383463269113114,1509,0.0011265738899933764,0.0,0.0,0.0,0.0,-0.002135591362431133
ml1m,bpr,weighted_bpr,2,kl_lam8.0,kl,semi_niche,0.6822700654033804,-0.0041059602649007,0.7396510450070297,0.7000269759913677,0.7999190720258968,0.8999190720258968,0.8999190720258968,0.11293326988550617,1510,-0.002051211507850592,0.0,0.0,0.0,0.0,-0.0009717739901243666
ml1m,bpr,weighted_bpr,2,kl_lam8.0,kl,semi_mainstream,0.6822700654033804,-0.0041059602649007,0.807502791389835,0.7999190720258968,0.8999190720258968,0.8999190720258968,0.8999190720258968,0.10293862417369205,1510,-0.0038400591685320284,0.0,0.0,0.0,0.0,-0.0017340043737261585
ml1m,bpr,weighted_bpr,2,kl_lam8.0,kl,mainstream,0.6822700654033804,-0.0041059602649007,0.8702131853147058,0.8999190720258968,0.8999190720258968,0.8999190720258968,0.8999190720258968,0.06850215606856556,1511,-0.005556804278738614,0.0,0.0,0.0,0.0,0.003912512427465403
ml1m,bpr,weighted_bpr,2,legacy_a0.1,legacy,niche,0.6665912574563605,0.0115728476821191,0.6057882897739899,0.6000269759913677,0.7000269759913677,0.7999190720258968,0.7999190720258968,0.14699260808420628,1509,0.01556977709321794,0.09999999999999987,0.0,0.0,1.1102230246251565e-16,-0.005293566755506268
ml1m,bpr,weighted_bpr,2,legacy_a0.1,legacy,semi_niche,0.6665912574563605,0.0115728476821191,0.7301847408786313,0.7000269759913677,0.7999190720258968,0.8999190720258968,0.8999190720258968,0.11510861739765597,1510,0.007415092620547847,0.0,0.0,0.0,0.0,-0.0031471215022741694
ml1m,bpr,weighted_bpr,2,legacy_a0.1,legacy,semi_mainstream,0.6665912574563605,0.0115728476821191,0.7996917055079258,0.7999190720258968,0.8999190720258968,0.8999190720258968,0.8999190720258968,0.10674474056156623,1510,0.003971026713377235,0.0,0.0,0.0,0.0,-0.005540120761600334
ml1m,bpr,weighted_bpr,2,legacy_a0.1,legacy,mainstream,0.6665912574563605,0.0115728476821191,0.867104037168667,0.8999190720258968,0.8999190720258968,0.8999190720258968,0.8999190720258968,0.0721504323224424,1511,-0.002447656132699816,0.0,0.0,0.0,0.0,0.0002642361735885612
ml1m,bpr,weighted_bpr,2,legacy_a0.2,legacy,niche,0.6329243269847451,0.0452397781537345,0.5641800308659686,0.6000269759913677,0.7000269759913677,0.7000269759913677,0.7999190720258968,0.15509134760271856,1509,0.057178036001239274,0.09999999999999987,0.0,0.0998920960345292,1.1102230246251565e-16,-0.01339230627401855
ml1m,bpr,weighted_bpr,2,legacy_a0.2,legacy,semi_niche,0.6329243269847451,0.0452397781537345,0.7036366673395776,0.7000269759913677,0.7999190720258968,0.8999190720258968,0.8999190720258968,0.12447193092610068,1510,0.03396316615960149,0.0,0.0,0.0,0.0,-0.012510435030718872
ml1m,bpr,weighted_bpr,2,legacy_a0.2,legacy,semi_mainstream,0.6329243269847451,0.0452397781537345,0.7798978485307017,0.7999190720258968,0.8999190720258968,0.8999190720258968,0.8999190720258968,0.11596387457104908,1510,0.02376488369060137,0.0,0.0,0.0,0.0,-0.014759254771083183
ml1m,bpr,weighted_bpr,2,legacy_a0.2,legacy,mainstream,0.6329243269847451,0.0452397781537345,0.858172770245071,0.8999190720258968,0.8999190720258968,0.8999190720258968,0.8999190720258968,0.08210983792690052,1511,0.00648361079089621,0.0,0.0,0.0,0.0,-0.009695169430869552
ml1m,bpr,weighted_bpr,2,legacy_a0.4,legacy,niche,0.5773614130774604,0.1008026920610193,0.4791067460894198,0.5000269759913676,0.6000269759913677,0.7000269759913677,0.7000269759913677,0.16269877064673957,1509,0.14225132077778807,0.19999999999999996,0.09999999999999998,0.0998920960345292,0.09989209603452931,-0.02099972931803956
ml1m,bpr,weighted_bpr,2,legacy_a0.4,legacy,semi_niche,0.5773614130774604,0.1008026920610193,0.637893818210402,0.7000269759913677,0.7000269759913677,0.7999190720258968,0.8999190720258968,0.15000116114515052,1510,0.0997060152887771,0.0,0.0998920960345292,0.09999999999999998,0.0,-0.03803966524976872
ml1m,bpr,weighted_bpr,2,legacy_a0.4,legacy,semi_mainstream,0.5773614130774604,0.1008026920610193,0.7288561107766406,0.7000269759913677,0.7999190720258968,0.8999190720258968,0.8999190720258968,0.13495783864657235,1510,0.07480662144466244,0.0998920960345292,0.09999999999999998,0.0,0.0,-0.03375321884660645
ml1m,bpr,weighted_bpr,2,legacy_a0.4,legacy,mainstream,0.5773614130774604,0.1008026920610193,0.8336930846305227,0.8999190720258968,0.8999190720258968,0.8999190720258968,0.8999190720258968,0.1051509522669818,1511,0.030963296405444485,0.0,0.0,0.0,0.0,-0.032736283770950836
ml1m,bpr,weighted_bpr,2,legacy_a0.8,legacy,niche,0.418967373342361,0.2591967317961186,0.35571044553647446,0.3001348799568384,0.4999190720258969,0.5999460480172647,0.6001079039654708,0.16344858175558125,1509,0.2656476213307334,0.39989209603452913,0.20010790396547073,0.19997302400863215,0.1998111680604262,-0.021749540426881236
ml1m,bpr,weighted_bpr,2,legacy_a0.8,legacy,semi_niche,0.418967373342361,0.2591967317961186,0.5053331713582858,0.5000269759913677,0.7000269759913677,0.7999190720258968,0.8999190720258968,0.19975520960553186,1510,0.2322666621408933,0.19999999999999996,0.0998920960345292,0.09999999999999998,0.0,-0.08779371371015006
ml1m,bpr,weighted_bpr,2,legacy_a0.8,legacy,semi_mainstream,0.418967373342361,0.2591967317961186,0.6431788615417047,0.7000269759913677,0.7999190720258968,0.8999190720258968,0.8999190720258968,0.1991619063064075,1510,0.16048387067959835,0.0998920960345292,0.09999999999999998,0.0,0.0,-0.09795728650644162
ml1m,bpr,weighted_bpr,2,legacy_a0.8,legacy,mainstream,0.418967373342361,0.2591967317961186,0.7867850313419599,0.8999190720258968,0.8999190720258968,0.8999190720258968,0.8999190720258968,0.1602551660924549,1511,0.07787134969400733,0.0,0.0,0.0,0.0,-0.08784049759642394
ml1m,itemknn,weighted_itemknn,0,baseline,baseline,niche,0.7438429130854995,0.0,0.7355069832779244,0.7000269759913677,0.8999190720258968,0.8999190720258968,0.8999190720258968,0.15588374514986475,1509,0.0,0.0,0.0,0.0,0.0,0.0
ml1m,itemknn,weighted_itemknn,0,baseline,baseline,semi_niche,0.7438429130854995,0.0,0.7995640429686452,0.7999190720258968,0.8999190720258968,0.8999190720258968,0.8999190720258968,0.106180824283166,1510,0.0,0.0,0.0,0.0,0.0,0.0
ml1m,itemknn,weighted_itemknn,0,baseline,baseline,semi_mainstream,0.7438429130854995,0.0,0.8358392838320912,0.8999190720258968,0.8999190720258968,0.8999190720258968,0.8999190720258968,0.08848730048814167,1510,0.0,0.0,0.0,0.0,0.0,0.0
ml1m,itemknn,weighted_itemknn,0,baseline,baseline,mainstream,0.7438429130854995,0.0,0.8796084000130684,0.8999190720258968,0.8999190720258968,0.8999190720258968,0.8999190720258968,0.05397776616447205,1511,0.0,0.0,0.0,0.0,0.0,0.0
ml1m,itemknn,weighted_itemknn,0,kl_lam0.1,kl,niche,0.3512601316285459,0.3925827814569536,0.4039987035792617,0.40002697599136766,0.5000269759913678,0.5999460480172647,0.6001079039654708,0.13789535513894716,1509,0.3315082796986627,0.3,0.399892096034529,0.2999730240086321,0.29981116806042607,0.017988390010917593
ml1m,itemknn,weighted_itemknn,0,kl_lam0.1,kl,semi_niche,0.3512601316285459,0.3925827814569536,0.5288943595167188,0.5001079039654707,0.7000269759913677,0.7999190720258968,0.8999190720258968,0.18974784771691658,1510,0.27066968345192643,0.2998111680604262,0.19989209603452918,0.09999999999999998,0.0,-0.08356702343375058
ml1m,itemknn,weighted_itemknn,0,kl_lam0.1,kl,semi_mainstream,0.3512601316285459,0.3925827814569536,0.657730943963184,0.7000269759913677,0.7999190720258968,0.8999190720258968,0.8999190720258968,0.192591076339336,1510,0.17810833986890717,0.19989209603452918,0.09999999999999998,0.0,0.0,-0.10410377585119433
ml1m,itemknn,weighted_itemknn,0,kl_lam0.1,kl,mainstream,0.3512601316285459,0.3925827814569536,0.7868394832107035,0.8999190720258968,0.8999190720258968,0.8999190720258968,0.8999190720258968,0.1634929001305293,1511,0.09276891680236488,0.0,0.0,0.0,0.0,-0.10951513396605725
ml1m,itemknn,weighted_itemknn,0,kl_lam0.5,kl,niche,0.5460117872576851,0.1978311258278144,0.488480161205235,0.4999460480172646,0.6000269759913677,0.7001079039654707,0.8599190720258878,0.1942291562374376,1509,0.2470268220726894,0.20008092797410304,0.29989209603452915,0.1998111680604261,0.04000000000000903,-0.03834541108757286
ml1m,itemknn,weighted_itemknn,0,kl_lam0.5,kl,semi_niche,0.5460117872576851,0.1978311258278144,0.6677390367605943,0.7000269759913677,0.7999190720258968,0.8999190720258968,0.8999190720258968,0.18780517080665285,1510,0.13182500620805093,0.0998920960345292,0.09999999999999998,0.0,0.0,-0.08162434652348685
ml1m,itemknn,weighted_itemknn,0,kl_lam0.5,kl,semi_mainstream,0.5460117872576851,0.1978311258278144,0.7597637367643459,0.7999190720258968,0.8999190720258968,0.8999190720258968,0.8999190720258968,0.1586243282717837,1510,0.07607554706774522,0.09999999999999998,0.0,0.0,0.0,-0.07013702778364202
ml1m,itemknn,weighted_itemknn,0,kl_lam0.5,kl,mainstream,0.5460117872576851,0.1978311258278144,0.8510239540019177,0.8999190720258968,0.8999190720258968,0.8999190720258968,0.8999190720258968,0.09744965337250713,1511,0.028584446011150733,0.0,0.0,0.0,0.0,-0.04347188720803508
ml1m,itemknn,weighted_itemknn,0,kl_lam2.0,kl,niche,0.6926674163967579,0.0511754966887416,0.6744225770277177,0.7000269759913677,0.7999190720258968,0.8999190720258968,0.8999190720258968,0.1792858553472818,1509,0.061084406250206724,0.0,0.09999999999999998,0.0,0.0,-0.02340211019741706
ml1m,itemknn,weighted_itemknn,0,kl_lam2.0,kl,semi_niche,0.6926674163967579,0.0511754966887416,0.7700395707423041,0.7999190720258968,0.8999190720258968,0.8999190720258968,0.8999190720258968,0.1206192687524703,1510,0.029524472226341136,0.0,0.0,0.0,0.0,-0.014438444469304298
ml1m,itemknn,weighted_itemknn,0,kl_lam2.0,kl,semi_mainstream,0.6926674163967579,0.0511754966887416,0.8200840007360337,0.8999190720258968,0.8999190720258968,0.8999190720258968,0.8999190720258968,0.09736548248112735,1510,0.01575528309605745,0.0,0.0,0.0,0.0,-0.008878181992985679
ml1m,itemknn,weighted_itemknn,0,kl_lam2.0,kl,mainstream,0.6926674163967579,0.0511754966887416,0.8739848430991717,0.8999190720258968,0.8999190720258968,0.8999190720258968,0.8999190720258968,0.059882706080889476,1511,0.00562355691389671,0.0,0.0,0.0,0.0,-0.005904939916417426
ml1m,itemknn,weighted_itemknn,0,kl_lam8.0,kl,niche,0.7301839726881485,0.013658940397351,0.722457485998495,0.7000269759913677,0.8999190720258968,0.8999190720258968,0.8999190720258968,0.1581042160991189,1509,0.01304949727942939,0.0,0.0,0.0,0.0,-0.0022204709492541497
ml1m,itemknn,weighted_itemknn,0,kl_lam8.0,kl,semi_niche,0.7301839726881485,0.013658940397351,0.7924809515557644,0.7999190720258968,0.8999190720258968,0.8999190720258968,0.8999190720258968,0.10860228045063891,1510,0.007083091412880882,0.0,0.0,0.0,0.0,-0.002421456167472913
ml1m,itemknn,weighted_itemknn,0,kl_lam8.0,kl,semi_mainstream,0.7301839726881485,0.013658940397351,0.8306096574049096,0.8999190720258968,0.8999190720258968,0.8999190720258968,0.8999190720258968,0.09155866534656092,1510,0.005229626427181611,0.0,0.0,0.0,0.0,-0.0030713648584192454
ml1m,itemknn,weighted_itemknn,0,kl_lam8.0,kl,mainstream,0.7301839726881485,0.013658940397351,0.8774249871948843,0.8999190720258968,0.8999190720258968,0.8999190720258968,0.8999190720258968,0.05607315648588364,1511,0.0021834128181841272,0.0,0.0,0.0,0.0,-0.0020953903214115874
ml1m,itemknn,weighted_itemknn,0,legacy_a0.1,legacy,niche,0.719604502489473,0.0242384105960264,0.7130509274181366,0.7000269759913677,0.8999190720258968,0.8999190720258968,0.8999190720258968,0.1608137688377503,1509,0.022456055859787827,0.0,0.0,0.0,0.0,-0.00493002368788556
ml1m,itemknn,weighted_itemknn,0,legacy_a0.1,legacy,semi_niche,0.719604502489473,0.0242384105960264,0.7860595579867693,0.7999190720258968,0.8999190720258968,0.8999190720258968,0.8999190720258968,0.11084181885449557,1510,0.013504484981875953,0.0,0.0,0.0,0.0,-0.004660994571329569
ml1m,itemknn,weighted_itemknn,0,legacy_a0.1,legacy,semi_mainstream,0.719604502489473,0.0242384105960264,0.8267700448587513,0.8999190720258968,0.8999190720258968,0.8999190720258968,0.8999190720258968,0.09389032649267859,1510,0.009069238973339888,0.0,0.0,0.0,0.0,-0.005403026004536918
ml1m,itemknn,weighted_itemknn,0,legacy_a0.1,legacy,mainstream,0.719604502489473,0.0242384105960264,0.8764987341279497,0.8999190720258968,0.8999190720258968,0.8999190720258968,0.8999190720258968,0.0572155002422532,1511,0.0031096658851187398,0.0,0.0,0.0,0.0,-0.0032377340777811486
ml1m,itemknn,weighted_itemknn,0,legacy_a0.2,legacy,niche,0.6887435753371552,0.0550993377483443,0.6851613098139873,0.7000269759913677,0.7999190720258968,0.8999190720258968,0.8999190720258968,0.16195480099821763,1509,0.050345673463937146,0.0,0.09999999999999998,0.0,0.0,-0.00607105584835288
ml1m,itemknn,weighted_itemknn,0,legacy_a0.2,legacy,semi_niche,0.6887435753371552,0.0550993377483443,0.7678559089033278,0.7000269759913677,0.8999190720258968,0.8999190720258968,0.8999190720258968,0.11785814575966302,1510,0.03170813406531747,0.0998920960345292,0.0,0.0,0.0,-0.011677321476497027
ml1m,itemknn,weighted_itemknn,0,legacy_a0.2,legacy,semi_mainstream,0.6887435753371552,0.0550993377483443,0.8181647929369352,0.8999190720258968,0.8999190720258968,0.8999190720258968,0.8999190720258968,0.09743642097061544,1510,0.017674490895155937,0.0,0.0,0.0,0.0,-0.008949120482473774
ml1m,itemknn,weighted_itemknn,0,legacy_a0.2,legacy,mainstream,0.6887435753371552,0.0550993377483443,0.8727278975847828,0.8999190720258968,0.8999190720258968,0.8999190720258968,0.8999190720258968,0.06113396160311575,1511,0.00688050242828564,0.0,0.0,0.0,0.0,-0.007156195438643702
ml1m,itemknn,weighted_itemknn,0,legacy_a0.4,legacy,niche,0.6225104196999769,0.1213324933855226,0.5980445177152176,0.6000269759913677,0.7000269759913677,0.7999190720258968,0.8999190720258968,0.16926144303940757,1509,0.1374624655627068,0.09999999999999998,0.19989209603452918,0.09999999999999998,0.0,-0.013377697889542822
ml1m,itemknn,weighted_itemknn,0,legacy_a0.4,legacy,semi_niche,0.6225104196999769,0.1213324933855226,0.7212523470005735,0.7000269759913677,0.7999190720258968,0.8999190720258968,0.8999190720258968,0.1318929702546482,1510,0.07831169596807175,0.0998920960345292,0.09999999999999998,0.0,0.0,-0.025712145971482192
ml1m,itemknn,weighted_itemknn,0,legacy_a0.4,legacy,semi_mainstream,0.6225104196999769,0.1213324933855226,0.7909586123978798,0.7999190720258968,0.8999190720258968,0.8999190720258968,0.8999190720258968,0.11247059914380107,1510,0.04488067143421137,0.09999999999999998,0.0,0.0,0.0,-0.023983298655659402
ml1m,itemknn,weighted_itemknn,0,legacy_a0.4,legacy,mainstream,0.6225104196999769,0.1213324933855226,0.8615478220412952,0.8999190720258968,0.8999190720258968,0.8999190720258968,0.8999190720258968,0.07178692623157136,1511,0.018060577971773184,0.0,0.0,0.0,0.0,-0.01780916006709931
ml1m,itemknn,weighted_itemknn,0,legacy_a0.8,legacy,niche,0.3746461812893809,0.3691967317961186,0.4130411667214589,0.4001348799568384,0.5001348799568384,0.6000269759913677,0.6001079039654708,0.13964390766760554,1509,0.3224658165564655,0.29989209603452927,0.39978419206905846,0.29989209603452915,0.29981116806042607,0.016239837482259212
ml1m,itemknn,weighted_itemknn,0,legacy_a0.8,legacy,semi_niche,0.3746461812893809,0.3691967317961186,0.5252765396413086,0.5001348799568384,0.7000269759913677,0.7000269759913677,0.7999190720258968,0.1677577363078519,1510,0.27428750332733665,0.2997841920690585,0.19989209603452918,0.19989209603452918,0.09999999999999998,-0.061576912024685904
ml1m,itemknn,weighted_itemknn,0,legacy_a0.8,legacy,semi_mainstream,0.3746461812893809,0.3691967317961186,0.6460274011758673,0.7000269759913677,0.7001079039654707,0.8999190720258968,0.8999190720258968,0.17968467202563668,1510,0.18981188265622384,0.19989209603452918,0.1998111680604261,0.0,0.0,-0.091197371537495
ml1m,itemknn,weighted_itemknn,0,legacy_a0.8,legacy,mainstream,0.3746461812893809,0.3691967317961186,0.7825464621728223,0.7999190720258968,0.8999190720258968,0.8999190720258968,0.8999190720258968,0.1481823462608988,1511,0.09706193784024608,0.09999999999999998,0.0,0.0,0.0,-0.09420458009642674
ml1m,itemknn,weighted_itemknn,1,baseline,baseline,niche,0.7416243700391421,0.0,0.7355071977987304,0.7000269759913677,0.8999190720258968,0.8999190720258968,0.8999190720258968,0.15400288305723403,1509,0.0,0.0,0.0,0.0,0.0,0.0
ml1m,itemknn,weighted_itemknn,1,baseline,baseline,semi_niche,0.7416243700391421,0.0,0.7968499009391574,0.7999190720258968,0.8999190720258968,0.8999190720258968,0.8999190720258968,0.10629227172212262,1510,0.0,0.0,0.0,0.0,0.0,0.0
ml1m,itemknn,weighted_itemknn,1,baseline,baseline,semi_mainstream,0.7416243700391421,0.0,0.8388829081190589,0.8999190720258968,0.8999190720258968,0.8999190720258968,0.8999190720258968,0.08589202088577853,1510,0.0,0.0,0.0,0.0,0.0,0.0
ml1m,itemknn,weighted_itemknn,1,baseline,baseline,mainstream,0.7416243700391421,0.0,0.8770274706999849,0.8999190720258968,0.8999190720258968,0.8999190720258968,0.8999190720258968,0.05555735649351382,1511,0.0,0.0,0.0,0.0,0.0,0.0
ml1m,itemknn,weighted_itemknn,1,kl_lam0.1,kl,niche,0.3532634428868241,0.3883609271523179,0.4059866321359676,0.40002697599136766,0.5000269759913678,0.6000269759913677,0.6001079039654708,0.14301166521940534,1509,0.32952056566276283,0.3,0.399892096034529,0.29989209603452915,0.29981116806042607,0.010991217837828693
ml1m,itemknn,weighted_itemknn,1,kl_lam0.1,kl,semi_niche,0.3532634428868241,0.3883609271523179,0.5286297625576812,0.5001348799568384,0.7000269759913677,0.7999190720258968,0.8999190720258968,0.19093593497108866,1510,0.2682201383814762,0.2997841920690585,0.19989209603452918,0.09999999999999998,0.0,-0.08464366324896604
ml1m,itemknn,weighted_itemknn,1,kl_lam0.1,kl,semi_mainstream,0.3532634428868241,0.3883609271523179,0.6593206159101181,0.7000269759913677,0.7999190720258968,0.8999190720258968,0.8999190720258968,0.19416318830806173,1510,0.1795622922089407,0.19989209603452918,0.09999999999999998,0.0,0.0,-0.1082711674222832
ml1m,itemknn,weighted_itemknn,1,kl_lam0.1,kl,mainstream,0.3532634428868241,0.3883609271523179,0.7802213673774748,0.8999190720258968,0.8999190720258968,0.8999190720258968,0.8999190720258968,0.170530614071632,1511,0.09680610332251005,0.0,0.0,0.0,0.0,-0.11497325757811819
ml1m,itemknn,weighted_itemknn,1,kl_lam0.5,kl,niche,0.5484786746749035,0.1931456953642385,0.4946426467720071,0.4999460480172646,0.6001079039654708,0.7999190720258968,0.8999190720258968,0.2009429150975499,1509,0.24086455102672333,0.20008092797410304,0.29981116806042607,0.09999999999999998,0.0,-0.04694003204031588
ml1m,itemknn,weighted_itemknn,1,kl_lam0.5,kl,semi_niche,0.5484786746749035,0.1931456953642385,0.6727057097990735,0.7000269759913677,0.7999190720258968,0.8999190720258968,0.8999190720258968,0.18545411009375745,1510,0.1241441911400839,0.0998920960345292,0.09999999999999998,0.0,0.0,-0.07916183837163483
ml1m,itemknn,weighted_itemknn,1,kl_lam0.5,kl,semi_mainstream,0.5484786746749035,0.1931456953642385,0.7620146242030023,0.7999190720258968,0.8999190720258968,0.8999190720258968,0.8999190720258968,0.15670446248377612,1510,0.0768682839160566,0.09999999999999998,0.0,0.0,0.0,-0.07081244159799759
ml1m,itemknn,weighted_itemknn,1,kl_lam0.5,kl,mainstream,0.5484786746749035,0.1931456953642385,0.8450024521194005,0.8999190720258968,0.8999190720258968,0.8999190720258968,0.8999190720258968,0.10766061009050559,1511,0.032025018580584375,0.0,0.0,0.0,0.0,-0.05210325359699177
ml1m,itemknn,weighted_itemknn,1,kl_lam2.0,kl,niche,0.692468740900069,0.049155629139073,0.6778688001475903,0.7000269759913677,0.7999190720258968,0.8999190720258968,0.8999190720258968,0.1772183331263009,1509,0.057638397651140094,0.0,0.09999999999999998,0.0,0.0,-0.023215450069066862
ml1m,itemknn,weighted_itemknn,1,kl_lam2.0,kl,semi_niche,0.692468740900069,0.049155629139073,0.7693123444637583,0.7000269759913677,0.8999190720258968,0.8999190720258968,0.8999190720258968,0.12002323112126084,1510,0.027537556475399128,0.0998920960345292,0.0,0.0,0.0,-0.013730959399138223
ml1m,itemknn,weighted_itemknn,1,kl_lam2.0,kl,semi_mainstream,0.692468740900069,0.049155629139073,0.8227974817644084,0.8999190720258968,0.8999190720258968,0.8999190720258968,0.8999190720258968,0.09451599211196332,1510,0.01608542635465049,0.0,0.0,0.0,0.0,-0.008623971226184787
ml1m,itemknn,weighted_itemknn,1,kl_lam2.0,kl,mainstream,0.692468740900069,0.049155629139073,0.8703460121682965,0.8999190720258968,0.8999190720258968,0.8999190720258968,0.8999190720258968,0.06271219427932478,1511,0.0066814585316883335,0.0,0.0,0.0,0.0,-0.007154837785810962
ml1m,itemknn,weighted_itemknn,1,kl_lam8.0,kl,niche,0.7279819859331818,0.0136423841059603,0.7228550645591428,0.7000269759913677,0.8999190720258968,0.8999190720258968,0.8999190720258968,0.15712153283453228,1509,0.012652133239587582,0.0,0.0,0.0,0.0,-0.0031186497772982547
ml1m,itemknn,weighted_itemknn,1,kl_lam8.0,kl,semi_niche,0.7279819859331818,0.0136423841059603,0.7881782273379341,0.7999190720258968,0.8999190720258968,0.8999190720258968,0.8999190720258968,0.10904169596237513,1510,0.00867167360122334,0.0,0.0,0.0,0.0,-0.0027494242402525126
ml1m,itemknn,weighted_itemknn,1,kl_lam8.0,kl,semi_mainstream,0.7279819859331818,0.0136423841059603,0.8339844789792713,0.8999190720258968,0.8999190720258968,0.8999190720258968,0.8999190720258968,0.08877108789986828,1510,0.004898429139787552,0.0,0.0,0.0,0.0,-0.0028790670140897423
ml1m,itemknn,weighted_itemknn,1,kl_lam8.0,kl,mainstream,0.7279819859331818,0.0136423841059603,0.8745796181834963,0.8999190720258968,0.8999190720258968,0.8999190720258968,0.8999190720258968,0.058068242776375394,1511,0.0024478525164886022,0.0,0.0,0.0,0.0,-0.0025108862828615713
ml1m,itemknn,weighted_itemknn,1,legacy_a0.1,legacy,niche,0.7174356283172877,0.0241887417218543,0.7144418982016543,0.7000269759913677,0.8999190720258968,0.8999190720258968,0.8999190720258968,0.1583899942870547,1509,0.021065299597076148,0.0,0.0,0.0,0.0,-0.004387111229820662
ml1m,itemknn,weighted_itemknn,1,legacy_a0.1,legacy,semi_niche,0.7174356283172877,0.0241887417218543,0.7820888707063958,0.7999190720258968,0.8999190720258968,0.8999190720258968,0.8999190720258968,0.11211537372418147,1510,0.014761030232761652,0.0,0.0,0.0,0.0,-0.00582310200205885
ml1m,itemknn,weighted_itemknn,1,legacy_a0.1,legacy,semi_mainstream,0.7174356283172877,0.0241887417218543,0.8298145802553607,0.8999190720258968,0.8999190720258968,0.8999190720258968,0.8999190720258968,0.09087974461067938,1510,0.009068327863698156,0.0,0.0,0.0,0.0,-0.004987723724900847
ml1m,itemknn,weighted_itemknn,1,legacy_a0.1,legacy,mainstream,0.7174356283172877,0.0241887417218543,0.8728597603725007,0.8999190720258968,0.8999190720258968,0.8999190720258968,0.8999190720258968,0.060102964908710144,1511,0.0041677103274841976,0.0,0.0,0.0,0.0,-0.004545608415196321
ml1m,itemknn,weighted_itemknn,1,legacy_a0.2,legacy,niche,0.6878164230192745,0.0538079470198675,0.6858247511603341,0.7000269759913677,0.7999190720258968,0.8999190720258968,0.8999190720258968,0.16090607351224895,1509,0.04968244663839627,0.0,0.09999999999999998,0.0,0.0,-0.006903190455014918
ml1m,itemknn,weighted_itemknn,1,legacy_a0.2,legacy,semi_niche,0.6878164230192745,0.0538079470198675,0.7671287540843615,0.7000269759913677,0.8999190720258968,0.8999190720258968,0.8999190720258968,0.11785332367425844,1510,0.029721146854795877,0.0998920960345292,0.0,0.0,0.0,-0.011561051952135817
ml1m,itemknn,weighted_itemknn,1,legacy_a0.2,legacy,semi_mainstream,0.6878164230192745,0.0538079470198675,0.8195542708711101,0.8999190720258968,0.8999190720258968,0.8999190720258968,0.8999190720258968,0.0956222722524526,1510,0.019328637247948754,0.0,0.0,0.0,0.0,-0.009730251366674061
ml1m,itemknn,weighted_itemknn,1,legacy_a0.2,legacy,mainstream,0.6878164230192745,0.0538079470198675,0.869155533639918,0.8999190720258968,0.8999190720258968,0.8999190720258968,0.8999190720258968,0.06422928541401902,1511,0.007871937060066836,0.0,0.0,0.0,0.0,-0.008671928920505202
ml1m,itemknn,weighted_itemknn,1,legacy_a0.4,legacy,niche,0.6242322740046127,0.1173920960345293,0.600959766086513,0.6000269759913677,0.7000269759913677,0.7999190720258968,0.8999190720258968,0.1703235853869596,1509,0.1345474317122174,0.09999999999999998,0.19989209603452918,0.09999999999999998,0.0,-0.016320702329725573
ml1m,itemknn,weighted_itemknn,1,legacy_a0.4,legacy,semi_niche,0.6242322740046127,0.1173920960345293,0.7201928336760416,0.7000269759913677,0.7999190720258968,0.8999190720258968,0.8999190720258968,0.13532804121863878,1510,0.07665706726311583,0.0998920960345292,0.09999999999999998,0.0,0.0,-0.029035769496516164
ml1m,itemknn,weighted_itemknn,1,legacy_a0.4,legacy,semi_mainstream,0.6242322740046127,0.1173920960345293,0.7920831003453283,0.7999190720258968,0.8999190720258968,0.8999190720258968,0.8999190720258968,0.10703950801560111,1510,0.046799807773730606,0.09999999999999998,0.0,0.0,0.0,-0.021147487129822576
ml1m,itemknn,weighted_itemknn,1,legacy_a0.4,legacy,mainstream,0.6242322740046127,0.1173920960345293,0.8584387453075432,0.8999190720258968,0.8999190720258968,0.8999190720258968,0.8999190720258968,0.07385008883795434,1511,0.01858872539244172,0.0,0.0,0.0,0.0,-0.018292732344440517
ml1m,itemknn,weighted_itemknn,1,legacy_a0.8,legacy,niche,0.3804077706933544,0.3612165993457876,0.419071203567195,0.4001348799568384,0.5001348799568384,0.6000269759913677,0.7000269759913677,0.1417089220233683,1509,0.3164359942315354,0.29989209603452927,0.39978419206905846,0.29989209603452915,0.19989209603452918,0.012293961033865736
ml1m,itemknn,weighted_itemknn,1,legacy_a0.8,legacy,semi_niche,0.3804077706933544,0.3612165993457876,0.5270653337073051,0.5001348799568384,0.7000269759913677,0.7000269759913677,0.7999190720258968,0.17171637025980502,1510,0.2697845672318523,0.2997841920690585,0.19989209603452918,0.19989209603452918,0.09999999999999998,-0.0654240985376824
ml1m,itemknn,weighted_itemknn,1,legacy_a0.8,legacy,semi_mainstream,0.3804077706933544,0.3612165993457876,0.6495367454091686,0.7000269759913677,0.7001079039654707,0.8999190720258968,0.8999190720258968,0.17494959569009125,1510,0.18934616270989024,0.19989209603452918,0.1998111680604261,0.0,0.0,-0.08905757480431271
ml1m,itemknn,weighted_itemknn,1,legacy_a0.8,legacy,mainstream,0.3804077706933544,0.3612165993457876,0.7769214234539731,0.7999190720258968,0.8999190720258968,0.8999190720258968,0.8999190720258968,0.15804859850975886,1511,0.1001060472460118,0.09999999999999998,0.0,0.0,0.0,-0.10249124201624504
ml1m,itemknn,weighted_itemknn,2,baseline,baseline,niche,0.7451674163967579,0.0,0.7347774695232971,0.7000269759913677,0.8999190720258968,0.8999190720258968,0.8999190720258968,0.1532876819665615,1509,0.0,0.0,0.0,0.0,0.0,0.0
ml1m,itemknn,weighted_itemknn,2,baseline,baseline,semi_niche,0.7451674163967579,0.0,0.796255267910897,0.7999190720258968,0.8999190720258968,0.8999190720258968,0.8999190720258968,0.10760281175284621,1510,0.0,0.0,0.0,0.0,0.0,0.0
ml1m,itemknn,weighted_itemknn,2,baseline,baseline,semi_mainstream,0.7451674163967579,0.0,0.8394798278538722,0.8999190720258968,0.8999190720258968,0.8999190720258968,0.8999190720258968,0.08642666152340825,1510,0.0,0.0,0.0,0.0,0.0,0.0
ml1m,itemknn,weighted_itemknn,2,baseline,baseline,mainstream,0.7451674163967579,0.0,0.879144773593593,0.8999190720258968,0.8999190720258968,0.8999190720258968,0.8999190720258968,0.053617530224276476,1511,0.0,0.0,0.0,0.0,0.0,0.0
ml1m,itemknn,weighted_itemknn,2,kl_lam0.1,kl,niche,0.3530647673901353,0.3921026490066225,0.3986950341829967,0.4000269759913676,0.5000269759913677,0.5999460480172647,0.6000269759913677,0.1407980336272258,1509,0.33608243534030047,0.30000000000000004,0.39989209603452913,0.2999730240086321,0.29989209603452915,0.012489648339335718
ml1m,itemknn,weighted_itemknn,2,kl_lam0.1,kl,semi_niche,0.3530647673901353,0.3921026490066225,0.5355810110458645,0.5001348799568384,0.7000269759913677,0.7999190720258968,0.8999190720258968,0.18827735338057489,1510,0.2606742568650324,0.2997841920690585,0.19989209603452918,0.09999999999999998,0.0,-0.08067454162772868
ml1m,itemknn,weighted_itemknn,2,kl_lam0.1,kl,semi_mainstream,0.3530647673901353,0.3921026490066225,0.6530953252929396,0.7000269759913677,0.7999190720258968,0.8999190720258968,0.8999190720258968,0.19730636804436336,1510,0.18638450256093264,0.19989209603452918,0.09999999999999998,0.0,0.0,-0.1108797065209551
ml1m,itemknn,weighted_itemknn,2,kl_lam0.1,kl,mainstream,0.3530647673901353,0.3921026490066225,0.7830022332407413,0.8999190720258968,0.8999190720258968,0.8999190720258968,0.8999190720258968,0.16852528323909516,1511,0.09614254035285175,0.0,0.0,0.0,0.0,-0.11490775301481868
ml1m,itemknn,weighted_itemknn,2,kl_lam0.5,kl,niche,0.5505978799729168,0.1945695364238411,0.489735715729899,0.4999460480172646,0.6001079039654708,0.7999190720258968,0.8999190720258968,0.20207026769261255,1509,0.24504175379339815,0.20008092797410304,0.29981116806042607,0.09999999999999998,0.0,-0.04878258572605104
ml1m,itemknn,weighted_itemknn,2,kl_lam0.5,kl,semi_niche,0.5505978799729168,0.1945695364238411,0.6730350670022884,0.7000269759913677,0.7999190720258968,0.8999190720258968,0.8999190720258968,0.19159804564185212,1510,0.12322020090860852,0.0998920960345292,0.09999999999999998,0.0,0.0,-0.08399523388900591
ml1m,itemknn,weighted_itemknn,2,kl_lam0.5,kl,semi_mainstream,0.5505978799729168,0.1945695364238411,0.7606231632654883,0.7999190720258968,0.8999190720258968,0.8999190720258968,0.8999190720258968,0.16220176369890058,1510,0.07885666458838392,0.09999999999999998,0.0,0.0,0.0,-0.07577510217549233
ml1m,itemknn,weighted_itemknn,2,kl_lam0.5,kl,mainstream,0.5505978799729168,0.1945695364238411,0.8447374411228011,0.8999190720258968,0.8999190720258968,0.8999190720258968,0.8999190720258968,0.10856694681526688,1511,0.03440733247079186,0.0,0.0,0.0,0.0,-0.0549494165909904
ml1m,itemknn,weighted_itemknn,2,kl_lam2.0,kl,niche,0.6960614561318572,0.0491059602649006,0.6750173002091756,0.7000269759913677,0.7999190720258968,0.8999190720258968,0.8999190720258968,0.1803832309953555,1509,0.059760169314121536,0.0,0.09999999999999998,0.0,0.0,-0.02709554902879399
ml1m,itemknn,weighted_itemknn,2,kl_lam2.0,kl,semi_niche,0.6960614561318572,0.0491059602649006,0.7695105197433886,0.7999190720258968,0.8999190720258968,0.8999190720258968,0.8999190720258968,0.12097899737339013,1510,0.02674474816750838,0.0,0.0,0.0,0.0,-0.01337618562054392
ml1m,itemknn,weighted_itemknn,2,kl_lam2.0,kl,semi_mainstream,0.6960614561318572,0.0491059602649006,0.8231951185961052,0.8999190720258968,0.8999190720258968,0.8999190720258968,0.8999190720258968,0.0966367111040358,1510,0.016284709257767038,0.0,0.0,0.0,0.0,-0.010210049580627545
ml1m,itemknn,weighted_itemknn,2,kl_lam2.0,kl,mainstream,0.6960614561318572,0.0491059602649006,0.8718673081156314,0.8999190720258968,0.8999190720258968,0.8999190720258968,0.8999190720258968,0.060799218806559814,1511,0.007277465477961598,0.0,0.0,0.0,0.0,-0.007181688582283338
ml1m,itemknn,weighted_itemknn,2,kl_lam8.0,kl,niche,0.7323362905689433,0.0128311258278145,0.7228537953110401,0.7000269759913677,0.8999190720258968,0.8999190720258968,0.8999190720258968,0.15661667120444778,1509,0.01192367421225704,0.0,0.0,0.0,0.0,-0.0033289892378862707
ml1m,itemknn,weighted_itemknn,2,kl_lam8.0,kl,semi_niche,0.7323362905689433,0.0128311258278145,0.7892379193114154,0.7999190720258968,0.8999190720258968,0.8999190720258968,0.8999190720258968,0.1113127740781485,1510,0.007017348599481554,0.0,0.0,0.0,0.0,-0.003709962325302296
ml1m,itemknn,weighted_itemknn,2,kl_lam8.0,kl,semi_mainstream,0.7323362905689433,0.0128311258278145,0.8347800384809837,0.8999190720258968,0.8999190720258968,0.8999190720258968,0.8999190720258968,0.08928074883211096,1510,0.004699789372888508,0.0,0.0,0.0,0.0,-0.0028540873087027074
ml1m,itemknn,weighted_itemknn,2,kl_lam8.0,kl,mainstream,0.7323362905689433,0.0128311258278145,0.8770276135245587,0.8999190720258968,0.8999190720258968,0.8999190720258968,0.8999190720258968,0.05579463970508659,1511,0.002117160069034285,0.0,0.0,0.0,0.0,-0.0021771094808101174
ml1m,itemknn,weighted_itemknn,2,legacy_a0.1,legacy,niche,0.7215415885821883,0.0236258278145695,0.7138452443329413,0.7000269759913677,0.8999190720258968,0.8999190720258968,0.8999190720258968,0.158088503825246,1509,0.02093222519035587,0.0,0.0,0.0,0.0,-0.004800821858684495
ml1m,itemknn,weighted_itemknn,2,legacy_a0.1,legacy,semi_niche,0.7215415885821883,0.0236258278145695,0.7827506221449664,0.7999190720258968,0.8999190720258968,0.8999190720258968,0.8999190720258968,0.11321730391648782,1510,0.013504645765930579,0.0,0.0,0.0,0.0,-0.005614492163641613
ml1m,itemknn,weighted_itemknn,2,legacy_a0.1,legacy,semi_mainstream,0.7215415885821883,0.0236258278145695,0.8310067225599679,0.8999190720258968,0.8999190720258968,0.8999190720258968,0.8999190720258968,0.09178644893768656,1510,0.008473105293904326,0.0,0.0,0.0,0.0,-0.005359787414278311
ml1m,itemknn,weighted_itemknn,2,legacy_a0.1,legacy,mainstream,0.7215415885821883,0.0236258278145695,0.8755060140750046,0.8999190720258968,0.8999190720258968,0.8999190720258968,0.8999190720258968,0.057436417451982094,1511,0.003638759518588386,0.0,0.0,0.0,0.0,-0.0038188872277056182
ml1m,itemknn,weighted_itemknn,2,legacy_a0.2,legacy,niche,0.6923197342775526,0.0528476821192053,0.6841660941642653,0.7000269759913677,0.7999190720258968,0.8999190720258968,0.8999190720258968,0.1642780665808973,1509,0.05061137535903182,0.0,0.09999999999999998,0.0,0.0,-0.010990384614335796
ml1m,itemknn,weighted_itemknn,2,legacy_a0.2,legacy,semi_niche,0.6923197342775526,0.0528476821192053,0.7671953722776133,0.7000269759913677,0.8999190720258968,0.8999190720258968,0.8999190720258968,0.11923851555543007,1510,0.029059895633283706,0.0998920960345292,0.0,0.0,0.0,-0.011635703802583858
ml1m,itemknn,weighted_itemknn,2,legacy_a0.2,legacy,semi_mainstream,0.6923197342775526,0.0528476821192053,0.8207464489055073,0.8999190720258968,0.8999190720258968,0.8999190720258968,0.8999190720258968,0.09640553536422082,1510,0.01873337894836491,0.0,0.0,0.0,0.0,-0.009978873840812572
ml1m,itemknn,weighted_itemknn,2,legacy_a0.2,legacy,mainstream,0.6923197342775526,0.0528476821192053,0.8708090494364054,0.8999190720258968,0.8999190720258968,0.8999190720258968,0.8999190720258968,0.0621354374029585,1511,0.00833572415718764,0.0,0.0,0.0,0.0,-0.008517907178682026
ml1m,itemknn,weighted_itemknn,2,legacy_a0.4,legacy,niche,0.6238845918854075,0.1212828245113504,0.5968496368252136,0.6000269759913677,0.7000269759913677,0.7999190720258968,0.8999190720258968,0.1742203481598642,1509,0.1379278326980835,0.09999999999999998,0.19989209603452918,0.09999999999999998,0.0,-0.020932666193302696
ml1m,itemknn,weighted_itemknn,2,legacy_a0.4,legacy,semi_niche,0.6238845918854075,0.1212828245113504,0.7254231746990211,0.7000269759913677,0.7999190720258968,0.8999190720258968,0.8999190720258968,0.13243441704720862,1510,0.07083209321187589,0.0998920960345292,0.09999999999999998,0.0,0.0,-0.024831605294362416
ml1m,itemknn,weighted_itemknn,2,legacy_a0.4,legacy,semi_mainstream,0.6238845918854075,0.1212828245113504,0.7941354909362456,0.7999190720258968,0.8999190720258968,0.8999190720258968,0.8999190720258968,0.10964349924972905,1510,0.045344336917626626,0.09999999999999998,0.0,0.0,0.0,-0.0232168377263208
ml1m,itemknn,weighted_itemknn,2,legacy_a0.4,legacy,mainstream,0.6238845918854075,0.1212828245113504,0.8592987277722561,0.8999190720258968,0.8999190720258968,0.8999190720258968,0.8999190720258968,0.07383600423487374,1511,0.019846045821336866,0.0,0.0,0.0,0.0,-0.020218474010597266
ml1m,itemknn,weighted_itemknn,2,legacy_a0.8,legacy,niche,0.377692538905275,0.3674748774914829,0.4103224730387569,0.4001348799568384,0.5001348799568384,0.6000269759913677,0.6001079039654708,0.13932255122128948,1509,0.32445499648454024,0.29989209603452927,0.39978419206905846,0.29989209603452915,0.29981116806042607,0.01396513074527203
ml1m,itemknn,weighted_itemknn,2,legacy_a0.8,legacy,semi_niche,0.377692538905275,0.3674748774914829,0.5311033537767281,0.5001348799568384,0.7000269759913677,0.7000269759913677,0.7999190720258968,0.1722096389132854,1510,0.26515191413416883,0.2997841920690585,0.19989209603452918,0.19989209603452918,0.09999999999999998,-0.06460682716043918
ml1m,itemknn,weighted_itemknn,2,legacy_a0.8,legacy,semi_mainstream,0.377692538905275,0.3674748774914829,0.6394054920260042,0.7000269759913677,0.7000269759913677,0.8999190720258968,0.8999190720258968,0.1832507487578965,1510,0.20007433582786804,0.19989209603452918,0.19989209603452918,0.0,0.0,-0.09682408723448824
ml1m,itemknn,weighted_itemknn,2,legacy_a0.8,legacy,mainstream,0.377692538905275,0.3674748774914829,0.7818848808941246,0.7999190720258968,0.8999190720258968,0.8999190720258968,0.8999190720258968,0.15366997413235542,1511,0.09725989269946844,0.09999999999999998,0.0,0.0,0.0,-0.10005244390807894
ml1m,lightgcn,weighted_lightgcn,0,baseline,baseline,niche,0.7906806614298704,0.0,0.7284180181030532,0.7000269759913677,0.7999190720258968,0.8999190720258968,0.8999190720258968,0.1368704198845856,1509,0.0,0.0,0.0,0.0,0.0,0.0
ml1m,lightgcn,weighted_lightgcn,0,baseline,baseline,semi_niche,0.7906806614298704,0.0,0.8293507182581011,0.8999190720258968,0.8999190720258968,0.8999190720258968,0.8999190720258968,0.09243783968009756,1510,0.0,0.0,0.0,0.0,0.0,0.0
ml1m,lightgcn,weighted_lightgcn,0,baseline,baseline,semi_mainstream,0.7906806614298704,0.0,0.86476644329593,0.8999190720258968,0.8999190720258968,0.8999190720258968,0.8999190720258968,0.06970212840517301,1510,0.0,0.0,0.0,0.0,0.0,0.0
ml1m,lightgcn,weighted_lightgcn,0,baseline,baseline,mainstream,0.7906806614298704,0.0,0.8910534151408687,0.8999190720258968,0.8999190720258968,0.8999190720258968,0.8999190720258968,0.03601271050631183,1511,0.0,0.0,0.0,0.0,0.0,0.0
ml1m,lightgcn,weighted_lightgcn,0,kl_lam0.1,kl,niche,0.756260131628546,0.0344205298013243,0.6759407765259893,0.7000269759913677,0.7999190720258968,0.8999190720258968,0.8999190720258968,0.1737439938885644,1509,0.052477241577063904,0.0,0.0,0.0,0.0,-0.03687357400397881
ml1m,lightgcn,weighted_lightgcn,0,kl_lam0.1,kl,semi_niche,0.756260131628546,0.0344205298013243,0.8030006234848335,0.7999190720258968,0.8999190720258968,0.8999190720258968,0.8999190720258968,0.11308679007402962,1510,0.026350094773267663,0.09999999999999998,0.0,0.0,0.0,-0.020648950393932067
ml1m,lightgcn,weighted_lightgcn,0,kl_lam0.1,kl,semi_mainstream,0.756260131628546,0.0344205298013243,0.8487454198875581,0.8999190720258968,0.8999190720258968,0.8999190720258968,0.8999190720258968,0.08766062692271305,1510,0.01602102340837186,0.0,0.0,0.0,0.0,-0.017958498517540042
ml1m,lightgcn,weighted_lightgcn,0,kl_lam0.1,kl,mainstream,0.756260131628546,0.0344205298013243,0.8833136265176671,0.8999190720258968,0.8999190720258968,0.8999190720258968,0.8999190720258968,0.05253024496989139,1511,0.007739788623201571,0.0,0.0,0.0,0.0,-0.016517534463579564
ml1m,lightgcn,weighted_lightgcn,0,kl_lam0.5,kl,niche,0.7714919197080161,0.0191887417218542,0.6973419441984904,0.7000269759913677,0.7999190720258968,0.8999190720258968,0.8999190720258968,0.16225297805117608,1509,0.031076073904562795,0.0,0.0,0.0,0.0,-0.02538255816659049
ml1m,lightgcn,weighted_lightgcn,0,kl_lam0.5,kl,semi_niche,0.7714919197080161,0.0191887417218542,0.8153155387069746,0.8999190720258968,0.8999190720258968,0.8999190720258968,0.8999190720258968,0.10016628137263044,1510,0.014035179551126542,0.0,0.0,0.0,0.0,-0.007728441692532881
ml1m,lightgcn,weighted_lightgcn,0,kl_lam0.5,kl,semi_mainstream,0.7714919197080161,0.0191887417218542,0.8556303717505989,0.8999190720258968,0.8999190720258968,0.8999190720258968,0.8999190720258968,0.0791427149804814,1510,0.009136071545331137,0.0,0.0,0.0,0.0,-0.009440586575308385
ml1m,lightgcn,weighted_lightgcn,0,kl_lam0.5,kl,mainstream,0.7714919197080161,0.0191887417218542,0.8860262757938948,0.8999190720258968,0.8999190720258968,0.8999190720258968,0.8999190720258968,0.0477495144550001,1511,0.005027139346973852,0.0,0.0,0.0,0.0,-0.01173680394868827
ml1m,lightgcn,weighted_lightgcn,0,kl_lam2.0,kl,niche,0.7792733766616585,0.0114072847682118,0.7139092072866282,0.7000269759913677,0.7999190720258968,0.8999190720258968,0.8999190720258968,0.14426493725639258,1509,0.014508810816424966,0.0,0.0,0.0,0.0,-0.007394517371806991
ml1m,lightgcn,weighted_lightgcn,0,kl_lam2.0,kl,semi_niche,0.7792733766616585,0.0114072847682118,0.820876934098189,0.8999190720258968,0.8999190720258968,0.8999190720258968,0.8999190720258968,0.09624059722049733,1510,0.008473784159912179,0.0,0.0,0.0,0.0,-0.0038027575403997704
ml1m,lightgcn,weighted_lightgcn,0,kl_lam2.0,kl,semi_mainstream,0.7792733766616585,0.0114072847682118,0.8598676389933487,0.8999190720258968,0.8999190720258968,0.8999190720258968,0.8999190720258968,0.07413356055596061,1510,0.004898804302581272,0.0,0.0,0.0,0.0,-0.004431432150787604
ml1m,lightgcn,weighted_lightgcn,0,kl_lam2.0,kl,mainstream,0.7792733766616585,0.0114072847682118,0.8879451060892006,0.8999190720258968,0.8999190720258968,0.8999190720258968,0.8999190720258968,0.04418858029046107,1511,0.0031083090516680345,0.0,0.0,0.0,0.0,-0.008175869784149241
ml1m,lightgcn,weighted_lightgcn,0,kl_lam8.0,kl,niche,0.7865415885821884,0.004139072847682,0.7243110172701762,0.7000269759913677,0.7999190720258968,0.8999190720258968,0.8999190720258968,0.13890517499068122,1509,0.004107000832876961,0.0,0.0,0.0,0.0,-0.0020347551060956315
ml1m,lightgcn,weighted_lightgcn,0,kl_lam8.0,kl,semi_niche,0.7865415885821884,0.004139072847682,0.825974753330463,0.8999190720258968,0.8999190720258968,0.8999190720258968,0.8999190720258968,0.09432520316470865,1510,0.003375964927638142,0.0,0.0,0.0,0.0,-0.0018873634846110904
ml1m,lightgcn,weighted_lightgcn,0,kl_lam8.0,kl,semi_mainstream,0.7865415885821884,0.004139072847682,0.8633760006574279,0.8999190720258968,0.8999190720258968,0.8999190720258968,0.8999190720258968,0.070642461939451,1510,0.0013904426385020763,0.0,0.0,0.0,0.0,-0.0009403335342779984
ml1m,lightgcn,weighted_lightgcn,0,kl_lam8.0,kl,mainstream,0.7865415885821884,0.004139072847682,0.8899289751247794,0.8999190720258968,0.8999190720258968,0.8999190720258968,0.8999190720258968,0.0388212675998548,1511,0.0011244400160892454,0.0,0.0,0.0,0.0,-0.0028085570935429682
ml1m,lightgcn,weighted_lightgcn,0,legacy_a0.1,legacy,niche,0.7836276812974201,0.0070529801324502,0.7218602243208317,0.7000269759913677,0.7999190720258968,0.8999190720258968,0.8999190720258968,0.13928859506190466,1509,0.006557793782221433,0.0,0.0,0.0,0.0,-0.0024181751773190707
ml1m,lightgcn,weighted_lightgcn,0,legacy_a0.1,legacy,semi_niche,0.7836276812974201,0.0070529801324502,0.8236580158890375,0.8999190720258968,0.8999190720258968,0.8999190720258968,0.8999190720258968,0.09531621731720014,1510,0.005692702369063607,0.0,0.0,0.0,0.0,-0.0028783776371025804
ml1m,lightgcn,weighted_lightgcn,0,legacy_a0.1,legacy,semi_mainstream,0.7836276812974201,0.0070529801324502,0.8618535364452788,0.8999190720258968,0.8999190720258968,0.8999190720258968,0.8999190720258968,0.07184184675784452,1510,0.0029129068506511535,0.0,0.0,0.0,0.0,-0.0021397183526715158
ml1m,lightgcn,weighted_lightgcn,0,legacy_a0.1,legacy,mainstream,0.7836276812974201,0.0070529801324502,0.8895983540896119,0.8999190720258968,0.8999190720258968,0.8999190720258968,0.8999190720258968,0.039828345992753415,1511,0.0014550610512568118,0.0,0.0,0.0,0.0,-0.003815635486441586
ml1m,lightgcn,weighted_lightgcn,0,legacy_a0.2,legacy,niche,0.7770382773239102,0.0136423841059601,0.714771420036565,0.7000269759913677,0.7999190720258968,0.8999190720258968,0.8999190720258968,0.14071409347598196,1509,0.013646598066488158,0.0,0.0,0.0,0.0,-0.003843673591396368
ml1m,lightgcn,weighted_lightgcn,0,legacy_a0.2,legacy,semi_niche,0.7770382773239102,0.0136423841059601,0.8194870631363252,0.8999190720258968,0.8999190720258968,0.8999190720258968,0.8999190720258968,0.09684004959999697,1510,0.009863655121775894,0.0,0.0,0.0,0.0,-0.004402209919899411
ml1m,lightgcn,weighted_lightgcn,0,legacy_a0.2,legacy,semi_mainstream,0.7770382773239102,0.0136423841059601,0.8588751904844423,0.8999190720258968,0.8999190720258968,0.8999190720258968,0.8999190720258968,0.07514474538174527,1510,0.005891252811487724,0.0,0.0,0.0,0.0,-0.005442616976572265
ml1m,lightgcn,weighted_lightgcn,0,legacy_a0.2,legacy,mainstream,0.7770382773239102,0.0136423841059601,0.8878788533400508,0.8999190720258968,0.8999190720258968,0.8999190720258968,0.8999190720258968,0.04409591869844044,1511,0.0031745618008178766,0.0,0.0,0.0,0.0,-0.008083208192128613
ml1m,lightgcn,weighted_lightgcn,0,legacy_a0.4,legacy,niche,0.7645382773239102,0.0261423841059601,0.7011231951872972,0.7000269759913677,0.7999190720258968,0.8999190720258968,0.8999190720258968,0.14663419565455046,1509,0.027294822915756023,0.0,0.0,0.0,0.0,-0.009763775769964872
ml1m,lightgcn,weighted_lightgcn,0,legacy_a0.4,legacy,semi_niche,0.7645382773239102,0.0261423841059601,0.812337567908932,0.8499190720258969,0.8999190720258968,0.8999190720258968,0.8999190720258968,0.1006756714798868,1510,0.01701315034916917,0.04999999999999993,0.0,0.0,0.0,-0.00823783179978925
ml1m,lightgcn,weighted_lightgcn,0,legacy_a0.4,legacy,semi_mainstream,0.7645382773239102,0.0261423841059601,0.852586229381678,0.8999190720258968,0.8999190720258968,0.8999190720258968,0.8999190720258968,0.08136061906929594,1510,0.012180213914251947,0.0,0.0,0.0,0.0,-0.01165849066412293
ml1m,lightgcn,weighted_lightgcn,0,legacy_a0.4,legacy,mainstream,0.7645382773239102,0.0261423841059601,0.8854974678095725,0.8999190720258968,0.8999190720258968,0.8999190720258968,0.8999190720258968,0.049230289896052506,1511,0.005555947331296163,0.0,0.0,0.0,0.0,-0.013217579389740677
ml1m,lightgcn,weighted_lightgcn,0,legacy_a0.8,legacy,niche,0.7442402640788771,0.0464403973509932,0.6730291928851315,0.7000269759913677,0.7999190720258968,0.8999190720258968,0.8999190720258968,0.16605191506337896,1509,0.055388825217921656,0.0,0.0,0.0,0.0,-0.02918149517879337
ml1m,lightgcn,weighted_lightgcn,0,legacy_a0.8,legacy,semi_niche,0.7442402640788771,0.0464403973509932,0.7967780840614768,0.7999190720258968,0.8999190720258968,0.8999190720258968,0.8999190720258968,0.11401494845081774,1510,0.03257263419662437,0.09999999999999998,0.0,0.0,0.0,-0.02157710877072018
ml1m,lightgcn,weighted_lightgcn,0,legacy_a0.8,legacy,semi_mainstream,0.7442402640788771,0.0464403973509932,0.8434501221065569,0.8999190720258968,0.8999190720258968,0.8999190720258968,0.8999190720258968,0.09054970912004484,1510,0.0213163211893731,0.0,0.0,0.0,0.0,-0.020847580714871833
ml1m,lightgcn,weighted_lightgcn,0,legacy_a0.8,legacy,mainstream,0.7442402640788771,0.0464403973509932,0.881461120383798,0.8999190720258968,0.8999190720258968,0.8999190720258968,0.8999190720258968,0.05463918834340507,1511,0.009592294757070685,0.0,0.0,0.0,0.0,-0.018626477837093244
ml1m,lightgcn,weighted_lightgcn,1,baseline,baseline,niche,0.7873197342775525,0.0,0.7284838581137937,0.7000269759913677,0.7999190720258968,0.8999190720258968,0.8999190720258968,0.13600623178120183,1509,0.0,0.0,0.0,0.0,0.0,0.0
ml1m,lightgcn,weighted_lightgcn,1,baseline,baseline,semi_niche,0.7873197342775525,0.0,0.8252467588614345,0.8999190720258968,0.8999190720258968,0.8999190720258968,0.8999190720258968,0.09185878910067942,1510,0.0,0.0,0.0,0.0,0.0,0.0
ml1m,lightgcn,weighted_lightgcn,1,baseline,baseline,semi_mainstream,0.7873197342775525,0.0,0.8632436039209871,0.8999190720258968,0.8999190720258968,0.8999190720258968,0.8999190720258968,0.06991391466129541,1510,0.0,0.0,0.0,0.0,0.0,0.0
ml1m,lightgcn,weighted_lightgcn,1,baseline,baseline,mainstream,0.7873197342775525,0.0,0.8907886183811299,0.8999190720258968,0.8999190720258968,0.8999190720258968,0.8999190720258968,0.03613052491781586,1511,0.0,0.0,0.0,0.0,0.0,0.0
ml1m,lightgcn,weighted_lightgcn,1,kl_lam0.1,kl,niche,0.7536442375888108,0.0336754966887417,0.6811753880994226,0.7000269759913677,0.7999190720258968,0.8999190720258968,0.8999190720258968,0.171379714310652,1509,0.04730847001437111,0.0,0.0,0.0,0.0,-0.03537348252945016
ml1m,lightgcn,weighted_lightgcn,1,kl_lam0.1,kl,semi_niche,0.7536442375888108,0.0336754966887417,0.8000224740378415,0.7999190720258968,0.8999190720258968,0.8999190720258968,0.8999190720258968,0.11120823927324541,1510,0.025224284823592957,0.09999999999999998,0.0,0.0,0.0,-0.019349450172565993
ml1m,lightgcn,weighted_lightgcn,1,kl_lam0.1,kl,semi_mainstream,0.7536442375888108,0.0336754966887417,0.847289162976077,0.8999190720258968,0.8999190720258968,0.8999190720258968,0.8999190720258968,0.08610368241842459,1510,0.015954440944910053,0.0,0.0,0.0,0.0,-0.016189767757129173
ml1m,lightgcn,weighted_lightgcn,1,kl_lam0.1,kl,mainstream,0.7536442375888108,0.0336754966887417,0.8814607633223638,0.8999190720258968,0.8999190720258968,0.8999190720258968,0.8999190720258968,0.053785707849245475,1511,0.009327855058766099,0.0,0.0,0.0,0.0,-0.017655182931429612
ml1m,lightgcn,weighted_lightgcn,1,kl_lam0.5,kl,niche,0.7664256945424532,0.0208940397350992,0.696678663742748,0.7000269759913677,0.7999190720258968,0.8999190720258968,0.8999190720258968,0.16171004518769064,1509,0.031805194371045675,0.0,0.0,0.0,0.0,-0.025703813406488807
ml1m,lightgcn,weighted_lightgcn,1,kl_lam0.5,kl,semi_niche,0.7664256945424532,0.0208940397350992,0.8103518491059513,0.7999190720258968,0.8999190720258968,0.8999190720258968,0.8999190720258968,0.10239708729302567,1510,0.014894909755483243,0.09999999999999998,0.0,0.0,0.0,-0.010538298192346252
ml1m,lightgcn,weighted_lightgcn,1,kl_lam0.5,kl,semi_mainstream,0.7664256945424532,0.0208940397350992,0.8526509360311706,0.8999190720258968,0.8999190720258968,0.8999190720258968,0.8999190720258968,0.07955030712354973,1510,0.010592667889816498,0.0,0.0,0.0,0.0,-0.009636392462254312
ml1m,lightgcn,weighted_lightgcn,1,kl_lam0.5,kl,mainstream,0.7664256945424532,0.0208940397350992,0.8841731269494438,0.8999190720258968,0.8999190720258968,0.8999190720258968,0.8999190720258968,0.048417562696829175,1511,0.006615491431686049,0.0,0.0,0.0,0.0,-0.012287037779013313
ml1m,lightgcn,weighted_lightgcn,1,kl_lam2.0,kl,niche,0.777104502489473,0.0102152317880794,0.716359517564159,0.7000269759913677,0.7999190720258968,0.8999190720258968,0.8999190720258968,0.14448848587594945,1509,0.012124340549634627,0.0,0.0,0.0,0.0,-0.008482254094747621
ml1m,lightgcn,weighted_lightgcn,1,kl_lam2.0,kl,semi_niche,0.777104502489473,0.0102152317880794,0.8192227162858169,0.8999190720258968,0.8999190720258968,0.8999190720258968,0.8999190720258968,0.09537739792857268,1510,0.006024042575617616,0.0,0.0,0.0,0.0,-0.0035186088278932603
ml1m,lightgcn,weighted_lightgcn,1,kl_lam2.0,kl,semi_mainstream,0.777104502489473,0.0102152317880794,0.8582122778277003,0.8999190720258968,0.8999190720258968,0.8999190720258968,0.8999190720258968,0.07469162219854435,1510,0.005031326093286825,0.0,0.0,0.0,0.0,-0.004777707537248932
ml1m,lightgcn,weighted_lightgcn,1,kl_lam2.0,kl,mainstream,0.777104502489473,0.0102152317880794,0.8874804798977088,0.8999190720258968,0.8999190720258968,0.8999190720258968,0.8999190720258968,0.041673353079701984,1511,0.0033081384834210414,0.0,0.0,0.0,0.0,-0.005542828161886122
ml1m,lightgcn,weighted_lightgcn,1,kl_lam8.0,kl,niche,0.7840250322907976,0.0032947019867549,0.7237140952504558,0.7000269759913677,0.7999190720258968,0.8999190720258968,0.8999190720258968,0.13812325523739546,1509,0.004769762863337856,0.0,0.0,0.0,0.0,-0.002117023456193634
ml1m,lightgcn,weighted_lightgcn,1,kl_lam8.0,kl,semi_niche,0.7840250322907976,0.0032947019867549,0.8232606470307651,0.8999190720258968,0.8999190720258968,0.8999190720258968,0.8999190720258968,0.0929539400369644,1510,0.0019861118306694348,0.0,0.0,0.0,0.0,-0.0010951509362849832
ml1m,lightgcn,weighted_lightgcn,1,kl_lam8.0,kl,semi_mainstream,0.7840250322907976,0.0032947019867549,0.8619193149884681,0.8999190720258968,0.8999190720258968,0.8999190720258968,0.8999190720258968,0.07081041688760287,1510,0.0013242889325190133,0.0,0.0,0.0,0.0,-0.0008965022263074524
ml1m,lightgcn,weighted_lightgcn,1,kl_lam8.0,kl,mainstream,0.7840250322907976,0.0032947019867549,0.889994799400208,0.8999190720258968,0.8999190720258968,0.8999190720258968,0.8999190720258968,0.03789122566637769,1511,0.000793818980921901,0.0,0.0,0.0,0.0,-0.0017607007485618276
ml1m,lightgcn,weighted_lightgcn,1,legacy_a0.1,legacy,niche,0.7809455620921222,0.0063741721854303,0.7215280030991106,0.7000269759913677,0.7999190720258968,0.8999190720258968,0.8999190720258968,0.13898274035811423,1509,0.006955855014683099,0.0,0.0,0.0,0.0,-0.0029765085769123956
ml1m,lightgcn,weighted_lightgcn,1,legacy_a0.1,legacy,semi_niche,0.7809455620921222,0.0063741721854303,0.8216059290013344,0.8999190720258968,0.8999190720258968,0.8999190720258968,0.8999190720258968,0.09402410786622958,1510,0.003640829860100059,0.0,0.0,0.0,0.0,-0.0021653187655501643
ml1m,lightgcn,weighted_lightgcn,1,legacy_a0.1,legacy,semi_mainstream,0.7809455620921222,0.0063741721854303,0.8607278336849739,0.8999190720258968,0.8999190720258968,0.8999190720258968,0.8999190720258968,0.07238613694617009,1510,0.0025157702360132372,0.0,0.0,0.0,0.0,-0.0024722222848746755
ml1m,lightgcn,weighted_lightgcn,1,legacy_a0.1,legacy,mainstream,0.7809455620921222,0.0063741721854303,0.8888700023226844,0.8999190720258968,0.8999190720258968,0.8999190720258968,0.8999190720258968,0.03971767039573311,1511,0.0019186160584454548,0.0,0.0,0.0,0.0,-0.0035871454779172474
ml1m,lightgcn,weighted_lightgcn,1,legacy_a0.2,legacy,niche,0.7745548336153009,0.0127649006622516,0.7156979353981318,0.7000269759913677,0.7999190720258968,0.8999190720258968,0.8999190720258968,0.14164518774378296,1509,0.012785922715661924,0.0,0.0,0.0,0.0,-0.005638955962581127
ml1m,lightgcn,weighted_lightgcn,1,legacy_a0.2,legacy,semi_niche,0.7745548336153009,0.0127649006622516,0.8174357265742097,0.8999190720258968,0.8999190720258968,0.8999190720258968,0.8999190720258968,0.09658119025912834,1510,0.007811032287224795,0.0,0.0,0.0,0.0,-0.004722401158448922
ml1m,lightgcn,weighted_lightgcn,1,legacy_a0.2,legacy,semi_mainstream,0.7745548336153009,0.0127649006622516,0.8576167515546924,0.8999190720258968,0.8999190720258968,0.8999190720258968,0.8999190720258968,0.07537192209065023,1510,0.005626852366294677,0.0,0.0,0.0,0.0,-0.005458007429354816
ml1m,lightgcn,weighted_lightgcn,1,legacy_a0.2,legacy,mainstream,0.7745548336153009,0.0127649006622516,0.8878114579943108,0.8999190720258968,0.8999190720258968,0.8999190720258968,0.8999190720258968,0.041532031677141486,1511,0.0029771603868190555,0.0,0.0,0.0,0.0,-0.005401506759325624
ml1m,lightgcn,weighted_lightgcn,1,legacy_a0.4,legacy,niche,0.7615747011649698,0.0257450331125826,0.7020500680835409,0.7000269759913677,0.7999190720258968,0.8999190720258968,0.8999190720258968,0.1477936251863737,1509,0.026433790030252813,0.0,0.0,0.0,0.0,-0.011787393405171875
ml1m,lightgcn,weighted_lightgcn,1,legacy_a0.4,legacy,semi_niche,0.7615747011649698,0.0257450331125826,0.8088301530842849,0.7999190720258968,0.8999190720258968,0.8999190720258968,0.8999190720258968,0.10074857306567785,1510,0.01641660577714965,0.09999999999999998,0.0,0.0,0.0,-0.008889783964998427
ml1m,lightgcn,weighted_lightgcn,1,legacy_a0.4,legacy,semi_mainstream,0.7615747011649698,0.0257450331125826,0.8519897562692381,0.8999190720258968,0.8999190720258968,0.8999190720258968,0.8999190720258968,0.07940223697036415,1510,0.011253847651748972,0.0,0.0,0.0,0.0,-0.009488322309068736
ml1m,lightgcn,weighted_lightgcn,1,legacy_a0.4,legacy,mainstream,0.7615747011649698,0.0257450331125826,0.883776538814274,0.8999190720258968,0.8999190720258968,0.8999190720258968,0.8999190720258968,0.049769597406436265,1511,0.0070120795668559,0.0,0.0,0.0,0.0,-0.013639072488620403
ml1m,lightgcn,weighted_lightgcn,1,legacy_a0.8,legacy,niche,0.7418727144100028,0.0454470198675497,0.6786606143196571,0.7000269759913677,0.7999190720258968,0.8999190720258968,0.8999190720258968,0.1642467035088637,1509,0.04982324379413661,0.0,0.0,0.0,0.0,-0.028240471727661864
ml1m,lightgcn,weighted_lightgcn,1,legacy_a0.8,legacy,semi_niche,0.7418727144100028,0.0454470198675497,0.7936019201189086,0.7999190720258968,0.8999190720258968,0.8999190720258968,0.8999190720258968,0.11323900668070343,1510,0.03164483874252588,0.09999999999999998,0.0,0.0,0.0,-0.021380217580024008
ml1m,lightgcn,weighted_lightgcn,1,legacy_a0.8,legacy,semi_mainstream,0.7418727144100028,0.0454470198675497,0.843118424602104,0.8999190720258968,0.8999190720258968,0.8999190720258968,0.8999190720258968,0.0892004478386692,1510,0.020125179318883135,0.0,0.0,0.0,0.0,-0.01928653317737379
ml1m,lightgcn,weighted_lightgcn,1,legacy_a0.8,legacy,mainstream,0.7418727144100028,0.0454470198675497,0.8792780646270484,0.8999190720258968,0.8999190720258968,0.8999190720258968,0.8999190720258968,0.057128780287970936,1511,0.011510553754081498,0.0,0.0,0.0,0.0,-0.020998255370155074
ml1m,lightgcn,weighted_lightgcn,2,baseline,baseline,niche,0.7881806614298705,0.0,0.7265625382673833,0.7000269759913677,0.7999190720258968,0.8999190720258968,0.8999190720258968,0.13367444388882763,1509,0.0,0.0,0.0,0.0,0.0,0.0
ml1m,lightgcn,weighted_lightgcn,2,baseline,baseline,semi_niche,0.7881806614298705,0.0,0.8261733037728871,0.8999190720258968,0.8999190720258968,0.8999190720258968,0.8999190720258968,0.09274860606673518,1510,0.0,0.0,0.0,0.0,0.0,0.0
ml1m,lightgcn,weighted_lightgcn,2,baseline,baseline,semi_mainstream,0.7881806614298705,0.0,0.8650966401492075,0.8999190720258968,0.8999190720258968,0.8999190720258968,0.8999190720258968,0.06770435050574718,1510,0.0,0.0,0.0,0.0,0.0,0.0
ml1m,lightgcn,weighted_lightgcn,2,baseline,baseline,mainstream,0.7881806614298705,0.0,0.8905906456688357,0.8999190720258968,0.8999190720258968,0.8999190720258968,0.8999190720258968,0.0393236040462723,1511,0.0,0.0,0.0,0.0,0.0,0.0
ml1m,lightgcn,weighted_lightgcn,2,kl_lam0.1,kl,niche,0.7541574826219235,0.034023178807947,0.6750796721335507,0.7000269759913677,0.7999190720258968,0.8999190720258968,0.8999190720258968,0.16966663160077738,1509,0.05148286613383257,0.0,0.0,0.0,0.0,-0.03599218771194976
ml1m,lightgcn,weighted_lightgcn,2,kl_lam0.1,kl,semi_niche,0.7541574826219235,0.034023178807947,0.7988312071130866,0.7999190720258968,0.8999190720258968,0.8999190720258968,0.8999190720258968,0.11575291432596867,1510,0.027342096659800474,0.09999999999999998,0.0,0.0,0.0,-0.023004308259233483
ml1m,lightgcn,weighted_lightgcn,2,kl_lam0.1,kl,semi_mainstream,0.7541574826219235,0.034023178807947,0.8467594867058384,0.8999190720258968,0.8999190720258968,0.8999190720258968,0.8999190720258968,0.08821301878037593,1510,0.01833715344336906,0.0,0.0,0.0,0.0,-0.020508668274628758
ml1m,lightgcn,weighted_lightgcn,2,kl_lam0.1,kl,mainstream,0.7541574826219235,0.034023178807947,0.8828501607758372,0.8999190720258968,0.8999190720258968,0.8999190720258968,0.8999190720258968,0.0540603700563046,1511,0.0077404848929985,0.0,0.0,0.0,0.0,-0.014736766010032307
ml1m,lightgcn,weighted_lightgcn,2,kl_lam0.5,kl,niche,0.7696872839464267,0.0184933774834438,0.698268477436791,0.7000269759913677,0.7999190720258968,0.8999190720258968,0.8999190720258968,0.1578382420052594,1509,0.02829406083059227,0.0,0.0,0.0,0.0,-0.024163798116431767
ml1m,lightgcn,weighted_lightgcn,2,kl_lam0.5,kl,semi_niche,0.7696872839464267,0.0184933774834438,0.8112774293130769,0.7999190720258968,0.8999190720258968,0.8999190720258968,0.8999190720258968,0.10307411722865342,1510,0.014895874459810221,0.09999999999999998,0.0,0.0,0.0,-0.010325511161918238
ml1m,lightgcn,weighted_lightgcn,2,kl_lam0.5,kl,semi_mainstream,0.7696872839464267,0.0184933774834438,0.8542402864099956,0.8999190720258968,0.8999190720258968,0.8999190720258968,0.8999190720258968,0.07805130611051157,1510,0.0108563537392119,0.0,0.0,0.0,0.0,-0.010346955604764396
ml1m,lightgcn,weighted_lightgcn,2,kl_lam0.5,kl,mainstream,0.7696872839464267,0.0184933774834438,0.8853638375677546,0.8999190720258968,0.8999190720258968,0.8999190720258968,0.8999190720258968,0.048925468779402514,1511,0.005226808101081115,0.0,0.0,0.0,0.0,-0.009601864733130218
ml1m,lightgcn,weighted_lightgcn,2,kl_lam2.0,kl,niche,0.7782303303040425,0.0099503311258279,0.713908224066267,0.7000269759913677,0.7999190720258968,0.8999190720258968,0.8999190720258968,0.14162420305111545,1509,0.01265431420111629,0.0,0.0,0.0,0.0,-0.007949759162287823
ml1m,lightgcn,weighted_lightgcn,2,kl_lam2.0,kl,semi_niche,0.7782303303040425,0.0099503311258279,0.8180966740925079,0.8999190720258968,0.8999190720258968,0.8999190720258968,0.8999190720258968,0.09714428992985928,1510,0.008076629680379255,0.0,0.0,0.0,0.0,-0.004395683863124097
ml1m,lightgcn,weighted_lightgcn,2,kl_lam2.0,kl,semi_mainstream,0.7782303303040425,0.0099503311258279,0.8592713981245433,0.8999190720258968,0.8999190720258968,0.8999190720258968,0.8999190720258968,0.07267908005192511,1510,0.005825242024664168,0.0,0.0,0.0,0.0,-0.004974729546177933
ml1m,lightgcn,weighted_lightgcn,2,kl_lam2.0,kl,mainstream,0.7782303303040425,0.0099503311258279,0.8882750308545709,0.8999190720258968,0.8999190720258968,0.8999190720258968,0.8999190720258968,0.044055245430332894,1511,0.002315614814264788,0.0,0.0,0.0,0.0,-0.0047316413840605975
ml1m,lightgcn,weighted_lightgcn,2,kl_lam8.0,kl,niche,0.7847203965292082,0.0034602649006623,0.7231184961090393,0.7000269759913677,0.7999190720258968,0.8999190720258968,0.8999190720258968,0.1336207858068483,1509,0.0034440421583439296,0.0,0.0,0.0,0.0,5.36580819793242e-05
ml1m,lightgcn,weighted_lightgcn,2,kl_lam8.0,kl,semi_niche,0.7847203965292082,0.0034602649006623,0.8234588580401851,0.8999190720258968,0.8999190720258968,0.8999190720258968,0.8999190720258968,0.093791400765755,1510,0.0027144457327019644,0.0,0.0,0.0,0.0,-0.001042794699019814
ml1m,lightgcn,weighted_lightgcn,2,kl_lam8.0,kl,semi_mainstream,0.7847203965292082,0.0034602649006623,0.8630446604508741,0.8999190720258968,0.8999190720258968,0.8999190720258968,0.8999190720258968,0.0696675160719973,1510,0.0020519796983333727,0.0,0.0,0.0,0.0,-0.001963165566250119
ml1m,lightgcn,weighted_lightgcn,2,kl_lam8.0,kl,mainstream,0.7847203965292082,0.0034602649006623,0.8897305739387643,0.8999190720258968,0.8999190720258968,0.8999190720258968,0.8999190720258968,0.0408465075533209,1511,0.00086007173007141,0.0,0.0,0.0,0.0,-0.0015229035070486036
ml1m,lightgcn,weighted_lightgcn,2,legacy_a0.1,legacy,niche,0.781624370039142,0.0065562913907285,0.7206007905449239,0.7000269759913677,0.7999190720258968,0.8999190720258968,0.8999190720258968,0.13482062594921765,1509,0.005961747722459387,0.0,0.0,0.0,0.0,-0.001146182060390022
ml1m,lightgcn,weighted_lightgcn,2,legacy_a0.1,legacy,semi_niche,0.781624370039142,0.0065562913907285,0.8213404387975496,0.8999190720258968,0.8999190720258968,0.8999190720258968,0.8999190720258968,0.09464708135257732,1510,0.004832864975337525,0.0,0.0,0.0,0.0,-0.0018984752858421383
ml1m,lightgcn,weighted_lightgcn,2,legacy_a0.1,legacy,semi_mainstream,0.781624370039142,0.0065562913907285,0.8613897459075991,0.8999190720258968,0.8999190720258968,0.8999190720258968,0.8999190720258968,0.07127029595810691,1510,0.003706894241608416,0.0,0.0,0.0,0.0,-0.003565945452359734
ml1m,lightgcn,weighted_lightgcn,2,legacy_a0.1,legacy,mainstream,0.781624370039142,0.0065562913907285,0.8888707164455533,0.8999190720258968,0.8999190720258968,0.8999190720258968,0.8999190720258968,0.04322416695086217,1511,0.001719929223282457,0.0,0.0,0.0,0.0,-0.0039005629045898715
ml1m,lightgcn,weighted_lightgcn,2,legacy_a0.2,legacy,niche,0.7759621183835128,0.0122185430463577,0.7149034575927227,0.7000269759913677,0.7999190720258968,0.8999190720258968,0.8999190720258968,0.13697960709311272,1509,0.011659080674660594,0.0,0.0,0.0,0.0,-0.0033051632042850887
ml1m,lightgcn,weighted_lightgcn,2,legacy_a0.2,legacy,semi_niche,0.7759621183835128,0.0122185430463577,0.8168389676234509,0.8999190720258968,0.8999190720258968,0.8999190720258968,0.8999190720258968,0.09726856425652713,1510,0.00933433614943624,0.0,0.0,0.0,0.0,-0.0045199581897919505
ml1m,lightgcn,weighted_lightgcn,2,legacy_a0.2,legacy,semi_mainstream,0.7759621183835128,0.0122185430463577,0.8580138345746458,0.8999190720258968,0.8999190720258968,0.8999190720258968,0.8999190720258968,0.07373212006597352,1510,0.007082805574561757,0.0,0.0,0.0,0.0,-0.00602776956022634
ml1m,lightgcn,weighted_lightgcn,2,legacy_a0.2,legacy,mainstream,0.7759621183835128,0.0122185430463577,0.8879443919663319,0.8999190720258968,0.8999190720258968,0.8999190720258968,0.8999190720258968,0.044785455914653376,1511,0.00264625370250382,0.0,0.0,0.0,0.0,-0.005461851868381079
ml1m,lightgcn,weighted_lightgcn,2,legacy_a0.4,legacy,niche,0.7628826481848373,0.0252980132450332,0.7011238208729816,0.7000269759913677,0.7999190720258968,0.8999190720258968,0.8999190720258968,0.14472517506940574,1509,0.025438717394401622,0.0,0.0,0.0,0.0,-0.011050731180578116
ml1m,lightgcn,weighted_lightgcn,2,legacy_a0.4,legacy,semi_niche,0.7628826481848373,0.0252980132450332,0.8075049887719135,0.7999190720258968,0.8999190720258968,0.8999190720258968,0.8999190720258968,0.10164237761561441,1510,0.018668315000973656,0.09999999999999998,0.0,0.0,0.0,-0.008893771548879228
ml1m,lightgcn,weighted_lightgcn,2,legacy_a0.4,legacy,semi_mainstream,0.7628826481848373,0.0252980132450332,0.8527182330904302,0.8999190720258968,0.8999190720258968,0.8999190720258968,0.8999190720258968,0.078961855713479,1510,0.012378407058777352,0.0,0.0,0.0,0.0,-0.011257505207731819
ml1m,lightgcn,weighted_lightgcn,2,legacy_a0.4,legacy,mainstream,0.7628826481848373,0.0252980132450332,0.8847025954974196,0.8999190720258968,0.8999190720258968,0.8999190720258968,0.8999190720258968,0.050718009207115625,1511,0.005888050171416137,0.0,0.0,0.0,0.0,-0.011394405160843328
ml1m,lightgcn,weighted_lightgcn,2,legacy_a0.8,legacy,niche,0.7417568203702678,0.0464238410596027,0.672433611620449,0.7000269759913677,0.7999190720258968,0.8999190720258968,0.8999190720258968,0.16131924896248093,1509,0.05412892664693425,0.0,0.0,0.0,0.0,-0.0276448050736533
ml1m,lightgcn,weighted_lightgcn,2,legacy_a0.8,legacy,semi_niche,0.7417568203702678,0.0464238410596027,0.7908882425766894,0.7999190720258968,0.8999190720258968,0.8999190720258968,0.8999190720258968,0.1177288211521705,1510,0.035285061196197676,0.09999999999999998,0.0,0.0,0.0,-0.02498021508543531
ml1m,lightgcn,weighted_lightgcn,2,legacy_a0.8,legacy,semi_mainstream,0.7417568203702678,0.0464238410596027,0.8417950646441223,0.8999190720258968,0.8999190720258968,0.8999190720258968,0.8999190720258968,0.0901961457190017,1510,0.02330157550508516,0.0,0.0,0.0,0.0,-0.02249179521325452
ml1m,lightgcn,weighted_lightgcn,2,legacy_a0.8,legacy,mainstream,0.7417568203702678,0.0464238410596027,0.8812625942262807,0.8999190720258968,0.8999190720258968,0.8999190720258968,0.8999190720258968,0.056184436732041376,1511,0.009328051442554997,0.0,0.0,0.0,0.0,-0.01686083268576908
ml1m,neumf,weighted_neumf,0,baseline,baseline,niche,0.6554819859331817,0.0,0.6135374248529147,0.6000269759913677,0.7000269759913677,0.7999190720258968,0.799919072025897,0.1433524814907518,1509,0.0,0.0,0.0,0.0,0.0,0.0
ml1m,neumf,weighted_neumf,0,baseline,baseline,semi_niche,0.6554819859331817,0.0,0.7163461644963797,0.7000269759913677,0.7999190720258968,0.8999190720258968,0.8999190720258968,0.12111698838427427,1510,0.0,0.0,0.0,0.0,0.0,0.0
ml1m,neumf,weighted_neumf,0,baseline,baseline,semi_mainstream,0.6554819859331817,0.0,0.7759917249806612,0.7999190720258968,0.8999190720258968,0.8999190720258968,0.8999190720258968,0.1049056391584573,1510,0.0,0.0,0.0,0.0,0.0,0.0
ml1m,neumf,weighted_neumf,0,baseline,baseline,mainstream,0.6554819859331817,0.0,0.845799645330877,0.8999190720258968,0.8999190720258968,0.8999190720258968,0.8999190720258968,0.08289673602583153,1511,0.0,0.0,0.0,0.0,0.0,0.0
ml1m,neumf,weighted_neumf,0,kl_lam0.1,kl,niche,0.5752005289795393,0.0802814569536424,0.3997210156916607,0.3001079039654707,0.5000269759913677,0.7999190720258968,0.8999190720258968,0.22690928681573927,1509,0.21381640916125405,0.29991907202589696,0.19999999999999996,0.0,-0.09999999999999987,-0.08355680532498747
ml1m,neumf,weighted_neumf,0,kl_lam0.1,kl,semi_niche,0.5752005289795393,0.0802814569536424,0.6146052840786269,0.699919072025897,0.799919072025897,0.8999190720258968,0.8999190720258968,0.24354044203108877,1510,0.10174088041775275,0.00010790396547066816,-1.1102230246251565e-16,0.0,0.0,-0.12242345364681449
ml1m,neumf,weighted_neumf,0,kl_lam0.1,kl,semi_mainstream,0.5752005289795393,0.0802814569536424,0.7369097126074349,0.7999190720258968,0.8999190720258968,0.8999190720258968,0.8999190720258968,0.19095153220470906,1510,0.03908201237322628,0.0,0.0,0.0,0.0,-0.08604589304625176
ml1m,neumf,weighted_neumf,0,kl_lam0.1,kl,mainstream,0.5752005289795393,0.0802814569536424,0.8487739313731494,0.8999190720258968,0.8999190720258968,0.8999190720258968,0.8999190720258968,0.10452209627056999,1511,-0.002974286042272345,0.0,0.0,0.0,0.0,-0.021625360244738462
ml1m,neumf,weighted_neumf,0,kl_lam0.5,kl,niche,0.7104323170590094,-0.0549503311258277,0.5451046620197884,0.5000269759913677,0.7000269759913677,0.8999190720258968,0.8999190720258968,0.24402073467029042,1509,0.06843276283312638,0.09999999999999998,0.0,-0.09999999999999998,-0.09999999999999987,-0.10066825317953862
ml1m,neumf,weighted_neumf,0,kl_lam0.5,kl,semi_niche,0.7104323170590094,-0.0549503311258277,0.7547900785519431,0.7999190720258968,0.8999190720258968,0.8999190720258968,0.8999190720258968,0.16965735976104523,1510,-0.038443914055563466,-0.0998920960345292,-0.09999999999999998,0.0,0.0,-0.04854037137677096
ml1m,neumf,weighted_neumf,0,kl_lam0.5,kl,semi_mainstream,0.7104323170590094,-0.0549503311258277,0.8284818233626375,0.8999190720258968,0.8999190720258968,0.8999190720258968,0.8999190720258968,0.11041886138704793,1510,-0.05249009838197638,-0.09999999999999998,0.0,0.0,0.0,-0.005513222228590631
ml1m,neumf,weighted_neumf,0,kl_lam0.5,kl,mainstream,0.7104323170590094,-0.0549503311258277,0.8828482326440915,0.8999190720258968,0.8999190720258968,0.8999190720258968,0.8999190720258968,0.055635840240893894,1511,-0.037048587313214476,0.0,0.0,0.0,0.0,0.027260895784937636
ml1m,neumf,weighted_neumf,0,kl_lam2.0,kl,niche,0.6253912144019637,0.030090771531218,0.5563530783646293,0.6000269759913677,0.7000269759913677,0.7000269759913677,0.7999190720258968,0.17496648393785635,1509,0.05718434648828541,0.0,0.0,0.0998920960345292,1.1102230246251565e-16,-0.03161400244710455
ml1m,neumf,weighted_neumf,0,kl_lam2.0,kl,semi_niche,0.6253912144019637,0.030090771531218,0.6909896615852951,0.7000269759913677,0.7999190720258968,0.8999190720258968,0.8999190720258968,0.13112250972179867,1510,0.0253565029110846,0.0,0.0,0.0,0.0,-0.0100055213375244
ml1m,neumf,weighted_neumf,0,kl_lam2.0,kl,semi_mainstream,0.6253912144019637,0.030090771531218,0.7569933560455697,0.7000269759913677,0.8999190720258968,0.8999190720258968,0.8999190720258968,0.11726674513964831,1510,0.018998368935091436,0.0998920960345292,0.0,0.0,0.0,-0.012361105981191015
ml1m,neumf,weighted_neumf,0,kl_lam2.0,kl,mainstream,0.6253912144019637,0.030090771531218,0.8391189187751292,0.8999190720258968,0.8999190720258968,0.8999190720258968,0.8999190720258968,0.0915003143521573,1511,0.006680726555747807,0.0,0.0,0.0,0.0,-0.008603578326325773
ml1m,neumf,weighted_neumf,0,kl_lam8.0,kl,niche,0.6420302872496458,0.0134516986835359,0.5935291050209845,0.6000269759913677,0.7000269759913677,0.7000269759913677,0.7999190720258968,0.13968627772612574,1509,0.020008319831930188,0.0,0.0,0.0998920960345292,1.1102230246251565e-16,0.0036662037646260637
ml1m,neumf,weighted_neumf,0,kl_lam8.0,kl,semi_niche,0.6420302872496458,0.0134516986835359,0.700391634226995,0.7000269759913677,0.7999190720258968,0.8999190720258968,0.8999190720258968,0.12016967794081677,1510,0.015954530269384648,0.0,0.0,0.0,0.0,0.0009473104434574997
ml1m,neumf,weighted_neumf,0,kl_lam8.0,kl,semi_mainstream,0.6420302872496458,0.0134516986835359,0.7618259173176931,0.7000269759913677,0.8999190720258968,0.8999190720258968,0.8999190720258968,0.10594386783843703,1510,0.014165807662968044,0.0998920960345292,0.0,0.0,0.0,-0.0010382286799797275
ml1m,neumf,weighted_neumf,0,kl_lam8.0,kl,mainstream,0.6420302872496458,0.0134516986835359,0.8354131209722353,0.8999190720258968,0.8999190720258968,0.8999190720258968,0.8999190720258968,0.08840498274813613,1511,0.010386524358641736,0.0,0.0,0.0,0.0,-0.0055082467223045994
ml1m,neumf,weighted_neumf,0,legacy_a0.1,legacy,niche,0.6308879031436856,0.0245940827894961,0.5762368867453493,0.6000269759913677,0.7000269759913677,0.7000269759913677,0.7999190720258968,0.14171030346267677,1509,0.037300538107565395,0.0,0.0,0.0998920960345292,1.1102230246251565e-16,0.0016421780280750364
ml1m,neumf,weighted_neumf,0,legacy_a0.1,legacy,semi_niche,0.6308879031436856,0.0245940827894961,0.6839073740926865,0.7000269759913677,0.7000269759913677,0.8999190720258968,0.8999190720258968,0.12186555507440808,1510,0.03243879040369313,0.0,0.0998920960345292,0.0,0.0,-0.0007485666901338034
ml1m,neumf,weighted_neumf,0,legacy_a0.1,legacy,semi_mainstream,0.6308879031436856,0.0245940827894961,0.747459290370643,0.7000269759913677,0.7999190720258968,0.8999190720258968,0.8999190720258968,0.1110182911391491,1510,0.028532434610018198,0.0998920960345292,0.09999999999999998,0.0,0.0,-0.006112651980691802
ml1m,neumf,weighted_neumf,0,legacy_a0.1,legacy,mainstream,0.6308879031436856,0.0245940827894961,0.8252905542789618,0.8999190720258968,0.8999190720258968,0.8999190720258968,0.8999190720258968,0.09455185490476262,1511,0.02050909105191523,0.0,0.0,0.0,0.0,-0.011655118878931087
ml1m,neumf,weighted_neumf,0,legacy_a0.2,legacy,niche,0.6403249892364008,0.0151569966967809,0.5972417808587732,0.6000269759913677,0.7000269759913677,0.7999190720258968,0.8999190720258968,0.14804319276930292,1509,0.016295643994141518,0.0,0.0,0.0,-0.09999999999999987,-0.004690711278551113
ml1m,neumf,weighted_neumf,0,legacy_a0.2,legacy,semi_niche,0.6403249892364008,0.0151569966967809,0.7086009107523443,0.7000269759913677,0.7999190720258968,0.8999190720258968,0.8999190720258968,0.12641529278272665,1510,0.007745253744035341,0.0,0.0,0.0,0.0,-0.005298304398452372
ml1m,neumf,weighted_neumf,0,legacy_a0.2,legacy,semi_mainstream,0.6403249892364008,0.0151569966967809,0.7746017110996379,0.7999190720258968,0.8999190720258968,0.8999190720258968,0.8999190720258968,0.11075666719150297,1510,0.001390013881023222,0.0,0.0,0.0,0.0,-0.0058510280330456715
ml1m,neumf,weighted_neumf,0,legacy_a0.2,legacy,mainstream,0.6403249892364008,0.0151569966967809,0.8506957252783606,0.8999190720258968,0.8999190720258968,0.8999190720258968,0.8999190720258968,0.08251766912817594,1511,-0.004896079947483534,0.0,0.0,0.0,0.0,0.0003790668976555861
ml1m,neumf,weighted_neumf,0,legacy_a0.4,legacy,niche,0.6096130687065995,0.0458689172265822,0.5441026889646743,0.5001348799568384,0.7000269759913677,0.7000269759913677,0.7999190720258968,0.16196009620006763,1509,0.06943473588824045,0.09989209603452931,0.0,0.0998920960345292,1.1102230246251565e-16,-0.018607614709315823
ml1m,neumf,weighted_neumf,0,legacy_a0.4,legacy,semi_niche,0.6096130687065995,0.0458689172265822,0.6788740292662709,0.7000269759913677,0.7999190720258968,0.8999190720258968,0.8999190720258968,0.1409016106840179,1510,0.03747213523010873,0.0,0.0,0.0,0.0,-0.019784622299743634
ml1m,neumf,weighted_neumf,0,legacy_a0.4,legacy,semi_mainstream,0.6096130687065995,0.0458689172265822,0.7583824588169509,0.7000269759913677,0.8999190720258968,0.8999190720258968,0.8999190720258968,0.1195241568612143,1510,0.01760926616371028,0.0998920960345292,0.0,0.0,0.0,-0.014618517702757003
ml1m,neumf,weighted_neumf,0,legacy_a0.4,legacy,mainstream,0.6096130687065995,0.0458689172265822,0.8427578568244348,0.8999190720258968,0.8999190720258968,0.8999190720258968,0.8999190720258968,0.08825861624960375,1511,0.003041788506442211,0.0,0.0,0.0,0.0,-0.005361880223772222
ml1m,neumf,weighted_neumf,0,legacy_a0.8,legacy,niche,0.5232799991782148,0.1322019867549669,0.41653102694863986,0.40002697599136766,0.5001348799568384,0.7000269759913677,0.799919072025897,0.20435616396876222,1509,0.19700639790427488,0.2,0.1998920960345293,0.0998920960345292,0.0,-0.06100368247801041
ml1m,neumf,weighted_neumf,0,legacy_a0.8,legacy,semi_niche,0.5232799991782148,0.1322019867549669,0.6156291748026376,0.6000269759913677,0.7999190720258968,0.8999190720258968,0.8999190720258968,0.20329282385310457,1510,0.1007169896937421,0.09999999999999998,0.0,0.0,0.0,-0.0821758354688303
ml1m,neumf,weighted_neumf,0,legacy_a0.8,legacy,semi_mainstream,0.5232799991782148,0.1322019867549669,0.7181252757893156,0.7000269759913677,0.8999190720258968,0.8999190720258968,0.8999190720258968,0.171013023132078,1510,0.05786644919134554,0.0998920960345292,0.0,0.0,0.0,-0.0661073839736207
ml1m,neumf,weighted_neumf,0,legacy_a0.8,legacy,mainstream,0.5232799991782148,0.1322019867549669,0.8270119653071969,0.8999190720258968,0.8999190720258968,0.8999190720258968,0.8999190720258968,0.11234250251195382,1511,0.018787680023680142,0.0,0.0,0.0,0.0,-0.029445766486122293
ml1m,neumf,weighted_neumf,1,baseline,baseline,niche,0.6815747011649698,0.0,0.6345394765656577,0.7000269759913677,0.7000269759913677,0.7999190720258968,0.8999190720258968,0.14602388779080405,1509,0.0,0.0,0.0,0.0,0.0,0.0
ml1m,neumf,weighted_neumf,1,baseline,baseline,semi_niche,0.6815747011649698,0.0,0.7281306888524842,0.7000269759913677,0.7999190720258968,0.8999190720258968,0.8999190720258968,0.11758804483078389,1510,0.0,0.0,0.0,0.0,0.0,0.0
ml1m,neumf,weighted_neumf,1,baseline,baseline,semi_mainstream,0.6815747011649698,0.0,0.7935334975712676,0.7999190720258968,0.8999190720258968,0.8999190720258968,0.8999190720258968,0.10400567892227344,1510,0.0,0.0,0.0,0.0,0.0,0.0
ml1m,neumf,weighted_neumf,1,baseline,baseline,mainstream,0.6815747011649698,0.0,0.8581051249563268,0.8999190720258968,0.8999190720258968,0.8999190720258968,0.8999190720258968,0.07747600454259336,1511,0.0,0.0,0.0,0.0,0.0,0.0
ml1m,neumf,weighted_neumf,1,kl_lam0.1,kl,niche,0.5347700654033803,0.1468046357615894,0.38481552015128007,0.3001079039654707,0.4999460480172646,0.7000269759913677,0.8999190720258968,0.20907882307351608,1509,0.2497239564143776,0.39991907202589694,0.20008092797410304,0.0998920960345292,0.0,-0.06305493528271203
ml1m,neumf,weighted_neumf,1,kl_lam0.1,kl,semi_niche,0.5347700654033803,0.1468046357615894,0.5745532793694407,0.6000269759913677,0.7999190720258968,0.8999190720258968,0.8999190720258968,0.2323787698543945,1510,0.15357740948304355,0.09999999999999998,0.0,0.0,0.0,-0.11479072502361062
ml1m,neumf,weighted_neumf,1,kl_lam0.1,kl,semi_mainstream,0.5347700654033803,0.1468046357615894,0.7165185607326036,0.7999190720258968,0.8999190720258968,0.8999190720258968,0.8999190720258968,0.19058299653931923,1510,0.077014936838664,0.0,0.0,0.0,0.0,-0.08657731761704579
ml1m,neumf,weighted_neumf,1,kl_lam0.1,kl,mainstream,0.5347700654033803,0.1468046357615894,0.8374600470571264,0.8999190720258968,0.8999190720258968,0.8999190720258968,0.8999190720258968,0.11842765382667785,1511,0.020645077899200448,0.0,0.0,0.0,0.0,-0.040951649284084485
ml1m,neumf,weighted_neumf,1,kl_lam0.5,kl,niche,0.5430813236815261,0.1384933774834437,0.4131205036662499,0.39994604801726463,0.5999190720258969,0.7000269759913677,0.7000269759913677,0.1959625344111777,1509,0.22141897289940776,0.300080927974103,0.10010790396547076,0.0998920960345292,0.19989209603452918,-0.049938646620373645
ml1m,neumf,weighted_neumf,1,kl_lam0.5,kl,semi_niche,0.5430813236815261,0.1384933774834437,0.6007845725913209,0.6000269759913677,0.7000269759913677,0.8999190720258968,0.8999190720258968,0.19907445543947225,1510,0.12734611626116332,0.09999999999999998,0.0998920960345292,0.0,0.0,-0.08148641060868836
ml1m,neumf,weighted_neumf,1,kl_lam0.5,kl,semi_mainstream,0.5430813236815261,0.1384933774834437,0.7145402022663405,0.7000269759913677,0.799919072025897,0.8999190720258968,0.8999190720258968,0.16215272314873683,1510,0.07899329530492705,0.0998920960345292,0.09999999999999987,0.0,0.0,-0.058147044226463385
ml1m,neumf,weighted_neumf,1,kl_lam0.5,kl,mainstream,0.5430813236815261,0.1384933774834437,0.8227058579677455,0.8999190720258968,0.8999190720258968,0.8999190720258968,0.8999190720258968,0.11472086648175481,1511,0.03539926698858131,0.0,0.0,0.0,0.0,-0.03724486193916145
ml1m,neumf,weighted_neumf,1,kl_lam2.0,kl,niche,0.6721045024894731,0.0094701986754967,0.571716200414633,0.6000269759913677,0.7000269759913677,0.7999190720258968,0.8999190720258968,0.18453543609917034,1509,0.06282327615102468,0.09999999999999998,0.0,0.0,0.0,-0.038511548308366284
ml1m,neumf,weighted_neumf,1,kl_lam2.0,kl,semi_niche,0.6721045024894731,0.0094701986754967,0.7300468596194418,0.7000269759913677,0.7999190720258968,0.8999190720258968,0.8999190720258968,0.12570151141708688,1510,-0.0019161707669576034,0.0,0.0,0.0,0.0,-0.008113466586302992
ml1m,neumf,weighted_neumf,1,kl_lam2.0,kl,semi_mainstream,0.6721045024894731,0.0094701986754967,0.8025362255407257,0.7999190720258968,0.8999190720258968,0.8999190720258968,0.8999190720258968,0.10231435114694575,1510,-0.009002727969458113,0.0,0.0,0.0,0.0,0.0016913277753276973
ml1m,neumf,weighted_neumf,1,kl_lam2.0,kl,mainstream,0.6721045024894731,0.0094701986754967,0.8690868350199428,0.8999190720258968,0.8999190720258968,0.8999190720258968,0.8999190720258968,0.07006791516522791,1511,-0.010981710063615924,0.0,0.0,0.0,0.0,0.007408089377365451
ml1m,neumf,weighted_neumf,1,kl_lam8.0,kl,niche,0.6529488733504003,0.0286258278145694,0.6067117660908035,0.6000269759913677,0.7000269759913677,0.7999190720258968,0.8599190720258878,0.15490153007130072,1509,0.027827710474854217,0.09999999999999998,0.0,0.0,0.04000000000000903,-0.008877642280496673
ml1m,neumf,weighted_neumf,1,kl_lam8.0,kl,semi_niche,0.6529488733504003,0.0286258278145694,0.7072091997063011,0.7000269759913677,0.7999190720258968,0.8999190720258968,0.8999190720258968,0.12532358962514445,1510,0.02092148914618308,0.0,0.0,0.0,0.0,-0.00773554479436056
ml1m,neumf,weighted_neumf,1,kl_lam8.0,kl,semi_mainstream,0.6529488733504003,0.0286258278145694,0.7793006072277792,0.7999190720258968,0.8999190720258968,0.8999190720258968,0.8999190720258968,0.11110604564024446,1510,0.014232890343488402,0.0,0.0,0.0,0.0,-0.007100366717971013
ml1m,neumf,weighted_neumf,1,kl_lam8.0,kl,mainstream,0.6529488733504003,0.0286258278145694,0.8503645507979698,0.8999190720258968,0.8999190720258968,0.8999190720258968,0.8999190720258968,0.08347747923286426,1511,0.00774057415835705,0.0,0.0,0.0,0.0,-0.006001474690270903
ml1m,neumf,weighted_neumf,1,legacy_a0.1,legacy,niche,0.6327422077794471,0.0488324933855226,0.5807417521666155,0.6000269759913677,0.7000269759913677,0.7000269759913677,0.7999190720258968,0.15500126735660863,1509,0.05379772439904218,0.09999999999999998,0.0,0.0998920960345292,0.09999999999999998,-0.008977379565804577
ml1m,neumf,weighted_neumf,1,legacy_a0.1,legacy,semi_niche,0.6327422077794471,0.0488324933855226,0.6937043752914211,0.7000269759913677,0.7999190720258968,0.8999190720258968,0.8999190720258968,0.1311030634265807,1510,0.03442631356106307,0.0,0.0,0.0,0.0,-0.013515018595796818
ml1m,neumf,weighted_neumf,1,legacy_a0.1,legacy,semi_mainstream,0.6327422077794471,0.0488324933855226,0.7713571246094287,0.7999190720258968,0.8999190720258968,0.8999190720258968,0.8999190720258968,0.11459244989736596,1510,0.02217637296183883,0.0,0.0,0.0,0.0,-0.010586770975092516
ml1m,neumf,weighted_neumf,1,legacy_a0.1,legacy,mainstream,0.6327422077794471,0.0488324933855226,0.8467928117106152,0.8999190720258968,0.8999190720258968,0.8999190720258968,0.8999190720258968,0.0904926612052662,1511,0.011312313245711692,0.0,0.0,0.0,0.0,-0.013016656662672835
ml1m,neumf,weighted_neumf,1,legacy_a0.2,legacy,niche,0.691078012423248,-0.0095033112582781,0.616978141938764,0.699919072025897,0.7000269759913677,0.7999190720258968,0.8999190720258968,0.15699015921593093,1509,0.017561334626893688,0.00010790396547066816,0.0,0.0,0.0,-0.010966271425126878
ml1m,neumf,weighted_neumf,1,legacy_a0.2,legacy,semi_niche,0.691078012423248,-0.0095033112582781,0.7452737169879072,0.7000269759913677,0.7999190720258968,0.8999190720258968,0.8999190720258968,0.11590831847970091,1510,-0.01714302813542301,0.0,0.0,0.0,0.0,0.0016797263510829746
ml1m,neumf,weighted_neumf,1,legacy_a0.2,legacy,semi_mainstream,0.691078012423248,-0.0095033112582781,0.8091562767415145,0.7999190720258968,0.8999190720258968,0.8999190720258968,0.8999190720258968,0.10049363156340764,1510,-0.015622779170246903,0.0,0.0,0.0,0.0,0.0035120473588658024
ml1m,neumf,weighted_neumf,1,legacy_a0.2,legacy,mainstream,0.691078012423248,-0.0095033112582781,0.8712043164442677,0.8999190720258968,0.8999190720258968,0.8999190720258968,0.8999190720258968,0.06389674969025415,1511,-0.013099191487940809,0.0,0.0,0.0,0.0,0.013579254852339212
ml1m,neumf,weighted_neumf,1,legacy_a0.4,legacy,niche,0.6002256514880564,0.0813490496769133,0.514147736546283,0.5000269759913677,0.6001079039654708,0.7000269759913677,0.7999190720258968,0.16777382674327787,1509,0.1203917400193747,0.19999999999999996,0.0999190720258969,0.0998920960345292,0.09999999999999998,-0.02174993895247382
ml1m,neumf,weighted_neumf,1,legacy_a0.4,legacy,semi_niche,0.6002256514880564,0.0813490496769133,0.6690734372236523,0.7000269759913677,0.7000269759913677,0.8999190720258968,0.8999190720258968,0.14078619961925992,1510,0.05905725162883191,0.0,0.0998920960345292,0.0,0.0,-0.023198154788476033
ml1m,neumf,weighted_neumf,1,legacy_a0.4,legacy,semi_mainstream,0.6002256514880564,0.0813490496769133,0.7522892790978942,0.7000269759913677,0.8999190720258968,0.8999190720258968,0.8999190720258968,0.12171719377759413,1510,0.04124421847337334,0.0998920960345292,0.0,0.0,0.0,-0.017711514855320687
ml1m,neumf,weighted_neumf,1,legacy_a0.4,legacy,mainstream,0.6002256514880564,0.0813490496769133,0.8397793574572369,0.8999190720258968,0.8999190720258968,0.8999190720258968,0.8999190720258968,0.09350813564596928,1511,0.018325767499089984,0.0,0.0,0.0,0.0,-0.016032131103375924
ml1m,neumf,weighted_neumf,1,legacy_a0.8,legacy,niche,0.4847951879118974,0.1967795132530723,0.39772504260472596,0.40002697599136766,0.5000269759913677,0.6001079039654708,0.7000269759913677,0.18076435441876568,1509,0.23681443396093171,0.3,0.19999999999999996,0.1998111680604261,0.19989209603452918,-0.034740466627961625
ml1m,neumf,weighted_neumf,1,legacy_a0.8,legacy,semi_niche,0.4847951879118974,0.1967795132530723,0.5488995939309379,0.6000269759913677,0.7000269759913677,0.7999190720258968,0.8999190720258968,0.19297413510975855,1510,0.17923109492154632,0.09999999999999998,0.0998920960345292,0.09999999999999998,0.0,-0.07538609027897467
ml1m,neumf,weighted_neumf,1,legacy_a0.8,legacy,semi_mainstream,0.4847951879118974,0.1967795132530723,0.6538439537156302,0.7000269759913677,0.7000269759913677,0.8999190720258968,0.8999190720258968,0.17006624532577844,1510,0.13968954385563737,0.0998920960345292,0.19989209603452918,0.0,0.0,-0.066060566403505
ml1m,neumf,weighted_neumf,1,legacy_a0.8,legacy,mainstream,0.4847951879118974,0.1967795132530723,0.7797115907676052,0.7999190720258968,0.8999190720258968,0.8999190720258968,0.8999190720258968,0.1309806019838947,1511,0.07839353418872164,0.09999999999999998,0.0,0.0,0.0,-0.05350459744130133
ml1m,neumf,weighted_neumf,2,baseline,baseline,niche,0.669736952820599,0.0,0.632027455802904,0.7000269759913677,0.7000269759913677,0.7999190720258968,0.7999190720258968,0.131795781088891,1509,0.0,0.0,0.0,0.0,0.0,0.0
ml1m,neumf,weighted_neumf,2,baseline,baseline,semi_niche,0.669736952820599,0.0,0.7340246749928987,0.7000269759913677,0.7999190720258968,0.8999190720258968,0.8999190720258968,0.11239497383177995,1510,0.0,0.0,0.0,0.0,0.0,0.0
ml1m,neumf,weighted_neumf,2,baseline,baseline,semi_mainstream,0.669736952820599,0.0,0.7886366941369202,0.7999190720258968,0.8999190720258968,0.8999190720258968,0.8999190720258968,0.10262250587071432,1510,0.0,0.0,0.0,0.0,0.0,0.0
ml1m,neumf,weighted_neumf,2,baseline,baseline,mainstream,0.669736952820599,0.0,0.8522183959122177,0.8999190720258968,0.8999190720258968,0.8999190720258968,0.8999190720258968,0.07938248483046605,1511,0.0,0.0,0.0,0.0,0.0,0.0
ml1m,neumf,weighted_neumf,2,kl_lam0.1,kl,niche,0.408263442886824,0.2614735099337749,0.33797867412913046,0.3000269759913677,0.40013487995683844,0.5999190720258969,0.6000269759913677,0.16410866680698794,1509,0.2940487816737735,0.39999999999999997,0.2998920960345292,0.19999999999999996,0.19989209603452918,-0.03231288571809693
ml1m,neumf,weighted_neumf,2,kl_lam0.1,kl,semi_niche,0.408263442886824,0.2614735099337749,0.47325494812927754,0.49991907202589686,0.6000269759913677,0.7999190720258968,0.799919072025897,0.21026507503131334,1510,0.26076972686362115,0.2001079039654708,0.19989209603452918,0.09999999999999998,0.09999999999999987,-0.09787010119953339
ml1m,neumf,weighted_neumf,2,kl_lam0.1,kl,semi_mainstream,0.408263442886824,0.2614735099337749,0.6000562565541833,0.6000269759913677,0.7000269759913677,0.8999190720258968,0.8999190720258968,0.20459914453211178,1510,0.1885804375827369,0.19989209603452918,0.19989209603452918,0.0,0.0,-0.10197663866139746
ml1m,neumf,weighted_neumf,2,kl_lam0.1,kl,mainstream,0.408263442886824,0.2614735099337749,0.762957357759668,0.7999190720258968,0.8999190720258968,0.8999190720258968,0.8999190720258968,0.16042060829600746,1511,0.08926103815254971,0.09999999999999998,0.0,0.0,0.0,-0.08103812346554141
ml1m,neumf,weighted_neumf,2,kl_lam0.5,kl,niche,0.5504819859331817,0.1192549668874173,0.4145121895191212,0.39994604801726463,0.5999190720258969,0.7000269759913677,0.7000269759913677,0.19126266900964714,1509,0.21751526628378276,0.300080927974103,0.10010790396547076,0.0998920960345292,0.0998920960345292,-0.059466887920756134
ml1m,neumf,weighted_neumf,2,kl_lam0.5,kl,semi_niche,0.5504819859331817,0.1192549668874173,0.596549860028548,0.6000269759913677,0.7000269759913677,0.799919072025897,0.8999190720258968,0.1962996915045166,1510,0.13747481496435066,0.09999999999999998,0.0998920960345292,0.09999999999999987,0.0,-0.08390471767273665
ml1m,neumf,weighted_neumf,2,kl_lam0.5,kl,semi_mainstream,0.5504819859331817,0.1192549668874173,0.7085803839880519,0.7000269759913677,0.7999190720258968,0.8999190720258968,0.8999190720258968,0.1646012335768503,1510,0.08005631014886827,0.0998920960345292,0.09999999999999998,0.0,0.0,-0.06197872770613598
ml1m,neumf,weighted_neumf,2,kl_lam0.5,kl,mainstream,0.5504819859331817,0.1192549668874173,0.8244924327077557,0.8999190720258968,0.8999190720258968,0.8999190720258968,0.8999190720258968,0.11443812053956996,1511,0.027725963204461967,0.0,0.0,0.0,0.0,-0.035055635709103916
ml1m,neumf,weighted_neumf,2,kl_lam2.0,kl,niche,0.6229739958589173,0.0467629569616816,0.5382025802205024,0.6000269759913677,0.7000269759913677,0.7000269759913677,0.7999190720258968,0.17085026170001455,1509,0.0938248755824016,0.09999999999999998,0.0,0.0998920960345292,0.0,-0.03905448061112354
ml1m,neumf,weighted_neumf,2,kl_lam2.0,kl,semi_niche,0.6229739958589173,0.0467629569616816,0.681786364440284,0.7000269759913677,0.7999190720258968,0.8999190720258968,0.8999190720258968,0.1315580292345842,1510,0.05223831055261474,0.0,0.0,0.0,0.0,-0.01916305540280426
ml1m,neumf,weighted_neumf,2,kl_lam2.0,kl,semi_mainstream,0.6229739958589173,0.0467629569616816,0.7512324455076042,0.7000269759913677,0.799919072025897,0.8999190720258968,0.8999190720258968,0.11553850765175025,1510,0.03740424862931602,0.0998920960345292,0.09999999999999987,0.0,0.0,-0.012916001781035927
ml1m,neumf,weighted_neumf,2,kl_lam2.0,kl,mainstream,0.6229739958589173,0.0467629569616816,0.8334277344255603,0.8999190720258968,0.8999190720258968,0.8999190720258968,0.8999190720258968,0.09238155549210365,1511,0.018790661486657423,0.0,0.0,0.0,0.0,-0.012999070661637607
ml1m,neumf,weighted_neumf,2,kl_lam8.0,kl,niche,0.6565170422165333,0.0132199106040656,0.6163249439609085,0.6001079039654708,0.7000269759913677,0.7000269759913677,0.7999190720258968,0.13313453664916025,1509,0.015702511841995448,0.0999190720258969,0.0,0.0998920960345292,0.0,-0.0013387555602692447
ml1m,neumf,weighted_neumf,2,kl_lam8.0,kl,semi_niche,0.6565170422165333,0.0132199106040656,0.7194606945513857,0.7000269759913677,0.7999190720258968,0.8999190720258968,0.8999190720258968,0.11203503420161917,1510,0.01456398044151297,0.0,0.0,0.0,0.0,0.00035993963016077435
ml1m,neumf,weighted_neumf,2,kl_lam8.0,kl,semi_mainstream,0.6565170422165333,0.0132199106040656,0.7755954637458754,0.7999190720258968,0.8999190720258968,0.8999190720258968,0.8999190720258968,0.10512914753310094,1510,0.013041230391044767,0.0,0.0,0.0,0.0,-0.0025066416623866217
ml1m,neumf,weighted_neumf,2,kl_lam8.0,kl,mainstream,0.6565170422165333,0.0132199106040656,0.8466606275676063,0.8999190720258968,0.8999190720258968,0.8999190720258968,0.8999190720258968,0.083094045864064,1511,0.0055577683446114134,0.0,0.0,0.0,0.0,-0.00371156103359796
ml1m,neumf,weighted_neumf,2,legacy_a0.1,legacy,niche,0.6503581018191822,0.0193788510014167,0.6028766703796643,0.6000269759913677,0.7000269759913677,0.7000269759913677,0.7999190720258968,0.13816289905678225,1509,0.029150785423239678,0.09999999999999998,0.0,0.0998920960345292,0.0,-0.006367117967891245
ml1m,neumf,weighted_neumf,2,legacy_a0.1,legacy,semi_niche,0.6503581018191822,0.0193788510014167,0.7116483759917248,0.7000269759913677,0.7999190720258968,0.8999190720258968,0.8999190720258968,0.11422253936091392,1510,0.022376299001173883,0.0,0.0,0.0,0.0,-0.001827565529133976
ml1m,neumf,weighted_neumf,2,legacy_a0.1,legacy,semi_mainstream,0.6503581018191822,0.0193788510014167,0.7743377394119234,0.7999190720258968,0.8999190720258968,0.8999190720258968,0.8999190720258968,0.10735665735542353,1510,0.01429895472499676,0.0,0.0,0.0,0.0,-0.004734151484709209
ml1m,neumf,weighted_neumf,2,legacy_a0.1,legacy,mainstream,0.6503581018191822,0.0193788510014167,0.8450726503974003,0.8999190720258968,0.8999190720258968,0.8999190720258968,0.8999190720258968,0.08459448776322359,1511,0.007145745514817392,0.0,0.0,0.0,0.0,-0.005212002932757545
ml1m,neumf,weighted_neumf,2,legacy_a0.2,legacy,niche,0.6320137309582552,0.0377232218623437,0.5700786558412317,0.6000269759913677,0.7000269759913677,0.7000269759913677,0.7999190720258968,0.1449709861617995,1509,0.06194879996167224,0.09999999999999998,0.0,0.0998920960345292,0.0,-0.01317520507290848
ml1m,neumf,weighted_neumf,2,legacy_a0.2,legacy,semi_niche,0.6320137309582552,0.0377232218623437,0.6841080861873993,0.7000269759913677,0.7000269759913677,0.7999190720258968,0.8999190720258968,0.1214277873519995,1510,0.04991658880549943,0.0,0.0998920960345292,0.09999999999999998,0.0,-0.009032813520219549
ml1m,neumf,weighted_neumf,2,legacy_a0.2,legacy,semi_mainstream,0.6320137309582552,0.0377232218623437,0.7536167122519236,0.7000269759913677,0.8999190720258968,0.8999190720258968,0.8999190720258968,0.1132300684670128,1510,0.035019981884996554,0.0998920960345292,0.0,0.0,0.0,-0.010607562596298484
ml1m,neumf,weighted_neumf,2,legacy_a0.2,legacy,mainstream,0.6320137309582552,0.0377232218623437,0.8340899227086964,0.8999190720258968,0.8999190720258968,0.8999190720258968,0.8999190720258968,0.09069193844102477,1511,0.01812847320352129,0.0,0.0,0.0,0.0,-0.011309453610558726
ml1m,neumf,weighted_neumf,2,legacy_a0.4,legacy,niche,0.6024110819516326,0.0673258708689663,0.5168035041258607,0.5000269759913677,0.6000269759913677,0.7000269759913677,0.7000269759913677,0.15925864954084334,1509,0.11522395167704325,0.19999999999999996,0.09999999999999998,0.0998920960345292,0.0998920960345292,-0.027462868451952338
ml1m,neumf,weighted_neumf,2,legacy_a0.4,legacy,semi_niche,0.6024110819516326,0.0673258708689663,0.6560991823237583,0.7000269759913677,0.7000269759913677,0.7999190720258968,0.8999190720258968,0.1384971126743893,1510,0.0779254926691404,0.0,0.0998920960345292,0.09999999999999998,0.0,-0.026102138842609354
ml1m,neumf,weighted_neumf,2,legacy_a0.4,legacy,semi_mainstream,0.6024110819516326,0.0673258708689663,0.7347476136966576,0.7000269759913677,0.7999190720258968,0.8999190720258968,0.8999190720258968,0.12236266769694214,1510,0.05388908044026253,0.0998920960345292,0.09999999999999998,0.0,0.0,-0.019740161826227814
ml1m,neumf,weighted_neumf,2,legacy_a0.4,legacy,mainstream,0.6024110819516326,0.0673258708689663,0.8297243289342771,0.8999190720258968,0.8999190720258968,0.8999190720258968,0.8999190720258968,0.09649201659009714,1511,0.022494066977940652,0.0,0.0,0.0,0.0,-0.01710953175963109
ml1m,neumf,weighted_neumf,2,legacy_a0.8,legacy,niche,0.4126759826138842,0.2570609702067147,0.33802116712547303,0.3001348799568384,0.4001348799568384,0.5001348799568384,0.6000269759913677,0.1517884021841653,1509,0.29400628867743095,0.39989209603452924,0.29989209603452927,0.2997841920690585,0.19989209603452918,-0.019992621095274304
ml1m,neumf,weighted_neumf,2,legacy_a0.8,legacy,semi_niche,0.4126759826138842,0.2570609702067147,0.47586693868946706,0.5000269759913676,0.6000269759913677,0.7000269759913677,0.7000269759913677,0.1780171615551859,1510,0.25815773630343164,0.20000000000000007,0.19989209603452918,0.19989209603452918,0.19989209603452918,-0.06562218772340596
ml1m,neumf,weighted_neumf,2,legacy_a0.8,legacy,semi_mainstream,0.4126759826138842,0.2570609702067147,0.5761733037728872,0.6000269759913677,0.7000269759913677,0.7999190720258968,0.8999190720258968,0.1785618507914456,1510,0.21246339036403294,0.19989209603452918,0.19989209603452918,0.09999999999999998,0.0,-0.07593934492073127
ml1m,neumf,weighted_neumf,2,legacy_a0.8,legacy,mainstream,0.4126759826138842,0.2570609702067147,0.7256538642884471,0.7000269759913677,0.8999190720258968,0.8999190720258968,0.8999190720258968,0.15712319974602726,1511,0.12656453162377057,0.19989209603452918,0.0,0.0,0.0,-0.07774071491556121
ml1m,ngcf,weighted_ngcf,0,baseline,baseline,niche,0.6685534660575929,0.0,0.6411750698935601,0.7000269759913677,0.7000269759913677,0.7999190720258968,0.7999190720258968,0.12200674698402242,1509,0.0,0.0,0.0,0.0,0.0,0.0
ml1m,ngcf,weighted_ngcf,0,baseline,baseline,semi_niche,0.6685534660575929,0.0,0.7314460024617824,0.7000269759913677,0.7999190720258968,0.8999190720258968,0.8999190720258968,0.10636132239752741,1510,0.0,0.0,0.0,0.0,0.0,0.0
ml1m,ngcf,weighted_ngcf,0,baseline,baseline,semi_mainstream,0.6685534660575929,0.0,0.7912862367062851,0.7999190720258968,0.8999190720258968,0.8999190720258968,0.8999190720258968,0.0977992975501858,1510,0.0,0.0,0.0,0.0,0.0,0.0
ml1m,ngcf,weighted_ngcf,0,baseline,baseline,mainstream,0.6685534660575929,0.0,0.8544009696360312,0.8999190720258968,0.8999190720258968,0.8999190720258968,0.8999190720258968,0.07553110878195303,1511,0.0,0.0,0.0,0.0,0.0,0.0
ml1m,ngcf,weighted_ngcf,0,kl_lam0.1,kl,niche,0.679422383284175,-0.0108689172265821,0.6511127462363666,0.7000269759913677,0.7000269759913677,0.7999190720258968,0.7999190720258968,0.12035440400177852,1509,-0.009937676342806512,0.0,0.0,0.0,0.0,0.0016523429822438984
ml1m,ngcf,weighted_ngcf,0,kl_lam0.1,kl,semi_niche,0.679422383284175,-0.0108689172265821,0.7457449929165691,0.7000269759913677,0.7999190720258968,0.8999190720258968,0.8999190720258968,0.10201289862933868,1510,-0.014298990454786775,0.0,0.0,0.0,0.0,0.004348423768188725
ml1m,ngcf,weighted_ngcf,0,kl_lam0.1,kl,semi_mainstream,0.679422383284175,-0.0108689172265821,0.8022750943713074,0.7999190720258968,0.8999190720258968,0.8999190720258968,0.8999190720258968,0.09652442536837769,1510,-0.010988857665022334,0.0,0.0,0.0,0.0,0.0012748721818081066
ml1m,ngcf,weighted_ngcf,0,kl_lam0.1,kl,mainstream,0.679422383284175,-0.0108689172265821,0.8596940304862621,0.8999190720258968,0.8999190720258968,0.8999190720258968,0.8999190720258968,0.0721555251293031,1511,-0.005293060850230957,0.0,0.0,0.0,0.0,0.0033755836526499355
ml1m,ngcf,weighted_ngcf,0,kl_lam0.5,kl,niche,0.6703581018191822,-0.0018046357615892,0.6455482195398778,0.7000269759913677,0.7000269759913677,0.7999190720258968,0.7999190720258968,0.12110051391359618,1509,-0.004373149646317742,0.0,0.0,0.0,0.0,0.0009062330704262406
ml1m,ngcf,weighted_ngcf,0,kl_lam0.5,kl,semi_niche,0.6703581018191822,-0.0018046357615892,0.7383302039992353,0.7000269759913677,0.7999190720258968,0.8999190720258968,0.8999190720258968,0.10445705408538426,1510,-0.00688420153745295,0.0,0.0,0.0,0.0,0.0019042683121431453
ml1m,ngcf,weighted_ngcf,0,kl_lam0.5,kl,semi_mainstream,0.6703581018191822,-0.0018046357615892,0.7943317904019064,0.7999190720258968,0.8999190720258968,0.8999190720258968,0.8999190720258968,0.09514365935517784,1510,-0.003045553695621317,0.0,0.0,0.0,0.0,0.002655638195007956
ml1m,ngcf,weighted_ngcf,0,kl_lam0.5,kl,mainstream,0.6703581018191822,-0.0018046357615892,0.8544011660198201,0.8999190720258968,0.8999190720258968,0.8999190720258968,0.8999190720258968,0.07482676005249045,1511,-1.9638378889741404e-07,0.0,0.0,0.0,0.0,0.0007043487294625811
ml1m,ngcf,weighted_ngcf,0,kl_lam2.0,kl,niche,0.6813098005027182,-0.0127563344451252,0.6636352016486639,0.7000269759913677,0.7000269759913677,0.7999190720258968,0.7999190720258968,0.11455057931394305,1509,-0.02246013175510375,0.0,0.0,0.0,0.0,0.007456167670079367
ml1m,ngcf,weighted_ngcf,0,kl_lam2.0,kl,semi_niche,0.6813098005027182,-0.0127563344451252,0.7420381879994354,0.7000269759913677,0.7999190720258968,0.8999190720258968,0.8999190720258968,0.09848663792204247,1510,-0.010592185537653065,0.0,0.0,0.0,0.0,0.007874684475484936
ml1m,ngcf,weighted_ngcf,0,kl_lam2.0,kl,semi_mainstream,0.6813098005027182,-0.0127563344451252,0.8024740914361053,0.7999190720258968,0.8999190720258968,0.8999190720258968,0.8999190720258968,0.09391247174163596,1510,-0.011187854729820201,0.0,0.0,0.0,0.0,0.0038868258085498347
ml1m,ngcf,weighted_ngcf,0,kl_lam2.0,kl,mainstream,0.6813098005027182,-0.0127563344451252,0.8589665356667773,0.8999190720258968,0.8999190720258968,0.8999190720258968,0.8999190720258968,0.07270597450493271,1511,-0.004565566030746093,0.0,0.0,0.0,0.0,0.0028251342770203164
ml1m,ngcf,weighted_ngcf,0,kl_lam8.0,kl,niche,0.6656230024814339,0.002930463576159,0.6301769278225083,0.7000269759913677,0.7000269759913677,0.7000269759913677,0.7999190720258968,0.12261590595945153,1509,0.010998142071051764,0.0,0.0,0.0998920960345292,0.0,-0.000609158975429111
ml1m,ngcf,weighted_ngcf,0,kl_lam8.0,kl,semi_niche,0.6656230024814339,0.002930463576159,0.7253555918014425,0.7000269759913677,0.7999190720258968,0.8999190720258968,0.8999190720258968,0.10385190520279557,1510,0.006090410660339884,0.0,0.0,0.0,0.0,0.0025094171947318417
ml1m,ngcf,weighted_ngcf,0,kl_lam8.0,kl,semi_mainstream,0.6656230024814339,0.002930463576159,0.7855933735531669,0.7999190720258968,0.8999190720258968,0.8999190720258968,0.8999190720258968,0.09941659276865639,1510,0.005692863153118122,0.0,0.0,0.0,0.0,-0.0016172952184705935
ml1m,ngcf,weighted_ngcf,0,kl_lam8.0,kl,mainstream,0.6656230024814339,0.002930463576159,0.8547312871689794,0.8999190720258968,0.8999190720258968,0.8999190720258968,0.8999190720258968,0.07454195158168694,1511,-0.00033031753294821,0.0,0.0,0.0,0.0,0.0009891572002660859
ml1m,ngcf,weighted_ngcf,0,legacy_a0.1,legacy,niche,0.6816409263305327,-0.0130874602729398,0.6568104724767124,0.7000269759913677,0.7000269759913677,0.7999190720258968,0.799919072025897,0.11794277783854161,1509,-0.015635402583152325,0.0,0.0,0.0,-1.1102230246251565e-16,0.0040639691454808086
ml1m,ngcf,weighted_ngcf,0,legacy_a0.1,legacy,semi_niche,0.6816409263305327,-0.0130874602729398,0.7436931561373954,0.7000269759913677,0.7999190720258968,0.8999190720258968,0.8999190720258968,0.09907514686395419,1510,-0.01224715367561302,0.0,0.0,0.0,0.0,0.007286175533573219
ml1m,ngcf,weighted_ngcf,0,legacy_a0.1,legacy,semi_mainstream,0.6816409263305327,-0.0130874602729398,0.8019435397860142,0.7999190720258968,0.8999190720258968,0.8999190720258968,0.8999190720258968,0.09406635506151588,1510,-0.010657303079729119,0.0,0.0,0.0,0.0,0.003732942488669913
ml1m,ngcf,weighted_ngcf,0,legacy_a0.1,legacy,mainstream,0.6816409263305327,-0.0130874602729398,0.8605535309180388,0.8999190720258968,0.8999190720258968,0.8999190720258968,0.8999190720258968,0.07120399208661003,1511,-0.006152561282007585,0.0,0.0,0.0,0.0,0.004327116695342997
ml1m,ngcf,weighted_ngcf,0,legacy_a0.2,legacy,niche,0.6803329793106652,-0.0117795132530722,0.6523715722033235,0.7000269759913677,0.7000269759913677,0.7999190720258968,0.799919072025897,0.11995223238896101,1509,-0.011196502309763434,0.0,0.0,0.0,-1.1102230246251565e-16,0.00205451459506141
ml1m,ngcf,weighted_ngcf,0,legacy_a0.2,legacy,semi_niche,0.6803329793106652,-0.0117795132530722,0.7432962160366015,0.7000269759913677,0.7999190720258968,0.8999190720258968,0.8999190720258968,0.10090324601014765,1510,-0.01185021357481908,0.0,0.0,0.0,0.0,0.005458076387379759
ml1m,ngcf,weighted_ngcf,0,legacy_a0.2,legacy,semi_mainstream,0.6803329793106652,-0.0117795132530722,0.8019432003530101,0.7999190720258968,0.8999190720258968,0.8999190720258968,0.8999190720258968,0.09392604104739999,1510,-0.010656963646725082,0.0,0.0,0.0,0.0,0.0038732565027858046
ml1m,ngcf,weighted_ngcf,0,legacy_a0.2,legacy,mainstream,0.6803329793106652,-0.0117795132530722,0.861413888297258,0.8999190720258968,0.8999190720258968,0.8999190720258968,0.8999190720258968,0.06956479381275846,1511,-0.007012918661226775,0.0,0.0,0.0,0.0,0.005966314969194572
ml1m,ngcf,weighted_ngcf,0,legacy_a0.4,legacy,niche,0.6755647673901353,-0.0070113013325423,0.6526373456053536,0.7000269759913677,0.7000269759913677,0.7999190720258968,0.7999190720258968,0.11732309444040923,1509,-0.01146227571179348,0.0,0.0,0.0,0.0,0.004683652543613193
ml1m,ngcf,weighted_ngcf,0,legacy_a0.4,legacy,semi_niche,0.6755647673901353,-0.0070113013325423,0.7388612558663848,0.7000269759913677,0.7999190720258968,0.8999190720258968,0.8999190720258968,0.10004921643114183,1510,-0.007415253404602473,0.0,0.0,0.0,0.0,0.006312105966385581
ml1m,ngcf,weighted_ngcf,0,legacy_a0.4,legacy,semi_mainstream,0.6755647673901353,-0.0070113013325423,0.7978392230914486,0.7999190720258968,0.8999190720258968,0.8999190720258968,0.8999190720258968,0.09483416378798694,1510,-0.006552986385163551,0.0,0.0,0.0,0.0,0.0029651337621988544
ml1m,ngcf,weighted_ngcf,0,legacy_a0.4,legacy,mainstream,0.6755647673901353,-0.0070113013325423,0.8596944589599835,0.8999190720258968,0.8999190720258968,0.8999190720258968,0.8999190720258968,0.07206309398016024,1511,-0.0052934893239523495,0.0,0.0,0.0,0.0,0.0034680148017927903
ml1m,ngcf,weighted_ngcf,0,legacy_a0.8,legacy,niche,0.6706892276469968,-0.0021357615894038,0.6468730285314461,0.7000269759913677,0.7000269759913677,0.7999190720258968,0.7999190720258968,0.1205926771465273,1509,-0.005697958637886025,0.0,0.0,0.0,0.0,0.0014140698374951188
ml1m,ngcf,weighted_ngcf,0,legacy_a0.8,legacy,semi_niche,0.6706892276469968,-0.0021357615894038,0.741178082632285,0.7000269759913677,0.7999190720258968,0.8999190720258968,0.8999190720258968,0.10333509311566351,1510,-0.009732080170502644,0.0,0.0,0.0,0.0,0.0030262292818638986
ml1m,ngcf,weighted_ngcf,0,legacy_a0.8,legacy,semi_mainstream,0.6706892276469968,-0.0021357615894038,0.7977734445482594,0.7999190720258968,0.8999190720258968,0.8999190720258968,0.8999190720258968,0.0970063984327372,1510,-0.0064872078419743184,0.0,0.0,0.0,0.0,0.0007928991174485922
ml1m,ngcf,weighted_ngcf,0,legacy_a0.8,legacy,mainstream,0.6706892276469968,-0.0021357615894038,0.8548644353778612,0.8999190720258968,0.8999190720258968,0.8999190720258968,0.8999190720258968,0.07488599892645481,1511,-0.00046346574182998257,0.0,0.0,0.0,0.0,0.0006451098554982188
ml1m,ngcf,weighted_ngcf,1,baseline,baseline,niche,0.665556777315871,0.0,0.6361391403400477,0.7000269759913677,0.7000269759913677,0.7999190720258968,0.7999190720258968,0.12497668763030903,1509,0.0,0.0,0.0,0.0,0.0,0.0
ml1m,ngcf,weighted_ngcf,1,baseline,baseline,semi_niche,0.665556777315871,0.0,0.7246265611685071,0.7000269759913677,0.7999190720258968,0.8999190720258968,0.8999190720258968,0.10841945328015681,1510,0.0,0.0,0.0,0.0,0.0,0.0
ml1m,ngcf,weighted_ngcf,1,baseline,baseline,semi_mainstream,0.665556777315871,0.0,0.7848000114335327,0.7999190720258968,0.8999190720258968,0.8999190720258968,0.8999190720258968,0.09768462374014944,1510,0.0,0.0,0.0,0.0,0.0,0.0
ml1m,ngcf,weighted_ngcf,1,baseline,baseline,mainstream,0.665556777315871,0.0,0.8502327594225388,0.8999190720258968,0.8999190720258968,0.8999190720258968,0.8999190720258968,0.07807137010616814,1511,0.0,0.0,0.0,0.0,0.0,0.0
ml1m,ngcf,weighted_ngcf,1,kl_lam0.1,kl,niche,0.6650104196999769,0.0005463576158941,0.6301118386345894,0.7000269759913677,0.7000269759913677,0.7001079039654707,0.7999190720258968,0.12485076423438238,1509,0.006027301705458288,0.0,0.0,0.09981116806042611,0.0,0.00012592339592665258
ml1m,ngcf,weighted_ngcf,1,kl_lam0.1,kl,semi_niche,0.6650104196999769,0.0005463576158941,0.7224428993295303,0.7000269759913677,0.7999190720258968,0.8999190720258968,0.8999190720258968,0.1047732041545945,1510,0.0021836618389767803,0.0,0.0,0.0,0.0,0.0036462491255623147
ml1m,ngcf,weighted_ngcf,1,kl_lam0.1,kl,semi_mainstream,0.6650104196999769,0.0005463576158941,0.7804965190252198,0.7999190720258968,0.8999190720258968,0.8999190720258968,0.8999190720258968,0.09537039486131701,1510,0.004303492408312959,0.0,0.0,0.0,0.0,0.002314228878832425
ml1m,ngcf,weighted_ngcf,1,kl_lam0.1,kl,mainstream,0.6650104196999769,0.0005463576158941,0.8473880509748044,0.8999190720258968,0.8999190720258968,0.8999190720258968,0.8999190720258968,0.07978989227496094,1511,0.002844708447734434,0.0,0.0,0.0,0.0,-0.0017185221687927993
ml1m,ngcf,weighted_ngcf,1,kl_lam0.5,kl,niche,0.665854790560904,-0.0002980132450329,0.6333582892537769,0.7000269759913677,0.7000269759913677,0.7000269759913677,0.7999190720258968,0.12096923914820056,1509,0.002780851086270797,0.0,0.0,0.0998920960345292,0.0,0.004007448482108475
ml1m,ngcf,weighted_ngcf,1,kl_lam0.5,kl,semi_niche,0.665854790560904,-0.0002980132450329,0.723701088150751,0.7000269759913677,0.7999190720258968,0.8999190720258968,0.8999190720258968,0.10280300969472336,1510,0.0009254730177561399,0.0,0.0,0.0,0.0,0.0056164435854334505
ml1m,ngcf,weighted_ngcf,1,kl_lam0.5,kl,semi_mainstream,0.665854790560904,-0.0002980132450329,0.7844018386549878,0.7999190720258968,0.8999190720258968,0.8999190720258968,0.8999190720258968,0.09666911309283437,1510,0.00039817277854492517,0.0,0.0,0.0,0.0,0.0010155106473150738
ml1m,ngcf,weighted_ngcf,1,kl_lam0.5,kl,mainstream,0.665854790560904,-0.0002980132450329,0.8483144111601694,0.8999190720258968,0.8999190720258968,0.8999190720258968,0.8999190720258968,0.07981427639639777,1511,0.0019183482623694736,0.0,0.0,0.0,0.0,-0.0017429062902296205
ml1m,ngcf,weighted_ngcf,1,kl_lam2.0,kl,niche,0.6668150554615663,-0.0012582781456952,0.6398501178881213,0.7000269759913677,0.7000269759913677,0.7999190720258968,0.7999190720258968,0.12304052755200241,1509,-0.0037109775480735907,0.0,0.0,0.0,0.0,0.0019361600783066174
ml1m,ngcf,weighted_ngcf,1,kl_lam2.0,kl,semi_niche,0.6668150554615663,-0.0012582781456952,0.7250899944082879,0.7000269759913677,0.7999190720258968,0.8999190720258968,0.8999190720258968,0.10816071039705888,1510,-0.0004634332397808194,0.0,0.0,0.0,0.0,0.00025874288309793436
ml1m,ngcf,weighted_ngcf,1,kl_lam2.0,kl,semi_mainstream,0.6668150554615663,-0.0012582781456952,0.7887054739824602,0.7999190720258968,0.8999190720258968,0.8999190720258968,0.8999190720258968,0.09668366765799054,1510,-0.0039054625489274297,0.0,0.0,0.0,0.0,0.001000956082158902
ml1m,ngcf,weighted_ngcf,1,kl_lam2.0,kl,mainstream,0.6668150554615663,-0.0012582781456952,0.8530110187373343,0.8999190720258968,0.8999190720258968,0.8999190720258968,0.8999190720258968,0.07638461364421617,1511,-0.0027782593147954726,0.0,0.0,0.0,0.0,0.0016867564619519743
ml1m,ngcf,weighted_ngcf,1,kl_lam8.0,kl,niche,0.6659044594350763,-0.0003476821192052,0.6378614921387957,0.7000269759913677,0.7000269759913677,0.7999190720258968,0.7999190720258968,0.12355902038660743,1509,-0.001722351798748023,0.0,0.0,0.0,0.0,0.001417667243701598
ml1m,ngcf,weighted_ngcf,1,kl_lam8.0,kl,semi_niche,0.6659044594350763,-0.0003476821192052,0.7225745993350687,0.7000269759913677,0.7999190720258968,0.8999190720258968,0.8999190720258968,0.10736610068416877,1510,0.002051961833438365,0.0,0.0,0.0,0.0,0.001053352595988044
ml1m,ngcf,weighted_ngcf,1,kl_lam8.0,kl,semi_mainstream,0.6659044594350763,-0.0003476821192052,0.7836084586704587,0.7999190720258968,0.8999190720258968,0.8999190720258968,0.8999190720258968,0.09735596955487971,1510,0.001191552763074033,0.0,0.0,0.0,0.0,0.0003286541852697278
ml1m,ngcf,weighted_ngcf,1,kl_lam8.0,kl,mainstream,0.6659044594350763,-0.0003476821192052,0.8482487832685295,0.8999190720258968,0.8999190720258968,0.8999190720258968,0.8999190720258968,0.08080082318043533,1511,0.0019839761540093592,0.0,0.0,0.0,0.0,-0.0027294530742671824
ml1m,ngcf,weighted_ngcf,1,legacy_a0.1,legacy,niche,0.6667819428787849,-0.0012251655629138,0.6370665137848389,0.7000269759913677,0.7000269759913677,0.7999190720258968,0.7999190720258968,0.1242266336639248,1509,-0.000927373444791213,0.0,0.0,0.0,0.0,0.000750053966384237
ml1m,ngcf,weighted_ngcf,1,legacy_a0.1,legacy,semi_niche,0.6667819428787849,-0.0012251655629138,0.7229719145986562,0.7000269759913677,0.7999190720258968,0.8999190720258968,0.8999190720258968,0.10528880063872338,1510,0.001654646569850926,0.0,0.0,0.0,0.0,0.003130652641433432
ml1m,ngcf,weighted_ngcf,1,legacy_a0.1,legacy,semi_mainstream,0.6667819428787849,-0.0012251655629138,0.7852624263743017,0.7999190720258968,0.8999190720258968,0.8999190720258968,0.8999190720258968,0.09532183494440011,1510,-0.0004624149407689293,0.0,0.0,0.0,0.0,0.002362788795749332
ml1m,ngcf,weighted_ngcf,1,legacy_a0.1,legacy,mainstream,0.6667819428787849,-0.0012251655629138,0.8485125088439653,0.8999190720258968,0.8999190720258968,0.8999190720258968,0.8999190720258968,0.07906946193009408,1511,0.0017202505785735012,0.0,0.0,0.0,0.0,-0.000998091823925934
ml1m,ngcf,weighted_ngcf,1,legacy_a0.2,legacy,niche,0.6680898898986525,-0.0025331125827814,0.6372665186830639,0.7000269759913677,0.7000269759913677,0.7999190720258968,0.7999190720258968,0.12133400125534168,1509,-0.0011273783430162387,0.0,0.0,0.0,0.0,0.003642686374967355
ml1m,ngcf,weighted_ngcf,1,legacy_a0.2,legacy,semi_niche,0.6680898898986525,-0.0025331125827814,0.7247603692316487,0.7000269759913677,0.7999190720258968,0.8999190720258968,0.8999190720258968,0.10370820685181734,1510,-0.00013380806314156057,0.0,0.0,0.0,0.0,0.004711246428339477
ml1m,ngcf,weighted_ngcf,1,legacy_a0.2,legacy,semi_mainstream,0.6680898898986525,-0.0025331125827814,0.782879910389687,0.7999190720258968,0.8999190720258968,0.8999190720258968,0.8999190720258968,0.09513274664465425,1510,0.0019201010438457677,0.0,0.0,0.0,0.0,0.002551877095495189
ml1m,ngcf,weighted_ngcf,1,legacy_a0.2,legacy,mainstream,0.6680898898986525,-0.0025331125827814,0.8445443780052297,0.8999190720258968,0.8999190720258968,0.8999190720258968,0.8999190720258968,0.08298170485063529,1511,0.005688381417309096,0.0,0.0,0.0,0.0,-0.004910334744467143
ml1m,ngcf,weighted_ngcf,1,legacy_a0.4,legacy,niche,0.6657057839383875,-0.0001490066225164,0.6367364735246466,0.7000269759913677,0.7000269759913677,0.7001079039654707,0.7999190720258968,0.1217131643783366,1509,-0.0005973331845988694,0.0,0.0,0.09981116806042611,0.0,0.0032635232519724333
ml1m,ngcf,weighted_ngcf,1,legacy_a0.4,legacy,semi_niche,0.6657057839383875,-0.0001490066225164,0.7244293148634138,0.7000269759913677,0.7999190720258968,0.8999190720258968,0.8999190720258968,0.1086169319315386,1510,0.00019724630509332375,0.0,0.0,0.0,0.0,-0.00019747865138178278
ml1m,ngcf,weighted_ngcf,1,legacy_a0.4,legacy,semi_mainstream,0.6657057839383875,-0.0001490066225164,0.7851968622098516,0.7999190720258968,0.8999190720258968,0.8999190720258968,0.8999190720258968,0.09842094352188566,1510,-0.0003968507763189022,0.0,0.0,0.0,0.0,-0.0007363197817362166
ml1m,ngcf,weighted_ngcf,1,legacy_a0.4,legacy,mainstream,0.6657057839383875,-0.0001490066225164,0.8502324023611043,0.8999190720258968,0.8999190720258968,0.8999190720258968,0.8999190720258968,0.07807196584935422,1511,3.5706143453051453e-07,0.0,0.0,0.0,0.0,-5.95743186074249e-07
ml1m,ngcf,weighted_ngcf,1,legacy_a0.8,legacy,niche,0.673785254137063,-0.0082284768211919,0.6503849486481882,0.7000269759913677,0.7000269759913677,0.7999190720258968,0.7999190720258968,0.11875387223353528,1509,-0.014245808308140484,0.0,0.0,0.0,0.0,0.006222815396773745
ml1m,ngcf,weighted_ngcf,1,legacy_a0.8,legacy,semi_niche,0.673785254137063,-0.0082284768211919,0.7380015792567131,0.7000269759913677,0.7999190720258968,0.8999190720258968,0.8999190720258968,0.10041200345878812,1510,-0.013375018088205959,0.0,0.0,0.0,0.0,0.008007449821368695
ml1m,ngcf,weighted_ngcf,1,legacy_a0.8,legacy,semi_mainstream,0.673785254137063,-0.0082284768211919,0.7950606245209975,0.7999190720258968,0.8999190720258968,0.8999190720258968,0.8999190720258968,0.09452050755947121,1510,-0.010260613087464732,0.0,0.0,0.0,0.0,0.003164116180678231
ml1m,ngcf,weighted_ngcf,1,legacy_a0.8,legacy,mainstream,0.673785254137063,-0.0082284768211919,0.8583047937104341,0.8999190720258968,0.8999190720258968,0.8999190720258968,0.8999190720258968,0.0728760875234397,1511,-0.008072034287895269,0.0,0.0,0.0,0.0,0.005195282582728444
ml1m,ngcf,weighted_ngcf,2,baseline,baseline,niche,0.6639673733423611,0.0,0.625737169465895,0.7000269759913675,0.7000269759913677,0.7000269759913677,0.7999190720258968,0.12300568002579264,1509,0.0,0.0,0.0,0.0,0.0,0.0
ml1m,ngcf,weighted_ngcf,2,baseline,baseline,semi_niche,0.6639673733423611,0.0,0.7217154765371401,0.7000269759913677,0.7999190720258968,0.8999190720258968,0.8999190720258968,0.09918721517199103,1510,0.0,0.0,0.0,0.0,0.0,0.0
ml1m,ngcf,weighted_ngcf,2,baseline,baseline,semi_mainstream,0.6639673733423611,0.0,0.7779151846247568,0.7999190720258968,0.8999190720258968,0.8999190720258968,0.8999190720258968,0.09940750501022091,1510,0.0,0.0,0.0,0.0,0.0,0.0
ml1m,ngcf,weighted_ngcf,2,baseline,baseline,mainstream,0.6639673733423611,0.0,0.846727219525119,0.8999190720258968,0.8999190720258968,0.8999190720258968,0.8999190720258968,0.08213463817583443,1511,0.0,0.0,0.0,0.0,0.0,0.0
ml1m,ngcf,weighted_ngcf,2,kl_lam0.1,kl,niche,0.6736196912231558,-0.0096523178807946,0.6500542111953761,0.7000269759913677,0.7000269759913677,0.7999190720258968,0.7999190720258968,0.1179159320246586,1509,-0.024317041729481126,-1.1102230246251565e-16,0.0,-0.0998920960345292,0.0,0.005089748001134042
ml1m,ngcf,weighted_ngcf,2,kl_lam0.1,kl,semi_niche,0.6736196912231558,-0.0096523178807946,0.7388629887611947,0.7000269759913677,0.7999190720258968,0.8999190720258968,0.8999190720258968,0.09864990977628879,1510,-0.01714751222405464,0.0,0.0,0.0,0.0,0.0005373053957022367
ml1m,ngcf,weighted_ngcf,2,kl_lam0.1,kl,semi_mainstream,0.6736196912231558,-0.0096523178807946,0.7912209762450493,0.7999190720258968,0.8999190720258968,0.8999190720258968,0.8999190720258968,0.0957756699485627,1510,-0.01330579162029244,0.0,0.0,0.0,0.0,0.00363183506165822
ml1m,ngcf,weighted_ngcf,2,kl_lam0.1,kl,mainstream,0.6736196912231558,-0.0096523178807946,0.8578406852580224,0.8999190720258968,0.8999190720258968,0.8999190720258968,0.8999190720258968,0.07183243156512653,1511,-0.011113465732903394,0.0,0.0,0.0,0.0,0.010302206610707895
ml1m,ngcf,weighted_ngcf,2,kl_lam0.5,kl,niche,0.6676594263224935,-0.0036920529801324,0.6334240398808479,0.7000269759913677,0.7000269759913677,0.7001079039654707,0.7999190720258968,0.11937979686781204,1509,-0.007686870414952973,-1.1102230246251565e-16,0.0,-8.092797410308439e-05,0.0,0.0036258831579805972
ml1m,ngcf,weighted_ngcf,2,kl_lam0.5,kl,semi_niche,0.6676594263224935,-0.0036920529801324,0.7285340067207733,0.7000269759913677,0.7999190720258968,0.8999190720258968,0.8999190720258968,0.10224849632378524,1510,-0.006818530183633209,0.0,0.0,0.0,0.0,-0.003061281151794215
ml1m,ngcf,weighted_ngcf,2,kl_lam0.5,kl,semi_mainstream,0.6676594263224935,-0.0036920529801324,0.7856605634230567,0.7999190720258968,0.8999190720258968,0.8999190720258968,0.8999190720258968,0.09730594415358727,1510,-0.00774537879829984,0.0,0.0,0.0,0.0,0.0021015608566336413
ml1m,ngcf,weighted_ngcf,2,kl_lam0.5,kl,mainstream,0.6676594263224935,-0.0036920529801324,0.8540041494109288,0.8999190720258968,0.8999190720258968,0.8999190720258968,0.8999190720258968,0.07771134359604245,1511,-0.0072769298858098574,0.0,0.0,0.0,0.0,0.004423294579791973
ml1m,ngcf,weighted_ngcf,2,kl_lam2.0,kl,niche,0.6670965124152087,-0.0031291390728476,0.6338879947542513,0.7000269759913677,0.7000269759913677,0.7000269759913677,0.7999190720258968,0.11977759113176037,1509,-0.008150825288356311,-1.1102230246251565e-16,0.0,0.0,0.0,0.003228088894032269
ml1m,ngcf,weighted_ngcf,2,kl_lam2.0,kl,semi_niche,0.6670965124152087,-0.0031291390728476,0.7246278831707329,0.7000269759913677,0.7999190720258968,0.8999190720258968,0.8999190720258968,0.10109055295008265,1510,-0.0029124066335928234,0.0,0.0,0.0,0.0,-0.0019033377780916239
ml1m,ngcf,weighted_ngcf,2,kl_lam2.0,kl,semi_mainstream,0.6670965124152087,-0.0031291390728476,0.781556264593386,0.7999190720258968,0.8999190720258968,0.8999190720258968,0.8999190720258968,0.0988485429630503,1510,-0.0036410799686291684,0.0,0.0,0.0,0.0,0.0005589620471706108
ml1m,ngcf,weighted_ngcf,2,kl_lam2.0,kl,mainstream,0.6670965124152087,-0.0031291390728476,0.851953277797188,0.8999190720258968,0.8999190720258968,0.8999190720258968,0.8999190720258968,0.07930676446496132,1511,-0.005226058272069012,0.0,0.0,0.0,0.0,0.002827873710873105
ml1m,ngcf,weighted_ngcf,2,kl_lam8.0,kl,niche,0.6699276382430233,-0.0059602649006621,0.639651274977596,0.7000269759913677,0.7000269759913677,0.7999190720258968,0.7999190720258968,0.11914021041041307,1509,-0.013914105511701025,-1.1102230246251565e-16,0.0,-0.0998920960345292,0.0,0.003865469615379563
ml1m,ngcf,weighted_ngcf,2,kl_lam8.0,kl,semi_niche,0.6699276382430233,-0.0059602649006621,0.7301228568825401,0.7000269759913677,0.7999190720258968,0.8999190720258968,0.8999190720258968,0.0986206845365902,1510,-0.008407380345400006,0.0,0.0,0.0,0.0,0.0005665306354008248
ml1m,ngcf,weighted_ngcf,2,kl_lam8.0,kl,semi_mainstream,0.6699276382430233,-0.0059602649006621,0.7863219396988336,0.7999190720258968,0.8999190720258968,0.8999190720258968,0.8999190720258968,0.095894606544949,1510,-0.008406755074076733,0.0,0.0,0.0,0.0,0.0035128984652719186
ml1m,ngcf,weighted_ngcf,2,kl_lam8.0,kl,mainstream,0.6699276382430233,-0.0059602649006621,0.8530770036904083,0.8999190720258968,0.8999190720258968,0.8999190720258968,0.8999190720258968,0.07715753819144988,1511,-0.006349784165289307,0.0,0.0,0.0,0.0,0.004977099984384545
ml1m,ngcf,weighted_ngcf,2,legacy_a0.1,legacy,niche,0.6630898898986524,0.0008774834437087,0.622823798151653,0.7000269759913675,0.7000269759913677,0.7000269759913677,0.7999190720258968,0.12228571597116045,1509,0.0029133713142419637,0.0,0.0,0.0,0.0,0.0007199640546321912
ml1m,ngcf,weighted_ngcf,2,legacy_a0.1,legacy,semi_niche,0.6630898898986524,0.0008774834437087,0.7179425715087083,0.7000269759913677,0.7999190720258968,0.8999190720258968,0.8999190720258968,0.10109186031042963,1510,0.00377290502843175,0.0,0.0,0.0,0.0,-0.0019046451384386043
ml1m,ngcf,weighted_ngcf,2,legacy_a0.1,legacy,semi_mainstream,0.6630898898986524,0.0008774834437087,0.7755981434801171,0.7999190720258968,0.8999190720258968,0.8999190720258968,0.8999190720258968,0.10009616113186234,1510,0.0023170411446397088,0.0,0.0,0.0,0.0,-0.0006886561216414289
ml1m,ngcf,weighted_ngcf,2,legacy_a0.1,legacy,mainstream,0.6630898898986524,0.0008774834437087,0.8442130249941219,0.8999190720258968,0.8999190720258968,0.8999190720258968,0.8999190720258968,0.08118661801697936,1511,0.0025141945309971048,0.0,0.0,0.0,0.0,0.0009480201588550619
ml1m,ngcf,weighted_ngcf,2,legacy_a0.2,legacy,niche,0.6663349230112352,-0.002367549668874,0.6308402440317183,0.7000269759913677,0.7000269759913677,0.7000269759913677,0.7999190720258968,0.12059708668763386,1509,-0.005103074565823373,-1.1102230246251565e-16,0.0,0.0,0.0,0.0024085933381587793
ml1m,ngcf,weighted_ngcf,2,legacy_a0.2,legacy,semi_niche,0.6663349230112352,-0.002367549668874,0.7230397118749743,0.7000269759913677,0.7999190720258968,0.8999190720258968,0.8999190720258968,0.1013339063552558,1510,-0.001324235337834212,0.0,0.0,0.0,0.0,-0.0021466911832647706
ml1m,ngcf,weighted_ngcf,2,legacy_a0.2,legacy,semi_mainstream,0.6663349230112352,-0.002367549668874,0.7797694713956236,0.7999190720258968,0.8999190720258968,0.8999190720258968,0.8999190720258968,0.09846490504819615,1510,-0.001854286770866742,0.0,0.0,0.0,0.0,0.0009425999620247677
ml1m,ngcf,weighted_ngcf,2,legacy_a0.2,legacy,mainstream,0.6663349230112352,-0.002367549668874,0.8481165634193775,0.8999190720258968,0.8999190720258968,0.8999190720258968,0.8999190720258968,0.08063346485935978,1511,-0.001389343894258488,0.0,0.0,0.0,0.0,0.0015011733164746466
ml1m,ngcf,weighted_ngcf,2,legacy_a0.4,legacy,niche,0.6656561150642154,-0.0016887417218542,0.6311057850362085,0.7000269759913677,0.7000269759913677,0.7000269759913677,0.7999190720258968,0.12074877372464278,1509,-0.00536861557031354,-1.1102230246251565e-16,0.0,0.0,0.0,0.002256906301149858
ml1m,ngcf,weighted_ngcf,2,legacy_a0.4,legacy,semi_niche,0.6656561150642154,-0.0016887417218542,0.7213833324103138,0.7000269759913677,0.7999190720258968,0.8999190720258968,0.8999190720258968,0.10022138125892775,1510,0.0003321441268262504,0.0,0.0,0.0,0.0,-0.0010341660869367247
ml1m,ngcf,weighted_ngcf,2,legacy_a0.4,legacy,semi_mainstream,0.6656561150642154,-0.0016887417218542,0.7781812465051798,0.7999190720258968,0.8999190720258968,0.8999190720258968,0.8999190720258968,0.10111555344789155,1510,-0.0002660618804229964,0.0,0.0,0.0,0.0,-0.0017080484376706395
ml1m,ngcf,weighted_ngcf,2,legacy_a0.4,legacy,mainstream,0.6656561150642154,-0.0016887417218542,0.8487779126081426,0.8999190720258968,0.8999190720258968,0.8999190720258968,0.8999190720258968,0.08023507609329175,1511,-0.002050693083023636,0.0,0.0,0.0,0.0,0.0018995620825426746
ml1m,ngcf,weighted_ngcf,2,legacy_a0.8,legacy,niche,0.6618481680443478,0.0021192052980133,0.6185837407887894,0.6001079039654708,0.7000269759913677,0.7000269759913677,0.7999190720258968,0.1208817762019905,1509,0.0071534286771055555,0.09991907202589678,0.0,0.0,0.0,0.002123903823802134
ml1m,ngcf,weighted_ngcf,2,legacy_a0.8,legacy,semi_niche,0.6618481680443478,0.0021192052980133,0.7167514832329028,0.7000269759913677,0.7999190720258968,0.8999190720258968,0.8999190720258968,0.10050963540059925,1510,0.004963993304237246,0.0,0.0,0.0,0.0,-0.0013224202286082204
ml1m,ngcf,weighted_ngcf,2,legacy_a0.8,legacy,semi_mainstream,0.6618481680443478,0.0021192052980133,0.7739425679357292,0.7999190720258968,0.8999190720258968,0.8999190720258968,0.8999190720258968,0.09877793358987129,1510,0.003972616689027597,0.0,0.0,0.0,0.0,0.0006295714203496255
ml1m,ngcf,weighted_ngcf,2,legacy_a0.8,legacy,mainstream,0.6618481680443478,0.0021192052980133,0.8438162226220913,0.8999190720258968,0.8999190720258968,0.8999190720258968,0.8999190720258968,0.08285176075426048,1511,0.0029109969030276517,0.0,0.0,0.0,0.0,-0.0007171225784260576
